offer_id,title,shop_name,price_eur,brand,category_label,image_url,cluster_id,cluster_label,source_query
b00001,"Apple iPhone 17  256GB Blau Blue Nebelblau NEU nur E-SIM, kein Sim-Kartenschacht",ebay.de,769.00,Apple,Handys ohne Vertrag,https://cdn.billiger.com/dynimg/GmdYuIzaovEof0p75-xL_SEdnbDsJS3sahE8nUhH7Pc88MgR1b3VHcWvS03VxtgwHryi9Bk4NVkElBIl7TPat5DKJbrMpc13F7DeFlD3fRE/Apple-iPhone-17-256-GB-Nebelblau.webp?h=630&w=1200,5380810785,iPhone 17 256 GB Nebelblau,smartphone
b00002,iPhone 17,Moblify,799.99,Apple,Handys ohne Vertrag,https://cdn.billiger.com/dynimg/GmdYuIzaovEof0p75-xL_SEdnbDsJS3sahE8nUhH7Pc88MgR1b3VHcWvS03VxtgwHryi9Bk4NVkElBIl7TPat5DKJbrMpc13F7DeFlD3fRE/Apple-iPhone-17-256-GB-Nebelblau.webp?h=630&w=1200,5380810785,iPhone 17 256 GB Nebelblau,smartphone
b00003,"Apple iPhone 17 - 5G Smartphone - Dual-SIM / Interner Speicher 256 GB - OLED-Display - 6.3"" - 2622 x 1206 Pixel (120 Hz) - Blau",Kaufland.de,844.44,Apple,Handys ohne Vertrag,https://cdn.billiger.com/dynimg/GmdYuIzaovEof0p75-xL_SEdnbDsJS3sahE8nUhH7Pc88MgR1b3VHcWvS03VxtgwHryi9Bk4NVkElBIl7TPat5DKJbrMpc13F7DeFlD3fRE/Apple-iPhone-17-256-GB-Nebelblau.webp?h=630&w=1200,5380810785,iPhone 17 256 GB Nebelblau,smartphone
b00004,"Apple iPhone 17 256 GB: 6,3"" Display mit ProMotion, A19 Chip, Center Stage Frontkamera für Smarte Gruppenselfies, Verbesserte Kratzfestigkeit, Batterie für den ganzen Tag; Nebelblau",amazon.de,848.00,Apple,Handys ohne Vertrag,https://cdn.billiger.com/dynimg/GmdYuIzaovEof0p75-xL_SEdnbDsJS3sahE8nUhH7Pc88MgR1b3VHcWvS03VxtgwHryi9Bk4NVkElBIl7TPat5DKJbrMpc13F7DeFlD3fRE/Apple-iPhone-17-256-GB-Nebelblau.webp?h=630&w=1200,5380810785,iPhone 17 256 GB Nebelblau,smartphone
b00005,"Apple iPhone 17 256 GB: 6,3"" Display mit ProMotion, A19 Chip, Center Stage Frontkamera für Smarte Gruppenselfies, Verbesserte Kratzfestigkeit, Batterie für den ganzen Tag; Nebelblau",Amazon Marketplace CE,848.00,Apple,Handys ohne Vertrag,https://cdn.billiger.com/dynimg/GmdYuIzaovEof0p75-xL_SEdnbDsJS3sahE8nUhH7Pc88MgR1b3VHcWvS03VxtgwHryi9Bk4NVkElBIl7TPat5DKJbrMpc13F7DeFlD3fRE/Apple-iPhone-17-256-GB-Nebelblau.webp?h=630&w=1200,5380810785,iPhone 17 256 GB Nebelblau,smartphone
b00006,iPhone 17 256GB Nebelblau,Joybuy,848.00,Apple,Handys ohne Vertrag,https://cdn.billiger.com/dynimg/GmdYuIzaovEof0p75-xL_SEdnbDsJS3sahE8nUhH7Pc88MgR1b3VHcWvS03VxtgwHryi9Bk4NVkElBIl7TPat5DKJbrMpc13F7DeFlD3fRE/Apple-iPhone-17-256-GB-Nebelblau.webp?h=630&w=1200,5380810785,iPhone 17 256 GB Nebelblau,smartphone
b00007,"Apple iPhone 17 (256 GB, Mist Blue, 6.30"", Dual SIM, 5G), Smartphone, Blau",Galaxus.de,856.39,Apple,Handys ohne Vertrag,https://cdn.billiger.com/dynimg/GmdYuIzaovEof0p75-xL_SEdnbDsJS3sahE8nUhH7Pc88MgR1b3VHcWvS03VxtgwHryi9Bk4NVkElBIl7TPat5DKJbrMpc13F7DeFlD3fRE/Apple-iPhone-17-256-GB-Nebelblau.webp?h=630&w=1200,5380810785,iPhone 17 256 GB Nebelblau,smartphone
b00008,Apple iPhone 17 256GB Blau,coolblue,879.00,Apple,Handys ohne Vertrag,https://cdn.billiger.com/dynimg/GmdYuIzaovEof0p75-xL_SEdnbDsJS3sahE8nUhH7Pc88MgR1b3VHcWvS03VxtgwHryi9Bk4NVkElBIl7TPat5DKJbrMpc13F7DeFlD3fRE/Apple-iPhone-17-256-GB-Nebelblau.webp?h=630&w=1200,5380810785,iPhone 17 256 GB Nebelblau,smartphone
b00009,Apple iPhone 17 256GB Blau,Gomibo.de,900.00,Apple,Handys ohne Vertrag,https://cdn.billiger.com/dynimg/GmdYuIzaovEof0p75-xL_SEdnbDsJS3sahE8nUhH7Pc88MgR1b3VHcWvS03VxtgwHryi9Bk4NVkElBIl7TPat5DKJbrMpc13F7DeFlD3fRE/Apple-iPhone-17-256-GB-Nebelblau.webp?h=630&w=1200,5380810785,iPhone 17 256 GB Nebelblau,smartphone
b00010,Apple iPhone 17 256GB/8GB RAM Dual-SIM nebelblau,Electronis.de,908.88,Apple,Handys ohne Vertrag,https://cdn.billiger.com/dynimg/GmdYuIzaovEof0p75-xL_SEdnbDsJS3sahE8nUhH7Pc88MgR1b3VHcWvS03VxtgwHryi9Bk4NVkElBIl7TPat5DKJbrMpc13F7DeFlD3fRE/Apple-iPhone-17-256-GB-Nebelblau.webp?h=630&w=1200,5380810785,iPhone 17 256 GB Nebelblau,smartphone
b00011,Apple iPhone 17 256GB Weiß/White / differenzbesteuert / NEU,ebay.de,784.90,Apple,Handys ohne Vertrag,https://cdn.billiger.com/dynimg/yYnTIG4YAQJof0p75-xL_Qu61LZG4EHHKhE8nUhH7Pc88MgR1b3VHcWvS03VxtgwE_6fqdh9z8WLjrrsJwNUIGDcccN3OMLrAq472WZQUIL/Apple-iPhone-17-256-GB-Weiss.webp?h=630&w=1200,5380810032,iPhone 17 256 GB Weiß,smartphone
b00012,Apple iPhone 17 - 256 GB - Weiß,SparSmart24,793.00,Apple,Handys ohne Vertrag,https://cdn.billiger.com/dynimg/yYnTIG4YAQJof0p75-xL_Qu61LZG4EHHKhE8nUhH7Pc88MgR1b3VHcWvS03VxtgwE_6fqdh9z8WLjrrsJwNUIGDcccN3OMLrAq472WZQUIL/Apple-iPhone-17-256-GB-Weiss.webp?h=630&w=1200,5380810032,iPhone 17 256 GB Weiß,smartphone
b00013,iPhone 17,Moblify,819.99,Apple,Handys ohne Vertrag,https://cdn.billiger.com/dynimg/yYnTIG4YAQJof0p75-xL_Qu61LZG4EHHKhE8nUhH7Pc88MgR1b3VHcWvS03VxtgwE_6fqdh9z8WLjrrsJwNUIGDcccN3OMLrAq472WZQUIL/Apple-iPhone-17-256-GB-Weiss.webp?h=630&w=1200,5380810032,iPhone 17 256 GB Weiß,smartphone
b00014,Apple iPhone 17 256GB weiß | NEU | originalverpackt (OVP) | differenzbesteuert AN715355,asgoodasnew,839.00,Apple,Handys ohne Vertrag,https://cdn.billiger.com/dynimg/yYnTIG4YAQJof0p75-xL_Qu61LZG4EHHKhE8nUhH7Pc88MgR1b3VHcWvS03VxtgwE_6fqdh9z8WLjrrsJwNUIGDcccN3OMLrAq472WZQUIL/Apple-iPhone-17-256-GB-Weiss.webp?h=630&w=1200,5380810032,iPhone 17 256 GB Weiß,smartphone
b00015,"Apple iPhone 17 16 cm (6.3"") Dual-SIM iOS 26 5G USB Typ-C 256 GB Weiß - Weiß",Kaufland.de,847.08,Apple,Handys ohne Vertrag,https://cdn.billiger.com/dynimg/yYnTIG4YAQJof0p75-xL_Qu61LZG4EHHKhE8nUhH7Pc88MgR1b3VHcWvS03VxtgwE_6fqdh9z8WLjrrsJwNUIGDcccN3OMLrAq472WZQUIL/Apple-iPhone-17-256-GB-Weiss.webp?h=630&w=1200,5380810032,iPhone 17 256 GB Weiß,smartphone
b00016,iPhone 17 256GB Weiß,Joybuy,848.00,Apple,Handys ohne Vertrag,https://cdn.billiger.com/dynimg/yYnTIG4YAQJof0p75-xL_Qu61LZG4EHHKhE8nUhH7Pc88MgR1b3VHcWvS03VxtgwE_6fqdh9z8WLjrrsJwNUIGDcccN3OMLrAq472WZQUIL/Apple-iPhone-17-256-GB-Weiss.webp?h=630&w=1200,5380810032,iPhone 17 256 GB Weiß,smartphone
b00017,"Apple iPhone 17 256 GB: 6,3"" Display mit ProMotion, A19 Chip, Center Stage Frontkamera für Smarte Gruppenselfies, Verbesserte Kratzfestigkeit, Batterie für den ganzen Tag; Weiß",amazon.de,889.00,Apple,Handys ohne Vertrag,https://cdn.billiger.com/dynimg/yYnTIG4YAQJof0p75-xL_Qu61LZG4EHHKhE8nUhH7Pc88MgR1b3VHcWvS03VxtgwE_6fqdh9z8WLjrrsJwNUIGDcccN3OMLrAq472WZQUIL/Apple-iPhone-17-256-GB-Weiss.webp?h=630&w=1200,5380810032,iPhone 17 256 GB Weiß,smartphone
b00018,Apple iPhone 17 256GB Weiß,coolblue,889.00,Apple,Handys ohne Vertrag,https://cdn.billiger.com/dynimg/yYnTIG4YAQJof0p75-xL_Qu61LZG4EHHKhE8nUhH7Pc88MgR1b3VHcWvS03VxtgwE_6fqdh9z8WLjrrsJwNUIGDcccN3OMLrAq472WZQUIL/Apple-iPhone-17-256-GB-Weiss.webp?h=630&w=1200,5380810032,iPhone 17 256 GB Weiß,smartphone
b00019,"Apple iPhone 17 (256 GB, White, 6.30"", Dual SIM, 5G), Smartphone, Weiss",Galaxus.de,889.00,Apple,Handys ohne Vertrag,https://cdn.billiger.com/dynimg/yYnTIG4YAQJof0p75-xL_Qu61LZG4EHHKhE8nUhH7Pc88MgR1b3VHcWvS03VxtgwE_6fqdh9z8WLjrrsJwNUIGDcccN3OMLrAq472WZQUIL/Apple-iPhone-17-256-GB-Weiss.webp?h=630&w=1200,5380810032,iPhone 17 256 GB Weiß,smartphone
b00020,"Apple iPhone 17 256 GB: 6,3"" Display mit ProMotion, A19 Chip, Center Stage Frontkamera für Smarte Gruppenselfies, Verbesserte Kratzfestigkeit, Batterie für den ganzen Tag; Weiß",Amazon Marketplace CE,889.00,Apple,Handys ohne Vertrag,https://cdn.billiger.com/dynimg/yYnTIG4YAQJof0p75-xL_Qu61LZG4EHHKhE8nUhH7Pc88MgR1b3VHcWvS03VxtgwE_6fqdh9z8WLjrrsJwNUIGDcccN3OMLrAq472WZQUIL/Apple-iPhone-17-256-GB-Weiss.webp?h=630&w=1200,5380810032,iPhone 17 256 GB Weiß,smartphone
b00021,Apple iPhone 17 256GB Lavender Neu vom Händler ohne SIMlock + OVP,ebay.de,789.99,Apple,Handys ohne Vertrag,https://cdn.billiger.com/dynimg/RGwGOydfiatof0p75-xL_R53FTxWl1RCKhE8nUhH7Pc88MgR1b3VHcWvS03VxtgwE2TR-mkkXa_ApbpczWhbcvF_GHjcJOzMVU2F9wpmiL9/Apple-iPhone-17-256-GB-Lavendel.webp?h=630&w=1200,5380810522,iPhone 17 256 GB Lavendel,smartphone
b00022,iPhone 17,Moblify,819.99,Apple,Handys ohne Vertrag,https://cdn.billiger.com/dynimg/RGwGOydfiatof0p75-xL_R53FTxWl1RCKhE8nUhH7Pc88MgR1b3VHcWvS03VxtgwE2TR-mkkXa_ApbpczWhbcvF_GHjcJOzMVU2F9wpmiL9/Apple-iPhone-17-256-GB-Lavendel.webp?h=630&w=1200,5380810522,iPhone 17 256 GB Lavendel,smartphone
b00023,"Apple iPhone 17 16 cm (6.3"") Dual-SIM iOS 26 5G USB Typ-C 256 GB Lavendel - Violett",Kaufland.de,833.33,Apple,Handys ohne Vertrag,https://cdn.billiger.com/dynimg/RGwGOydfiatof0p75-xL_R53FTxWl1RCKhE8nUhH7Pc88MgR1b3VHcWvS03VxtgwE2TR-mkkXa_ApbpczWhbcvF_GHjcJOzMVU2F9wpmiL9/Apple-iPhone-17-256-GB-Lavendel.webp?h=630&w=1200,5380810522,iPhone 17 256 GB Lavendel,smartphone
b00024,Apple iPhone 17 256GB lavendel | Zustand: Neu & original versiegelt,buyzoxs,871.17,Apple,Handys ohne Vertrag,https://cdn.billiger.com/dynimg/RGwGOydfiatof0p75-xL_R53FTxWl1RCKhE8nUhH7Pc88MgR1b3VHcWvS03VxtgwE2TR-mkkXa_ApbpczWhbcvF_GHjcJOzMVU2F9wpmiL9/Apple-iPhone-17-256-GB-Lavendel.webp?h=630&w=1200,5380810522,iPhone 17 256 GB Lavendel,smartphone
b00025,Apple iPhone 17 256GB Violett,coolblue,879.00,Apple,Handys ohne Vertrag,https://cdn.billiger.com/dynimg/RGwGOydfiatof0p75-xL_R53FTxWl1RCKhE8nUhH7Pc88MgR1b3VHcWvS03VxtgwE2TR-mkkXa_ApbpczWhbcvF_GHjcJOzMVU2F9wpmiL9/Apple-iPhone-17-256-GB-Lavendel.webp?h=630&w=1200,5380810522,iPhone 17 256 GB Lavendel,smartphone
b00026,"Apple iPhone 17 Smartphone (15,9 cm/6,3 Zoll, 256 GB Speicherplatz, 48 MP Kamera) lila",OTTO,883.00,Apple,Handys ohne Vertrag,https://cdn.billiger.com/dynimg/RGwGOydfiatof0p75-xL_R53FTxWl1RCKhE8nUhH7Pc88MgR1b3VHcWvS03VxtgwE2TR-mkkXa_ApbpczWhbcvF_GHjcJOzMVU2F9wpmiL9/Apple-iPhone-17-256-GB-Lavendel.webp?h=630&w=1200,5380810522,iPhone 17 256 GB Lavendel,smartphone
b00027,"Apple iPhone 17 256 GB: 6,3"" Display mit ProMotion, A19 Chip, Center Stage Frontkamera für Smarte Gruppenselfies, Verbesserte Kratzfestigkeit, Batterie für den ganzen Tag; Lavendel",amazon.de,883.90,Apple,Handys ohne Vertrag,https://cdn.billiger.com/dynimg/RGwGOydfiatof0p75-xL_R53FTxWl1RCKhE8nUhH7Pc88MgR1b3VHcWvS03VxtgwE2TR-mkkXa_ApbpczWhbcvF_GHjcJOzMVU2F9wpmiL9/Apple-iPhone-17-256-GB-Lavendel.webp?h=630&w=1200,5380810522,iPhone 17 256 GB Lavendel,smartphone
b00028,"Apple iPhone 17 (256 GB, Lavender, 6.30"", Dual SIM, 5G), Smartphone, Violett",Galaxus.de,883.90,Apple,Handys ohne Vertrag,https://cdn.billiger.com/dynimg/RGwGOydfiatof0p75-xL_R53FTxWl1RCKhE8nUhH7Pc88MgR1b3VHcWvS03VxtgwE2TR-mkkXa_ApbpczWhbcvF_GHjcJOzMVU2F9wpmiL9/Apple-iPhone-17-256-GB-Lavendel.webp?h=630&w=1200,5380810522,iPhone 17 256 GB Lavendel,smartphone
b00029,"Apple iPhone 17 256 GB: 6,3"" Display mit ProMotion, A19 Chip, Center Stage Frontkamera für Smarte Gruppenselfies, Verbesserte Kratzfestigkeit, Batterie für den ganzen Tag; Lavendel",Amazon Marketplace CE,883.90,Apple,Handys ohne Vertrag,https://cdn.billiger.com/dynimg/RGwGOydfiatof0p75-xL_R53FTxWl1RCKhE8nUhH7Pc88MgR1b3VHcWvS03VxtgwE2TR-mkkXa_ApbpczWhbcvF_GHjcJOzMVU2F9wpmiL9/Apple-iPhone-17-256-GB-Lavendel.webp?h=630&w=1200,5380810522,iPhone 17 256 GB Lavendel,smartphone
b00030,Apple iPhone 17 256GB/8GB RAM Dual-SIM lavendel,Electronis.de,897.99,Apple,Handys ohne Vertrag,https://cdn.billiger.com/dynimg/RGwGOydfiatof0p75-xL_R53FTxWl1RCKhE8nUhH7Pc88MgR1b3VHcWvS03VxtgwE2TR-mkkXa_ApbpczWhbcvF_GHjcJOzMVU2F9wpmiL9/Apple-iPhone-17-256-GB-Lavendel.webp?h=630&w=1200,5380810522,iPhone 17 256 GB Lavendel,smartphone
b00031,"Smartphone Samsung Galaxy S26 ULTRA 5G 6,9” S948 12+256GB DualSim Sky Blue BLAU",ebay.de,889.99,Samsung,Handys ohne Vertrag,https://cdn.billiger.com/dynimg/h5dGN8AORueof0p75-xL_Q9djPfZgNWL6hE8nUhH7Pc88MgR1b3VHcWvS03VxtgwKvYJ5IKZCF-V6R-9ueE4btlZmiTR28qazV4YYYOB8Ks/Samsung-Galaxy-S26-Ultra-12-GB-RAM-256-GB-Sky-Blue.webp?h=630&w=1200,5566514778,Galaxy S26 Ultra 12 GB RAM 256 GB Sky Blue,smartphone
b00032,"Samsung Galaxy S26 Ultra - 5G Smartphone - Dual-SIM - RAM 12 GB / Interner Speicher 256 GB - OLED display - 6.9"" - 3120 x 1440 Pixel (120 Hz) - Blau",Kaufland.de,909.00,Samsung,Handys ohne Vertrag,https://cdn.billiger.com/dynimg/h5dGN8AORueof0p75-xL_Q9djPfZgNWL6hE8nUhH7Pc88MgR1b3VHcWvS03VxtgwKvYJ5IKZCF-V6R-9ueE4btlZmiTR28qazV4YYYOB8Ks/Samsung-Galaxy-S26-Ultra-12-GB-RAM-256-GB-Sky-Blue.webp?h=630&w=1200,5566514778,Galaxy S26 Ultra 12 GB RAM 256 GB Sky Blue,smartphone
b00033,Samsung Galaxy S26 Ultra 12 GB 256 GB SKY BLUE,Joybuy,914.00,Samsung,Handys ohne Vertrag,https://cdn.billiger.com/dynimg/h5dGN8AORueof0p75-xL_Q9djPfZgNWL6hE8nUhH7Pc88MgR1b3VHcWvS03VxtgwKvYJ5IKZCF-V6R-9ueE4btlZmiTR28qazV4YYYOB8Ks/Samsung-Galaxy-S26-Ultra-12-GB-RAM-256-GB-Sky-Blue.webp?h=630&w=1200,5566514778,Galaxy S26 Ultra 12 GB RAM 256 GB Sky Blue,smartphone
b00034,Samsung Galaxy S26 Ultra 256GB Hellblau,Gomibo.de,927.00,Samsung,Handys ohne Vertrag,https://cdn.billiger.com/dynimg/h5dGN8AORueof0p75-xL_Q9djPfZgNWL6hE8nUhH7Pc88MgR1b3VHcWvS03VxtgwKvYJ5IKZCF-V6R-9ueE4btlZmiTR28qazV4YYYOB8Ks/Samsung-Galaxy-S26-Ultra-12-GB-RAM-256-GB-Sky-Blue.webp?h=630&w=1200,5566514778,Galaxy S26 Ultra 12 GB RAM 256 GB Sky Blue,smartphone
b00035,Samsung Galaxy S26 Ultra 256GB Hellblau 5G,coolblue,929.00,Samsung,Handys ohne Vertrag,https://cdn.billiger.com/dynimg/h5dGN8AORueof0p75-xL_Q9djPfZgNWL6hE8nUhH7Pc88MgR1b3VHcWvS03VxtgwKvYJ5IKZCF-V6R-9ueE4btlZmiTR28qazV4YYYOB8Ks/Samsung-Galaxy-S26-Ultra-12-GB-RAM-256-GB-Sky-Blue.webp?h=630&w=1200,5566514778,Galaxy S26 Ultra 12 GB RAM 256 GB Sky Blue,smartphone
b00036,Samsung Galaxy S26 Ultra 256GB Sky Blue | NEU | originalverpackt (OVP) | differenzbesteuert AN728865,asgoodasnew,929.00,Samsung,Handys ohne Vertrag,https://cdn.billiger.com/dynimg/h5dGN8AORueof0p75-xL_Q9djPfZgNWL6hE8nUhH7Pc88MgR1b3VHcWvS03VxtgwKvYJ5IKZCF-V6R-9ueE4btlZmiTR28qazV4YYYOB8Ks/Samsung-Galaxy-S26-Ultra-12-GB-RAM-256-GB-Sky-Blue.webp?h=630&w=1200,5566514778,Galaxy S26 Ultra 12 GB RAM 256 GB Sky Blue,smartphone
b00037,"Samsung Galaxy S26 Ultra (256 GB, Blue, Sky Blue, 6.90"", Dual SIM, 5G), Smartphone, Blau",Galaxus.de,929.70,Samsung,Handys ohne Vertrag,https://cdn.billiger.com/dynimg/h5dGN8AORueof0p75-xL_Q9djPfZgNWL6hE8nUhH7Pc88MgR1b3VHcWvS03VxtgwKvYJ5IKZCF-V6R-9ueE4btlZmiTR28qazV4YYYOB8Ks/Samsung-Galaxy-S26-Ultra-12-GB-RAM-256-GB-Sky-Blue.webp?h=630&w=1200,5566514778,Galaxy S26 Ultra 12 GB RAM 256 GB Sky Blue,smartphone
b00038,"Samsung Galaxy S26 Ultra 256GB Sky Blue 17,49cm (6,9"") OLED Display, Android 16, 200MP Quad-Kamera",notebooksbilliger,929.99,Samsung,Handys ohne Vertrag,https://cdn.billiger.com/dynimg/h5dGN8AORueof0p75-xL_Q9djPfZgNWL6hE8nUhH7Pc88MgR1b3VHcWvS03VxtgwKvYJ5IKZCF-V6R-9ueE4btlZmiTR28qazV4YYYOB8Ks/Samsung-Galaxy-S26-Ultra-12-GB-RAM-256-GB-Sky-Blue.webp?h=630&w=1200,5566514778,Galaxy S26 Ultra 12 GB RAM 256 GB Sky Blue,smartphone
b00039,"Galaxy S26 Ultra 256GB, Handy - Sky Blue, Android, 12 GB",Alternate,960.00,Samsung,Handys ohne Vertrag,https://cdn.billiger.com/dynimg/h5dGN8AORueof0p75-xL_Q9djPfZgNWL6hE8nUhH7Pc88MgR1b3VHcWvS03VxtgwKvYJ5IKZCF-V6R-9ueE4btlZmiTR28qazV4YYYOB8Ks/Samsung-Galaxy-S26-Ultra-12-GB-RAM-256-GB-Sky-Blue.webp?h=630&w=1200,5566514778,Galaxy S26 Ultra 12 GB RAM 256 GB Sky Blue,smartphone
b00040,"Samsung Galaxy S26 Ultra 17,5 cm (6.9"") Dual-SIM Android 16.0 5G USB Typ-C 12 GB 256 GB 5000 mAh Blau",JB-Computer,974.22,Samsung,Handys ohne Vertrag,https://cdn.billiger.com/dynimg/h5dGN8AORueof0p75-xL_Q9djPfZgNWL6hE8nUhH7Pc88MgR1b3VHcWvS03VxtgwKvYJ5IKZCF-V6R-9ueE4btlZmiTR28qazV4YYYOB8Ks/Samsung-Galaxy-S26-Ultra-12-GB-RAM-256-GB-Sky-Blue.webp?h=630&w=1200,5566514778,Galaxy S26 Ultra 12 GB RAM 256 GB Sky Blue,smartphone
b00041,"Samsung Galaxy S26 Ultra 256 GB white -Neu, OVP- Blitzversand",ebay.de,899.00,Samsung,Handys ohne Vertrag,https://cdn.billiger.com/dynimg/dMmTUe5N3rVof0p75-xL_TFnz0tkYR9JqhE8nUhH7Pc88MgR1b3VHcWvS03VxtgwMo9uERb0h6Q0tWwQ61f4F7UJYeY4ikNz2bnLvFUGNFG/Samsung-Galaxy-S26-Ultra-12-GB-RAM-256-GB-White.webp?h=630&w=1200,5566514756,Galaxy S26 Ultra 12 GB RAM 256 GB White,smartphone
b00042,Samsung Galaxy S26 Ultra 256GB [Dual-Sim] weiß | Zustand: Neu & original versiegelt,buyzoxs,917.01,Samsung,Handys ohne Vertrag,https://cdn.billiger.com/dynimg/dMmTUe5N3rVof0p75-xL_TFnz0tkYR9JqhE8nUhH7Pc88MgR1b3VHcWvS03VxtgwMo9uERb0h6Q0tWwQ61f4F7UJYeY4ikNz2bnLvFUGNFG/Samsung-Galaxy-S26-Ultra-12-GB-RAM-256-GB-White.webp?h=630&w=1200,5566514756,Galaxy S26 Ultra 12 GB RAM 256 GB White,smartphone
b00043,Samsung Galaxy S26 Ultra 12 GB 256 GB Weiß,Joybuy,928.00,Samsung,Handys ohne Vertrag,https://cdn.billiger.com/dynimg/dMmTUe5N3rVof0p75-xL_TFnz0tkYR9JqhE8nUhH7Pc88MgR1b3VHcWvS03VxtgwMo9uERb0h6Q0tWwQ61f4F7UJYeY4ikNz2bnLvFUGNFG/Samsung-Galaxy-S26-Ultra-12-GB-RAM-256-GB-White.webp?h=630&w=1200,5566514756,Galaxy S26 Ultra 12 GB RAM 256 GB White,smartphone
b00044,Samsung Galaxy S26 Ultra 256GB white | NEU | originalverpackt (OVP) | differenzbesteuert AN729175,asgoodasnew,929.00,Samsung,Handys ohne Vertrag,https://cdn.billiger.com/dynimg/dMmTUe5N3rVof0p75-xL_TFnz0tkYR9JqhE8nUhH7Pc88MgR1b3VHcWvS03VxtgwMo9uERb0h6Q0tWwQ61f4F7UJYeY4ikNz2bnLvFUGNFG/Samsung-Galaxy-S26-Ultra-12-GB-RAM-256-GB-White.webp?h=630&w=1200,5566514756,Galaxy S26 Ultra 12 GB RAM 256 GB White,smartphone
b00045,"Samsung Galaxy S26 Ultra 256GB White EU 17,49cm (6,9"") OLED Display, Android 16, 200MP Quad-Kamera",notebooksbilliger,929.99,Samsung,Handys ohne Vertrag,https://cdn.billiger.com/dynimg/dMmTUe5N3rVof0p75-xL_TFnz0tkYR9JqhE8nUhH7Pc88MgR1b3VHcWvS03VxtgwMo9uERb0h6Q0tWwQ61f4F7UJYeY4ikNz2bnLvFUGNFG/Samsung-Galaxy-S26-Ultra-12-GB-RAM-256-GB-White.webp?h=630&w=1200,5566514756,Galaxy S26 Ultra 12 GB RAM 256 GB White,smartphone
b00046,Samsung Galaxy S26 Ultra 256GB Weiß,Gomibo.de,930.00,Samsung,Handys ohne Vertrag,https://cdn.billiger.com/dynimg/dMmTUe5N3rVof0p75-xL_TFnz0tkYR9JqhE8nUhH7Pc88MgR1b3VHcWvS03VxtgwMo9uERb0h6Q0tWwQ61f4F7UJYeY4ikNz2bnLvFUGNFG/Samsung-Galaxy-S26-Ultra-12-GB-RAM-256-GB-White.webp?h=630&w=1200,5566514756,Galaxy S26 Ultra 12 GB RAM 256 GB White,smartphone
b00047,"Samsung Galaxy S26 Ultra (256 GB, White, 6.90"", Dual SIM, 5G), Smartphone, Weiss",Galaxus.de,938.98,Samsung,Handys ohne Vertrag,https://cdn.billiger.com/dynimg/dMmTUe5N3rVof0p75-xL_TFnz0tkYR9JqhE8nUhH7Pc88MgR1b3VHcWvS03VxtgwMo9uERb0h6Q0tWwQ61f4F7UJYeY4ikNz2bnLvFUGNFG/Samsung-Galaxy-S26-Ultra-12-GB-RAM-256-GB-White.webp?h=630&w=1200,5566514756,Galaxy S26 Ultra 12 GB RAM 256 GB White,smartphone
b00048,Samsung Galaxy S26 Ultra 256GB Weiß 5G,coolblue,939.00,Samsung,Handys ohne Vertrag,https://cdn.billiger.com/dynimg/dMmTUe5N3rVof0p75-xL_TFnz0tkYR9JqhE8nUhH7Pc88MgR1b3VHcWvS03VxtgwMo9uERb0h6Q0tWwQ61f4F7UJYeY4ikNz2bnLvFUGNFG/Samsung-Galaxy-S26-Ultra-12-GB-RAM-256-GB-White.webp?h=630&w=1200,5566514756,Galaxy S26 Ultra 12 GB RAM 256 GB White,smartphone
b00049,"Samsung Smartphone Galaxy S26 Ultra, 256GB, 6,9 Zoll, 12GB RAM, 5G, Android 16, white",bueromarkt-ag.de,948.99,Samsung,Handys ohne Vertrag,https://cdn.billiger.com/dynimg/dMmTUe5N3rVof0p75-xL_TFnz0tkYR9JqhE8nUhH7Pc88MgR1b3VHcWvS03VxtgwMo9uERb0h6Q0tWwQ61f4F7UJYeY4ikNz2bnLvFUGNFG/Samsung-Galaxy-S26-Ultra-12-GB-RAM-256-GB-White.webp?h=630&w=1200,5566514756,Galaxy S26 Ultra 12 GB RAM 256 GB White,smartphone
b00050,"Galaxy S26 Ultra 256GB, Handy - White, Android, 12 GB",Alternate,949.00,Samsung,Handys ohne Vertrag,https://cdn.billiger.com/dynimg/dMmTUe5N3rVof0p75-xL_TFnz0tkYR9JqhE8nUhH7Pc88MgR1b3VHcWvS03VxtgwMo9uERb0h6Q0tWwQ61f4F7UJYeY4ikNz2bnLvFUGNFG/Samsung-Galaxy-S26-Ultra-12-GB-RAM-256-GB-White.webp?h=630&w=1200,5566514756,Galaxy S26 Ultra 12 GB RAM 256 GB White,smartphone
b00051,Samsung Galaxy S25 Ultra - 256 GB - Titanium Black (Ohne Simlock),ebay.de,899.00,Samsung,Handys ohne Vertrag,https://cdn.billiger.com/dynimg/qS7IzU32ruvof0p75-xL_QB5GPV6BRr2qhE8nUhH7Pc88MgR1b3VHcWvS03VxtgwLI8MHR8vGrEWIbL6mxSiqpQQK--haKgrGMnNQnufjtV/Samsung-Galaxy-S26-Ultra-256-GB-Black.webp?h=630&w=1200,5566514751,Galaxy S26 Ultra 256 GB Black,smartphone
b00052,Galaxy S26 Ultra - Black - 256 GB - Schwarz,Kaufland.de,909.00,Samsung,Handys ohne Vertrag,https://cdn.billiger.com/dynimg/qS7IzU32ruvof0p75-xL_QB5GPV6BRr2qhE8nUhH7Pc88MgR1b3VHcWvS03VxtgwLI8MHR8vGrEWIbL6mxSiqpQQK--haKgrGMnNQnufjtV/Samsung-Galaxy-S26-Ultra-256-GB-Black.webp?h=630&w=1200,5566514751,Galaxy S26 Ultra 256 GB Black,smartphone
b00053,Samsung Galaxy S26 Ultra 256GB Schwarz,Gomibo.de,920.00,Samsung,Handys ohne Vertrag,https://cdn.billiger.com/dynimg/qS7IzU32ruvof0p75-xL_QB5GPV6BRr2qhE8nUhH7Pc88MgR1b3VHcWvS03VxtgwLI8MHR8vGrEWIbL6mxSiqpQQK--haKgrGMnNQnufjtV/Samsung-Galaxy-S26-Ultra-256-GB-Black.webp?h=630&w=1200,5566514751,Galaxy S26 Ultra 256 GB Black,smartphone
b00054,Samsung Galaxy S26 Ultra 256GB black | NEU | originalverpackt (OVP) | differenzbesteuert AN728555,asgoodasnew,929.00,Samsung,Handys ohne Vertrag,https://cdn.billiger.com/dynimg/qS7IzU32ruvof0p75-xL_QB5GPV6BRr2qhE8nUhH7Pc88MgR1b3VHcWvS03VxtgwLI8MHR8vGrEWIbL6mxSiqpQQK--haKgrGMnNQnufjtV/Samsung-Galaxy-S26-Ultra-256-GB-Black.webp?h=630&w=1200,5566514751,Galaxy S26 Ultra 256 GB Black,smartphone
b00055,"Samsung Galaxy S26 Ultra 256GB Black EU 17,49cm (6,9"") OLED Display, Android 16, 200MP Quad-Kamera",notebooksbilliger,929.99,Samsung,Handys ohne Vertrag,https://cdn.billiger.com/dynimg/qS7IzU32ruvof0p75-xL_QB5GPV6BRr2qhE8nUhH7Pc88MgR1b3VHcWvS03VxtgwLI8MHR8vGrEWIbL6mxSiqpQQK--haKgrGMnNQnufjtV/Samsung-Galaxy-S26-Ultra-256-GB-Black.webp?h=630&w=1200,5566514751,Galaxy S26 Ultra 256 GB Black,smartphone
b00056,"Samsung Galaxy S26 Ultra (256 GB, Black, 6.90"", Dual SIM, 5G), Smartphone, Schwarz",Galaxus.de,935.99,Samsung,Handys ohne Vertrag,https://cdn.billiger.com/dynimg/qS7IzU32ruvof0p75-xL_QB5GPV6BRr2qhE8nUhH7Pc88MgR1b3VHcWvS03VxtgwLI8MHR8vGrEWIbL6mxSiqpQQK--haKgrGMnNQnufjtV/Samsung-Galaxy-S26-Ultra-256-GB-Black.webp?h=630&w=1200,5566514751,Galaxy S26 Ultra 256 GB Black,smartphone
b00057,Samsung GALAXY S26 Ultra S948B 256GB Black Android 16 Smartphone (EU),computeruniverse.net,936.00,Samsung,Handys ohne Vertrag,https://cdn.billiger.com/dynimg/qS7IzU32ruvof0p75-xL_QB5GPV6BRr2qhE8nUhH7Pc88MgR1b3VHcWvS03VxtgwLI8MHR8vGrEWIbL6mxSiqpQQK--haKgrGMnNQnufjtV/Samsung-Galaxy-S26-Ultra-256-GB-Black.webp?h=630&w=1200,5566514751,Galaxy S26 Ultra 256 GB Black,smartphone
b00058,Samsung GALAXY S26 Ultra S948B 256GB Black Android 16 Smartphone (EU),Cyberport,936.00,Samsung,Handys ohne Vertrag,https://cdn.billiger.com/dynimg/qS7IzU32ruvof0p75-xL_QB5GPV6BRr2qhE8nUhH7Pc88MgR1b3VHcWvS03VxtgwLI8MHR8vGrEWIbL6mxSiqpQQK--haKgrGMnNQnufjtV/Samsung-Galaxy-S26-Ultra-256-GB-Black.webp?h=630&w=1200,5566514751,Galaxy S26 Ultra 256 GB Black,smartphone
b00059,"Samsung Smartphone Galaxy S26 Ultra, 256GB, 6,9 Zoll, 12GB RAM, 5G, Android 16, black",bueromarkt-ag.de,945.88,Samsung,Handys ohne Vertrag,https://cdn.billiger.com/dynimg/qS7IzU32ruvof0p75-xL_QB5GPV6BRr2qhE8nUhH7Pc88MgR1b3VHcWvS03VxtgwLI8MHR8vGrEWIbL6mxSiqpQQK--haKgrGMnNQnufjtV/Samsung-Galaxy-S26-Ultra-256-GB-Black.webp?h=630&w=1200,5566514751,Galaxy S26 Ultra 256 GB Black,smartphone
b00060,"Galaxy S26 Ultra 256GB, Handy - Black, Android, 12 GB",Alternate,949.00,Samsung,Handys ohne Vertrag,https://cdn.billiger.com/dynimg/qS7IzU32ruvof0p75-xL_QB5GPV6BRr2qhE8nUhH7Pc88MgR1b3VHcWvS03VxtgwLI8MHR8vGrEWIbL6mxSiqpQQK--haKgrGMnNQnufjtV/Samsung-Galaxy-S26-Ultra-256-GB-Black.webp?h=630&w=1200,5566514751,Galaxy S26 Ultra 256 GB Black,smartphone
b00061,Apple iPhone 17 Pro 256GB Cosmic Orange  - Ohne Simlock - NEU OVP Versiegelt,ebay.de,1099.99,Apple,Handys ohne Vertrag,https://cdn.billiger.com/dynimg/tG5ZzsZA0Ijof0p75-xL_RdDN5CVt9Cr6hE8nUhH7Pc88MgR1b3VHcWvS03VxtgwCRYGyzjIeXNlUqkJ3CJFnP29NPjNGfSD0wVVs-5cLOW/Apple-iPhone-17-Pro-256-GB-Cosmic-Orange.webp?h=630&w=1200,5380810425,iPhone 17 Pro 256 GB Cosmic Orange,smartphone
b00062,Apple iPhone 17 Pro 256GB Cosmic Orange | NEU | originalverpackt (OVP) | differenzbesteuert AN714875,asgoodasnew,1138.00,Apple,Handys ohne Vertrag,https://cdn.billiger.com/dynimg/tG5ZzsZA0Ijof0p75-xL_RdDN5CVt9Cr6hE8nUhH7Pc88MgR1b3VHcWvS03VxtgwCRYGyzjIeXNlUqkJ3CJFnP29NPjNGfSD0wVVs-5cLOW/Apple-iPhone-17-Pro-256-GB-Cosmic-Orange.webp?h=630&w=1200,5380810425,iPhone 17 Pro 256 GB Cosmic Orange,smartphone
b00063,Apple iPhone 17 Pro - 5G Smartphone - Dual-SIM / Interner Speicher 256 GB - Cosmic Orange - Orange,Kaufland.de,1149.00,Apple,Handys ohne Vertrag,https://cdn.billiger.com/dynimg/tG5ZzsZA0Ijof0p75-xL_RdDN5CVt9Cr6hE8nUhH7Pc88MgR1b3VHcWvS03VxtgwCRYGyzjIeXNlUqkJ3CJFnP29NPjNGfSD0wVVs-5cLOW/Apple-iPhone-17-Pro-256-GB-Cosmic-Orange.webp?h=630&w=1200,5380810425,iPhone 17 Pro 256 GB Cosmic Orange,smartphone
b00064,"Apple iPhone 17 Pro 256 GB: 6,3"" Display mit ProMotion bis zu 120 Hz, A19 Pro Chip, bahnbrechende Batterielaufzeit, Pro Fusion Kamera-System mit Center Stage Frontkamera; Cosmic Orange",amazon.de,1169.00,Apple,Handys ohne Vertrag,https://cdn.billiger.com/dynimg/tG5ZzsZA0Ijof0p75-xL_RdDN5CVt9Cr6hE8nUhH7Pc88MgR1b3VHcWvS03VxtgwCRYGyzjIeXNlUqkJ3CJFnP29NPjNGfSD0wVVs-5cLOW/Apple-iPhone-17-Pro-256-GB-Cosmic-Orange.webp?h=630&w=1200,5380810425,iPhone 17 Pro 256 GB Cosmic Orange,smartphone
b00065,"Apple iPhone 17 Pro 256 GB: 6,3"" Display mit ProMotion bis zu 120 Hz, A19 Pro Chip, bahnbrechende Batterielaufzeit, Pro Fusion Kamera-System mit Center Stage Frontkamera; Cosmic Orange",Amazon Marketplace CE,1169.00,Apple,Handys ohne Vertrag,https://cdn.billiger.com/dynimg/tG5ZzsZA0Ijof0p75-xL_RdDN5CVt9Cr6hE8nUhH7Pc88MgR1b3VHcWvS03VxtgwCRYGyzjIeXNlUqkJ3CJFnP29NPjNGfSD0wVVs-5cLOW/Apple-iPhone-17-Pro-256-GB-Cosmic-Orange.webp?h=630&w=1200,5380810425,iPhone 17 Pro 256 GB Cosmic Orange,smartphone
b00066,[Erste Zahlung ab 1 €] Apple iPhone 17 Pro 256 GB Kosmisch Orange,Joybuy,1178.00,Apple,Handys ohne Vertrag,https://cdn.billiger.com/dynimg/tG5ZzsZA0Ijof0p75-xL_RdDN5CVt9Cr6hE8nUhH7Pc88MgR1b3VHcWvS03VxtgwCRYGyzjIeXNlUqkJ3CJFnP29NPjNGfSD0wVVs-5cLOW/Apple-iPhone-17-Pro-256-GB-Cosmic-Orange.webp?h=630&w=1200,5380810425,iPhone 17 Pro 256 GB Cosmic Orange,smartphone
b00067,"Apple iPhone 17 Pro (256 GB, Cosmic Orange, 6.30"", Dual SIM, 5G), Smartphone, Orange",Galaxus.de,1179.75,Apple,Handys ohne Vertrag,https://cdn.billiger.com/dynimg/tG5ZzsZA0Ijof0p75-xL_RdDN5CVt9Cr6hE8nUhH7Pc88MgR1b3VHcWvS03VxtgwCRYGyzjIeXNlUqkJ3CJFnP29NPjNGfSD0wVVs-5cLOW/Apple-iPhone-17-Pro-256-GB-Cosmic-Orange.webp?h=630&w=1200,5380810425,iPhone 17 Pro 256 GB Cosmic Orange,smartphone
b00068,Apple iPhone 17 Pro 256GB Orange,coolblue,1199.00,Apple,Handys ohne Vertrag,https://cdn.billiger.com/dynimg/tG5ZzsZA0Ijof0p75-xL_RdDN5CVt9Cr6hE8nUhH7Pc88MgR1b3VHcWvS03VxtgwCRYGyzjIeXNlUqkJ3CJFnP29NPjNGfSD0wVVs-5cLOW/Apple-iPhone-17-Pro-256-GB-Cosmic-Orange.webp?h=630&w=1200,5380810425,iPhone 17 Pro 256 GB Cosmic Orange,smartphone
b00069,iPhone 17 Pro 256GB Cosmic Orange,notebooksbilliger,1239.00,Apple,Handys ohne Vertrag,https://cdn.billiger.com/dynimg/tG5ZzsZA0Ijof0p75-xL_RdDN5CVt9Cr6hE8nUhH7Pc88MgR1b3VHcWvS03VxtgwCRYGyzjIeXNlUqkJ3CJFnP29NPjNGfSD0wVVs-5cLOW/Apple-iPhone-17-Pro-256-GB-Cosmic-Orange.webp?h=630&w=1200,5380810425,iPhone 17 Pro 256 GB Cosmic Orange,smartphone
b00070,Apple iPhone 17 Pro 256GB Cosmic Orange (MG8H4ZD/A),JACOB,1242.36,Apple,Handys ohne Vertrag,https://cdn.billiger.com/dynimg/tG5ZzsZA0Ijof0p75-xL_RdDN5CVt9Cr6hE8nUhH7Pc88MgR1b3VHcWvS03VxtgwCRYGyzjIeXNlUqkJ3CJFnP29NPjNGfSD0wVVs-5cLOW/Apple-iPhone-17-Pro-256-GB-Cosmic-Orange.webp?h=630&w=1200,5380810425,iPhone 17 Pro 256 GB Cosmic Orange,smartphone
b00071,Apple iPhone 17 Pro 256GB Deep Blue Neu vom Händler mit Mwst.,ebay.de,1119.99,Apple,Handys ohne Vertrag,https://cdn.billiger.com/dynimg/_Q9-n50b_0lof0p75-xL_RDn1SPBZJfTKhE8nUhH7Pc88MgR1b3VHcWvS03VxtgwH6lJi6oQkQQ8jr_Apl2wQ9QInhsWvGWlrVB5ARJw4dS/Apple-iPhone-17-Pro-256-GB-Tiefblau.webp?h=630&w=1200,5380809914,iPhone 17 Pro 256 GB Tiefblau,smartphone
b00072,Apple iPhone 17 Pro - 5G Smartphone - Dual-SIM / Interner Speicher 256 GB - Tiefblau - Blau,Kaufland.de,1149.00,Apple,Handys ohne Vertrag,https://cdn.billiger.com/dynimg/_Q9-n50b_0lof0p75-xL_RDn1SPBZJfTKhE8nUhH7Pc88MgR1b3VHcWvS03VxtgwH6lJi6oQkQQ8jr_Apl2wQ9QInhsWvGWlrVB5ARJw4dS/Apple-iPhone-17-Pro-256-GB-Tiefblau.webp?h=630&w=1200,5380809914,iPhone 17 Pro 256 GB Tiefblau,smartphone
b00073,"Apple iPhone 17 Pro 256 GB: 6,3"" Display mit ProMotion bis zu 120 Hz, A19 Pro Chip, bahnbrechende Batterielaufzeit, Pro Fusion Kamera-System mit Center Stage Frontkamera; Tiefblau",amazon.de,1185.00,Apple,Handys ohne Vertrag,https://cdn.billiger.com/dynimg/_Q9-n50b_0lof0p75-xL_RDn1SPBZJfTKhE8nUhH7Pc88MgR1b3VHcWvS03VxtgwH6lJi6oQkQQ8jr_Apl2wQ9QInhsWvGWlrVB5ARJw4dS/Apple-iPhone-17-Pro-256-GB-Tiefblau.webp?h=630&w=1200,5380809914,iPhone 17 Pro 256 GB Tiefblau,smartphone
b00074,"Apple iPhone 17 Pro (256 GB, Deep Blue, 6.30"", Dual SIM, 5G), Smartphone, Blau",Galaxus.de,1185.00,Apple,Handys ohne Vertrag,https://cdn.billiger.com/dynimg/_Q9-n50b_0lof0p75-xL_RDn1SPBZJfTKhE8nUhH7Pc88MgR1b3VHcWvS03VxtgwH6lJi6oQkQQ8jr_Apl2wQ9QInhsWvGWlrVB5ARJw4dS/Apple-iPhone-17-Pro-256-GB-Tiefblau.webp?h=630&w=1200,5380809914,iPhone 17 Pro 256 GB Tiefblau,smartphone
b00075,"Apple iPhone 17 Pro 256 GB: 6,3"" Display mit ProMotion bis zu 120 Hz, A19 Pro Chip, bahnbrechende Batterielaufzeit, Pro Fusion Kamera-System mit Center Stage Frontkamera; Tiefblau",Amazon Marketplace CE,1185.00,Apple,Handys ohne Vertrag,https://cdn.billiger.com/dynimg/_Q9-n50b_0lof0p75-xL_RDn1SPBZJfTKhE8nUhH7Pc88MgR1b3VHcWvS03VxtgwH6lJi6oQkQQ8jr_Apl2wQ9QInhsWvGWlrVB5ARJw4dS/Apple-iPhone-17-Pro-256-GB-Tiefblau.webp?h=630&w=1200,5380809914,iPhone 17 Pro 256 GB Tiefblau,smartphone
b00076,iPhone 17 Pro 256 GB tiefblau,Joybuy,1185.00,Apple,Handys ohne Vertrag,https://cdn.billiger.com/dynimg/_Q9-n50b_0lof0p75-xL_RDn1SPBZJfTKhE8nUhH7Pc88MgR1b3VHcWvS03VxtgwH6lJi6oQkQQ8jr_Apl2wQ9QInhsWvGWlrVB5ARJw4dS/Apple-iPhone-17-Pro-256-GB-Tiefblau.webp?h=630&w=1200,5380809914,iPhone 17 Pro 256 GB Tiefblau,smartphone
b00077,Apple iPhone 17 Pro 256GB tiefblau | Zustand: Neu & original versiegelt,buyzoxs,1214.99,Apple,Handys ohne Vertrag,https://cdn.billiger.com/dynimg/_Q9-n50b_0lof0p75-xL_RDn1SPBZJfTKhE8nUhH7Pc88MgR1b3VHcWvS03VxtgwH6lJi6oQkQQ8jr_Apl2wQ9QInhsWvGWlrVB5ARJw4dS/Apple-iPhone-17-Pro-256-GB-Tiefblau.webp?h=630&w=1200,5380809914,iPhone 17 Pro 256 GB Tiefblau,smartphone
b00078,Apple iPhone 17 Pro 256GB Blau,coolblue,1219.00,Apple,Handys ohne Vertrag,https://cdn.billiger.com/dynimg/_Q9-n50b_0lof0p75-xL_RDn1SPBZJfTKhE8nUhH7Pc88MgR1b3VHcWvS03VxtgwH6lJi6oQkQQ8jr_Apl2wQ9QInhsWvGWlrVB5ARJw4dS/Apple-iPhone-17-Pro-256-GB-Tiefblau.webp?h=630&w=1200,5380809914,iPhone 17 Pro 256 GB Tiefblau,smartphone
b00079,iPhone 17 Pro 256GB Tiefblau,notebooksbilliger,1234.00,Apple,Handys ohne Vertrag,https://cdn.billiger.com/dynimg/_Q9-n50b_0lof0p75-xL_RDn1SPBZJfTKhE8nUhH7Pc88MgR1b3VHcWvS03VxtgwH6lJi6oQkQQ8jr_Apl2wQ9QInhsWvGWlrVB5ARJw4dS/Apple-iPhone-17-Pro-256-GB-Tiefblau.webp?h=630&w=1200,5380809914,iPhone 17 Pro 256 GB Tiefblau,smartphone
b00080,Apple iPhone 17 Pro 256GB Blau,Gomibo.de,1239.00,Apple,Handys ohne Vertrag,https://cdn.billiger.com/dynimg/_Q9-n50b_0lof0p75-xL_RDn1SPBZJfTKhE8nUhH7Pc88MgR1b3VHcWvS03VxtgwH6lJi6oQkQQ8jr_Apl2wQ9QInhsWvGWlrVB5ARJw4dS/Apple-iPhone-17-Pro-256-GB-Tiefblau.webp?h=630&w=1200,5380809914,iPhone 17 Pro 256 GB Tiefblau,smartphone
b00081,Apple iPhone 17 Pro - 256GB Silber - EU Ware - Differenzbesteuert,ebay.de,1129.90,Apple,Handys ohne Vertrag,https://cdn.billiger.com/dynimg/i9uMYntNBx4of0p75-xL_QvILbhxLHtqqhE8nUhH7Pc88MgR1b3VHcWvS03VxtgwNqEABIEXmjxlFltTGYX89wS6jwZyHsOTyGqtSfmQHhX/Apple-iPhone-17-Pro-256-GB-Silber.webp?h=630&w=1200,5379595795,iPhone 17 Pro 256 GB Silber,smartphone
b00082,Apple iPhone 17 Pro - 5G Smartphone - Dual-SIM / Interner Speicher 256 GB - Silber - Silber,Kaufland.de,1149.00,Apple,Handys ohne Vertrag,https://cdn.billiger.com/dynimg/i9uMYntNBx4of0p75-xL_QvILbhxLHtqqhE8nUhH7Pc88MgR1b3VHcWvS03VxtgwNqEABIEXmjxlFltTGYX89wS6jwZyHsOTyGqtSfmQHhX/Apple-iPhone-17-Pro-256-GB-Silber.webp?h=630&w=1200,5379595795,iPhone 17 Pro 256 GB Silber,smartphone
b00083,"Apple iPhone 17 Pro (256 GB, Silver, 6.30"", Dual SIM, 5G), Smartphone, Silber",Galaxus.de,1199.00,Apple,Handys ohne Vertrag,https://cdn.billiger.com/dynimg/i9uMYntNBx4of0p75-xL_QvILbhxLHtqqhE8nUhH7Pc88MgR1b3VHcWvS03VxtgwNqEABIEXmjxlFltTGYX89wS6jwZyHsOTyGqtSfmQHhX/Apple-iPhone-17-Pro-256-GB-Silber.webp?h=630&w=1200,5379595795,iPhone 17 Pro 256 GB Silber,smartphone
b00084,"Apple iPhone 17 Pro 256 GB: 6,3"" Display mit ProMotion bis zu 120 Hz, A19 Pro Chip, bahnbrechende Batterielaufzeit, Pro Fusion Kamera-System mit Center Stage Frontkamera; Silber",Amazon Marketplace CE,1199.00,Apple,Handys ohne Vertrag,https://cdn.billiger.com/dynimg/i9uMYntNBx4of0p75-xL_QvILbhxLHtqqhE8nUhH7Pc88MgR1b3VHcWvS03VxtgwNqEABIEXmjxlFltTGYX89wS6jwZyHsOTyGqtSfmQHhX/Apple-iPhone-17-Pro-256-GB-Silber.webp?h=630&w=1200,5379595795,iPhone 17 Pro 256 GB Silber,smartphone
b00085,Apple iPhone 17 Pro 256 GB Silber,Joybuy,1199.00,Apple,Handys ohne Vertrag,https://cdn.billiger.com/dynimg/i9uMYntNBx4of0p75-xL_QvILbhxLHtqqhE8nUhH7Pc88MgR1b3VHcWvS03VxtgwNqEABIEXmjxlFltTGYX89wS6jwZyHsOTyGqtSfmQHhX/Apple-iPhone-17-Pro-256-GB-Silber.webp?h=630&w=1200,5379595795,iPhone 17 Pro 256 GB Silber,smartphone
b00086,Apple iPhone 17 Pro 256GB Silber,coolblue,1239.00,Apple,Handys ohne Vertrag,https://cdn.billiger.com/dynimg/i9uMYntNBx4of0p75-xL_QvILbhxLHtqqhE8nUhH7Pc88MgR1b3VHcWvS03VxtgwNqEABIEXmjxlFltTGYX89wS6jwZyHsOTyGqtSfmQHhX/Apple-iPhone-17-Pro-256-GB-Silber.webp?h=630&w=1200,5379595795,iPhone 17 Pro 256 GB Silber,smartphone
b00087,iPhone 17 Pro 256GB Silber,notebooksbilliger,1239.00,Apple,Handys ohne Vertrag,https://cdn.billiger.com/dynimg/i9uMYntNBx4of0p75-xL_QvILbhxLHtqqhE8nUhH7Pc88MgR1b3VHcWvS03VxtgwNqEABIEXmjxlFltTGYX89wS6jwZyHsOTyGqtSfmQHhX/Apple-iPhone-17-Pro-256-GB-Silber.webp?h=630&w=1200,5379595795,iPhone 17 Pro 256 GB Silber,smartphone
b00088,Apple iPhone 17 Pro 256GB Silber,Gomibo.de,1242.00,Apple,Handys ohne Vertrag,https://cdn.billiger.com/dynimg/i9uMYntNBx4of0p75-xL_QvILbhxLHtqqhE8nUhH7Pc88MgR1b3VHcWvS03VxtgwNqEABIEXmjxlFltTGYX89wS6jwZyHsOTyGqtSfmQHhX/Apple-iPhone-17-Pro-256-GB-Silber.webp?h=630&w=1200,5379595795,iPhone 17 Pro 256 GB Silber,smartphone
b00089,Apple iPhone 17 Pro 256GB/12GB RAM Dual-SIM silber,Electronis.de,1246.98,Apple,Handys ohne Vertrag,https://cdn.billiger.com/dynimg/i9uMYntNBx4of0p75-xL_QvILbhxLHtqqhE8nUhH7Pc88MgR1b3VHcWvS03VxtgwNqEABIEXmjxlFltTGYX89wS6jwZyHsOTyGqtSfmQHhX/Apple-iPhone-17-Pro-256-GB-Silber.webp?h=630&w=1200,5379595795,iPhone 17 Pro 256 GB Silber,smartphone
b00090,Apple iPhone 17 Pro 256GB Silber MG8G4ZD/A,computeruniverse.net,1249.00,Apple,Handys ohne Vertrag,https://cdn.billiger.com/dynimg/i9uMYntNBx4of0p75-xL_QvILbhxLHtqqhE8nUhH7Pc88MgR1b3VHcWvS03VxtgwNqEABIEXmjxlFltTGYX89wS6jwZyHsOTyGqtSfmQHhX/Apple-iPhone-17-Pro-256-GB-Silber.webp?h=630&w=1200,5379595795,iPhone 17 Pro 256 GB Silber,smartphone
b00091,"Smartphone Samsung Galaxy S26 5G 6,3” S942 12+256GB DualSim Black SCHWARZ",ebay.de,609.90,Samsung,Handys ohne Vertrag,https://cdn.billiger.com/dynimg/g-WlIY2evheof0p75-xL_T5jTTcMNAwNKhE8nUhH7Pc88MgR1b3VHcWvS03VxtgwJxejZdhtJlP8-SVrVWP6cUxpSpEfNgRVIFE6RH8ZZz3/Samsung-Galaxy-S26-256-GB-Black.webp?h=630&w=1200,5566514724,Galaxy S26 256 GB Black,smartphone
b00092,"Samsung Galaxy S26 256GB Black EU 15,93cm (6,3"") OLED Display, Android 16, 50MP Triple-Kamera",notebooksbilliger,625.00,Samsung,Handys ohne Vertrag,https://cdn.billiger.com/dynimg/g-WlIY2evheof0p75-xL_T5jTTcMNAwNKhE8nUhH7Pc88MgR1b3VHcWvS03VxtgwJxejZdhtJlP8-SVrVWP6cUxpSpEfNgRVIFE6RH8ZZz3/Samsung-Galaxy-S26-256-GB-Black.webp?h=630&w=1200,5566514724,Galaxy S26 256 GB Black,smartphone
b00093,Samsung Galaxy S26 Schwarz 12 GB 256 GB,Joybuy,629.00,Samsung,Handys ohne Vertrag,https://cdn.billiger.com/dynimg/g-WlIY2evheof0p75-xL_T5jTTcMNAwNKhE8nUhH7Pc88MgR1b3VHcWvS03VxtgwJxejZdhtJlP8-SVrVWP6cUxpSpEfNgRVIFE6RH8ZZz3/Samsung-Galaxy-S26-256-GB-Black.webp?h=630&w=1200,5566514724,Galaxy S26 256 GB Black,smartphone
b00094,Samsung Galaxy S26 256GB black | NEU | originalverpackt (OVP) | differenzbesteuert AN728965,asgoodasnew,629.00,Samsung,Handys ohne Vertrag,https://cdn.billiger.com/dynimg/g-WlIY2evheof0p75-xL_T5jTTcMNAwNKhE8nUhH7Pc88MgR1b3VHcWvS03VxtgwJxejZdhtJlP8-SVrVWP6cUxpSpEfNgRVIFE6RH8ZZz3/Samsung-Galaxy-S26-256-GB-Black.webp?h=630&w=1200,5566514724,Galaxy S26 256 GB Black,smartphone
b00095,Samsung Galaxy S26 256GB Schwarz,Gomibo.de,631.00,Samsung,Handys ohne Vertrag,https://cdn.billiger.com/dynimg/g-WlIY2evheof0p75-xL_T5jTTcMNAwNKhE8nUhH7Pc88MgR1b3VHcWvS03VxtgwJxejZdhtJlP8-SVrVWP6cUxpSpEfNgRVIFE6RH8ZZz3/Samsung-Galaxy-S26-256-GB-Black.webp?h=630&w=1200,5566514724,Galaxy S26 256 GB Black,smartphone
b00096,"Samsung Galaxy S26 (256 GB, Black, 6.30"", SIM + eSIM, 5G), Smartphone, Schwarz",Galaxus.de,633.99,Samsung,Handys ohne Vertrag,https://cdn.billiger.com/dynimg/g-WlIY2evheof0p75-xL_T5jTTcMNAwNKhE8nUhH7Pc88MgR1b3VHcWvS03VxtgwJxejZdhtJlP8-SVrVWP6cUxpSpEfNgRVIFE6RH8ZZz3/Samsung-Galaxy-S26-256-GB-Black.webp?h=630&w=1200,5566514724,Galaxy S26 256 GB Black,smartphone
b00097,Samsung GALAXY S26 5G 256GB Black Android Smartphone,computeruniverse.net,636.00,Samsung,Handys ohne Vertrag,https://cdn.billiger.com/dynimg/g-WlIY2evheof0p75-xL_T5jTTcMNAwNKhE8nUhH7Pc88MgR1b3VHcWvS03VxtgwJxejZdhtJlP8-SVrVWP6cUxpSpEfNgRVIFE6RH8ZZz3/Samsung-Galaxy-S26-256-GB-Black.webp?h=630&w=1200,5566514724,Galaxy S26 256 GB Black,smartphone
b00098,Samsung GALAXY S26 5G 256GB Black Android Smartphone,Cyberport,636.00,Samsung,Handys ohne Vertrag,https://cdn.billiger.com/dynimg/g-WlIY2evheof0p75-xL_T5jTTcMNAwNKhE8nUhH7Pc88MgR1b3VHcWvS03VxtgwJxejZdhtJlP8-SVrVWP6cUxpSpEfNgRVIFE6RH8ZZz3/Samsung-Galaxy-S26-256-GB-Black.webp?h=630&w=1200,5566514724,Galaxy S26 256 GB Black,smartphone
b00099,"Galaxy S26 256GB, Handy - Black, Android, 12 GB",Alternate,644.00,Samsung,Handys ohne Vertrag,https://cdn.billiger.com/dynimg/g-WlIY2evheof0p75-xL_T5jTTcMNAwNKhE8nUhH7Pc88MgR1b3VHcWvS03VxtgwJxejZdhtJlP8-SVrVWP6cUxpSpEfNgRVIFE6RH8ZZz3/Samsung-Galaxy-S26-256-GB-Black.webp?h=630&w=1200,5566514724,Galaxy S26 256 GB Black,smartphone
b00100,Samsung Galaxy S26 256GB Black,Amazon Marketplace CE,645.00,Samsung,Handys ohne Vertrag,https://cdn.billiger.com/dynimg/g-WlIY2evheof0p75-xL_T5jTTcMNAwNKhE8nUhH7Pc88MgR1b3VHcWvS03VxtgwJxejZdhtJlP8-SVrVWP6cUxpSpEfNgRVIFE6RH8ZZz3/Samsung-Galaxy-S26-256-GB-Black.webp?h=630&w=1200,5566514724,Galaxy S26 256 GB Black,smartphone
b00101,"Smartphone Samsung Galaxy S26 5G 6,3” S942 12+256GB DualSim Sky Blue BLAU",ebay.de,609.90,Samsung,Handys ohne Vertrag,https://cdn.billiger.com/dynimg/fVGjpVD_-P5of0p75-xL_TAuxt4s6RC0qhE8nUhH7Pc88MgR1b3VHcWvS03VxtgwO5LS92X7CfPoSJVN_spd9RlHMzTJaQ7Eo-kem4a3d_1/Samsung-Galaxy-S26-256-GB-Sky-Blue.webp?h=630&w=1200,5566514759,Galaxy S26 256 GB Sky Blue,smartphone
b00102,Samsung GALAXY S26 5G 256GB Sky Blue Android Smartphone (EU),computeruniverse.net,629.00,Samsung,Handys ohne Vertrag,https://cdn.billiger.com/dynimg/fVGjpVD_-P5of0p75-xL_TAuxt4s6RC0qhE8nUhH7Pc88MgR1b3VHcWvS03VxtgwO5LS92X7CfPoSJVN_spd9RlHMzTJaQ7Eo-kem4a3d_1/Samsung-Galaxy-S26-256-GB-Sky-Blue.webp?h=630&w=1200,5566514759,Galaxy S26 256 GB Sky Blue,smartphone
b00103,Samsung Galaxy S26 256GB Sky Blue | NEU | originalverpackt (OVP) | differenzbesteuert AN731185,asgoodasnew,629.00,Samsung,Handys ohne Vertrag,https://cdn.billiger.com/dynimg/fVGjpVD_-P5of0p75-xL_TAuxt4s6RC0qhE8nUhH7Pc88MgR1b3VHcWvS03VxtgwO5LS92X7CfPoSJVN_spd9RlHMzTJaQ7Eo-kem4a3d_1/Samsung-Galaxy-S26-256-GB-Sky-Blue.webp?h=630&w=1200,5566514759,Galaxy S26 256 GB Sky Blue,smartphone
b00104,"Samsung Galaxy S26 256GB Sky Blue EU 15,93cm (6,3"") OLED Display, Android 16, 50MP Triple-Kamera",notebooksbilliger,629.00,Samsung,Handys ohne Vertrag,https://cdn.billiger.com/dynimg/fVGjpVD_-P5of0p75-xL_TAuxt4s6RC0qhE8nUhH7Pc88MgR1b3VHcWvS03VxtgwO5LS92X7CfPoSJVN_spd9RlHMzTJaQ7Eo-kem4a3d_1/Samsung-Galaxy-S26-256-GB-Sky-Blue.webp?h=630&w=1200,5566514759,Galaxy S26 256 GB Sky Blue,smartphone
b00105,Samsung Galaxy S26 256GB Hellblau,Gomibo.de,631.00,Samsung,Handys ohne Vertrag,https://cdn.billiger.com/dynimg/fVGjpVD_-P5of0p75-xL_TAuxt4s6RC0qhE8nUhH7Pc88MgR1b3VHcWvS03VxtgwO5LS92X7CfPoSJVN_spd9RlHMzTJaQ7Eo-kem4a3d_1/Samsung-Galaxy-S26-256-GB-Sky-Blue.webp?h=630&w=1200,5566514759,Galaxy S26 256 GB Sky Blue,smartphone
b00106,"Galaxy S26 256GB, Handy - Sky Blue, Android, 12 GB",Alternate,638.00,Samsung,Handys ohne Vertrag,https://cdn.billiger.com/dynimg/fVGjpVD_-P5of0p75-xL_TAuxt4s6RC0qhE8nUhH7Pc88MgR1b3VHcWvS03VxtgwO5LS92X7CfPoSJVN_spd9RlHMzTJaQ7Eo-kem4a3d_1/Samsung-Galaxy-S26-256-GB-Sky-Blue.webp?h=630&w=1200,5566514759,Galaxy S26 256 GB Sky Blue,smartphone
b00107,Samsung S942 Galaxy S26 256GB/12GB RAM Dual-SIM sky-blue,Electronis.de,642.66,Samsung,Handys ohne Vertrag,https://cdn.billiger.com/dynimg/fVGjpVD_-P5of0p75-xL_TAuxt4s6RC0qhE8nUhH7Pc88MgR1b3VHcWvS03VxtgwO5LS92X7CfPoSJVN_spd9RlHMzTJaQ7Eo-kem4a3d_1/Samsung-Galaxy-S26-256-GB-Sky-Blue.webp?h=630&w=1200,5566514759,Galaxy S26 256 GB Sky Blue,smartphone
b00108,Samsung GALAXY S26 5G 256GB Sky Blue Android Smartphone,Cyberport,645.00,Samsung,Handys ohne Vertrag,https://cdn.billiger.com/dynimg/fVGjpVD_-P5of0p75-xL_TAuxt4s6RC0qhE8nUhH7Pc88MgR1b3VHcWvS03VxtgwO5LS92X7CfPoSJVN_spd9RlHMzTJaQ7Eo-kem4a3d_1/Samsung-Galaxy-S26-256-GB-Sky-Blue.webp?h=630&w=1200,5566514759,Galaxy S26 256 GB Sky Blue,smartphone
b00109,SAMSUNG Galaxy S26 12+256GB sky blue,e-tec,651.45,Samsung,Handys ohne Vertrag,https://cdn.billiger.com/dynimg/fVGjpVD_-P5of0p75-xL_TAuxt4s6RC0qhE8nUhH7Pc88MgR1b3VHcWvS03VxtgwO5LS92X7CfPoSJVN_spd9RlHMzTJaQ7Eo-kem4a3d_1/Samsung-Galaxy-S26-256-GB-Sky-Blue.webp?h=630&w=1200,5566514759,Galaxy S26 256 GB Sky Blue,smartphone
b00110,Samsung Galaxy S26 5G Dual-SIM Smartphone 12GB RAM 256GB Sky Blue (SM-S942BLBGEUE),JACOB,655.50,Samsung,Handys ohne Vertrag,https://cdn.billiger.com/dynimg/fVGjpVD_-P5of0p75-xL_TAuxt4s6RC0qhE8nUhH7Pc88MgR1b3VHcWvS03VxtgwO5LS92X7CfPoSJVN_spd9RlHMzTJaQ7Eo-kem4a3d_1/Samsung-Galaxy-S26-256-GB-Sky-Blue.webp?h=630&w=1200,5566514759,Galaxy S26 256 GB Sky Blue,smartphone
b00111,"Smartphone Samsung Galaxy S26 5G 6,3” S942 12+256GB DualSim Cobalt VIOLETT",ebay.de,609.90,Samsung,Handys ohne Vertrag,https://cdn.billiger.com/dynimg/gLET0xyRTwxof0p75-xL_Rh2PUOIcsBPKhE8nUhH7Pc88MgR1b3VHcWvS03VxtgwIUy0hYZoQXrvAYWuI0cBHViP-dKdnwCBeQ4Z14fUE8d/Samsung-Galaxy-S26-256-GB-Cobalt-Violet.webp?h=630&w=1200,5566514792,Galaxy S26 256 GB Cobalt Violet,smartphone
b00112,Samsung Galaxy S26 256GB cobalt violet | NEU | originalverpackt (OVP) | differenzbesteuert AN729705,asgoodasnew,629.00,Samsung,Handys ohne Vertrag,https://cdn.billiger.com/dynimg/gLET0xyRTwxof0p75-xL_Rh2PUOIcsBPKhE8nUhH7Pc88MgR1b3VHcWvS03VxtgwIUy0hYZoQXrvAYWuI0cBHViP-dKdnwCBeQ4Z14fUE8d/Samsung-Galaxy-S26-256-GB-Cobalt-Violet.webp?h=630&w=1200,5566514792,Galaxy S26 256 GB Cobalt Violet,smartphone
b00113,"Samsung Galaxy S26 256GB Cobalt Violet EU 15,93cm (6,3"") OLED Display, Android 16, 50MP Triple-Kamera",notebooksbilliger,629.00,Samsung,Handys ohne Vertrag,https://cdn.billiger.com/dynimg/gLET0xyRTwxof0p75-xL_Rh2PUOIcsBPKhE8nUhH7Pc88MgR1b3VHcWvS03VxtgwIUy0hYZoQXrvAYWuI0cBHViP-dKdnwCBeQ4Z14fUE8d/Samsung-Galaxy-S26-256-GB-Cobalt-Violet.webp?h=630&w=1200,5566514792,Galaxy S26 256 GB Cobalt Violet,smartphone
b00114,Samsung Galaxy S26 256GB Lila,Gomibo.de,631.00,Samsung,Handys ohne Vertrag,https://cdn.billiger.com/dynimg/gLET0xyRTwxof0p75-xL_Rh2PUOIcsBPKhE8nUhH7Pc88MgR1b3VHcWvS03VxtgwIUy0hYZoQXrvAYWuI0cBHViP-dKdnwCBeQ4Z14fUE8d/Samsung-Galaxy-S26-256-GB-Cobalt-Violet.webp?h=630&w=1200,5566514792,Galaxy S26 256 GB Cobalt Violet,smartphone
b00115,"Samsung Galaxy S26 (256 GB, Cobalt Violet, Violet, 6.30"", SIM + eSIM, 5G), Smartphone, Violett",Galaxus.de,637.99,Samsung,Handys ohne Vertrag,https://cdn.billiger.com/dynimg/gLET0xyRTwxof0p75-xL_Rh2PUOIcsBPKhE8nUhH7Pc88MgR1b3VHcWvS03VxtgwIUy0hYZoQXrvAYWuI0cBHViP-dKdnwCBeQ4Z14fUE8d/Samsung-Galaxy-S26-256-GB-Cobalt-Violet.webp?h=630&w=1200,5566514792,Galaxy S26 256 GB Cobalt Violet,smartphone
b00116,"Samsung Smartphone Galaxy S26, 256GB, 6,3 Zoll, 12GB RAM, 5G, Android 16, cobalt violet",bueromarkt-ag.de,638.99,Samsung,Handys ohne Vertrag,https://cdn.billiger.com/dynimg/gLET0xyRTwxof0p75-xL_Rh2PUOIcsBPKhE8nUhH7Pc88MgR1b3VHcWvS03VxtgwIUy0hYZoQXrvAYWuI0cBHViP-dKdnwCBeQ4Z14fUE8d/Samsung-Galaxy-S26-256-GB-Cobalt-Violet.webp?h=630&w=1200,5566514792,Galaxy S26 256 GB Cobalt Violet,smartphone
b00117,Samsung S942 Galaxy S26 256GB/12GB RAM Dual-SIM cobalt-violet,Electronis.de,642.71,Samsung,Handys ohne Vertrag,https://cdn.billiger.com/dynimg/gLET0xyRTwxof0p75-xL_Rh2PUOIcsBPKhE8nUhH7Pc88MgR1b3VHcWvS03VxtgwIUy0hYZoQXrvAYWuI0cBHViP-dKdnwCBeQ4Z14fUE8d/Samsung-Galaxy-S26-256-GB-Cobalt-Violet.webp?h=630&w=1200,5566514792,Galaxy S26 256 GB Cobalt Violet,smartphone
b00118,Galaxy S26 - Cobalt Violet - 256 GB - Violett,Kaufland.de,649.00,Samsung,Handys ohne Vertrag,https://cdn.billiger.com/dynimg/gLET0xyRTwxof0p75-xL_Rh2PUOIcsBPKhE8nUhH7Pc88MgR1b3VHcWvS03VxtgwIUy0hYZoQXrvAYWuI0cBHViP-dKdnwCBeQ4Z14fUE8d/Samsung-Galaxy-S26-256-GB-Cobalt-Violet.webp?h=630&w=1200,5566514792,Galaxy S26 256 GB Cobalt Violet,smartphone
b00119,Samsung Galaxy S26 256GB Cobalt Violet,Amazon Marketplace CE,649.00,Samsung,Handys ohne Vertrag,https://cdn.billiger.com/dynimg/gLET0xyRTwxof0p75-xL_Rh2PUOIcsBPKhE8nUhH7Pc88MgR1b3VHcWvS03VxtgwIUy0hYZoQXrvAYWuI0cBHViP-dKdnwCBeQ4Z14fUE8d/Samsung-Galaxy-S26-256-GB-Cobalt-Violet.webp?h=630&w=1200,5566514792,Galaxy S26 256 GB Cobalt Violet,smartphone
b00120,"Samsung Galaxy S26 256GB Cobalt Violet 6,3"" Dynamic AMOLED 5G Android Smartphone",JACOB,655.55,Samsung,Handys ohne Vertrag,https://cdn.billiger.com/dynimg/gLET0xyRTwxof0p75-xL_Rh2PUOIcsBPKhE8nUhH7Pc88MgR1b3VHcWvS03VxtgwIUy0hYZoQXrvAYWuI0cBHViP-dKdnwCBeQ4Z14fUE8d/Samsung-Galaxy-S26-256-GB-Cobalt-Violet.webp?h=630&w=1200,5566514792,Galaxy S26 256 GB Cobalt Violet,smartphone
b00121,"Samsung Galaxy A57 5G 128GB Awesome Navy EU 17,11cm (6,7"") OLED Display, Android 16, 50MP Triple-Kamera",notebooksbilliger,314.95,Samsung,Handys ohne Vertrag,https://cdn.billiger.com/dynimg/ne3V4bvguwyof0p75-xL_QB8QsdwcuD5ahE8nUhH7Pc88MgR1b3VHcWvS03VxtgwOyRI1X-TxkQrrh9FIDSc7e-9QdqRCS5ecdVbC5bJ_Py/Samsung-Galaxy-A57-5G-8-GB-RAM-128-GB-Awesome-Navy.webp?h=630&w=1200,5606326756,Galaxy A57 5G 8 GB RAM 128 GB Awesome Navy,smartphone
b00122,Samsung GALAXY A57 5G 128 GB Awesome Navy Android Smartphone,computeruniverse.net,316.00,Samsung,Handys ohne Vertrag,https://cdn.billiger.com/dynimg/ne3V4bvguwyof0p75-xL_QB8QsdwcuD5ahE8nUhH7Pc88MgR1b3VHcWvS03VxtgwOyRI1X-TxkQrrh9FIDSc7e-9QdqRCS5ecdVbC5bJ_Py/Samsung-Galaxy-A57-5G-8-GB-RAM-128-GB-Awesome-Navy.webp?h=630&w=1200,5606326756,Galaxy A57 5G 8 GB RAM 128 GB Awesome Navy,smartphone
b00123,Samsung GALAXY A57 5G 128 GB Awesome Navy Android Smartphone,Cyberport,316.00,Samsung,Handys ohne Vertrag,https://cdn.billiger.com/dynimg/ne3V4bvguwyof0p75-xL_QB8QsdwcuD5ahE8nUhH7Pc88MgR1b3VHcWvS03VxtgwOyRI1X-TxkQrrh9FIDSc7e-9QdqRCS5ecdVbC5bJ_Py/Samsung-Galaxy-A57-5G-8-GB-RAM-128-GB-Awesome-Navy.webp?h=630&w=1200,5606326756,Galaxy A57 5G 8 GB RAM 128 GB Awesome Navy,smartphone
b00124,Samsung Galaxy A57 5G Awesome Navy 128GB Neu Versiegelt 5G Rechnung MwSt.,ebay.de,316.76,Samsung,Handys ohne Vertrag,https://cdn.billiger.com/dynimg/ne3V4bvguwyof0p75-xL_QB8QsdwcuD5ahE8nUhH7Pc88MgR1b3VHcWvS03VxtgwOyRI1X-TxkQrrh9FIDSc7e-9QdqRCS5ecdVbC5bJ_Py/Samsung-Galaxy-A57-5G-8-GB-RAM-128-GB-Awesome-Navy.webp?h=630&w=1200,5606326756,Galaxy A57 5G 8 GB RAM 128 GB Awesome Navy,smartphone
b00125,Samsung Galaxy A57 128GB Dunkelblau 5G,coolblue,319.00,Samsung,Handys ohne Vertrag,https://cdn.billiger.com/dynimg/ne3V4bvguwyof0p75-xL_QB8QsdwcuD5ahE8nUhH7Pc88MgR1b3VHcWvS03VxtgwOyRI1X-TxkQrrh9FIDSc7e-9QdqRCS5ecdVbC5bJ_Py/Samsung-Galaxy-A57-5G-8-GB-RAM-128-GB-Awesome-Navy.webp?h=630&w=1200,5606326756,Galaxy A57 5G 8 GB RAM 128 GB Awesome Navy,smartphone
b00126,"Samsung Galaxy A57 (128 GB, Awesome Navy, Navy, 6.70"", Dual SIM, 5G), Smartphone, Blau",Galaxus.de,319.00,Samsung,Handys ohne Vertrag,https://cdn.billiger.com/dynimg/ne3V4bvguwyof0p75-xL_QB8QsdwcuD5ahE8nUhH7Pc88MgR1b3VHcWvS03VxtgwOyRI1X-TxkQrrh9FIDSc7e-9QdqRCS5ecdVbC5bJ_Py/Samsung-Galaxy-A57-5G-8-GB-RAM-128-GB-Awesome-Navy.webp?h=630&w=1200,5606326756,Galaxy A57 5G 8 GB RAM 128 GB Awesome Navy,smartphone
b00127,"Samsung Galaxy A57 5G, 8+128GB, Navy",Amazon Marketplace CE,319.00,Samsung,Handys ohne Vertrag,https://cdn.billiger.com/dynimg/ne3V4bvguwyof0p75-xL_QB8QsdwcuD5ahE8nUhH7Pc88MgR1b3VHcWvS03VxtgwOyRI1X-TxkQrrh9FIDSc7e-9QdqRCS5ecdVbC5bJ_Py/Samsung-Galaxy-A57-5G-8-GB-RAM-128-GB-Awesome-Navy.webp?h=630&w=1200,5606326756,Galaxy A57 5G 8 GB RAM 128 GB Awesome Navy,smartphone
b00128,"Galaxy A57 5G 128GB, Handy - Awesome Navy, 8 GB",Alternate,319.00,Samsung,Handys ohne Vertrag,https://cdn.billiger.com/dynimg/ne3V4bvguwyof0p75-xL_QB8QsdwcuD5ahE8nUhH7Pc88MgR1b3VHcWvS03VxtgwOyRI1X-TxkQrrh9FIDSc7e-9QdqRCS5ecdVbC5bJ_Py/Samsung-Galaxy-A57-5G-8-GB-RAM-128-GB-Awesome-Navy.webp?h=630&w=1200,5606326756,Galaxy A57 5G 8 GB RAM 128 GB Awesome Navy,smartphone
b00129,Samsung Galaxy A57 5G 128GB Dunkelblau,Gomibo.de,320.00,Samsung,Handys ohne Vertrag,https://cdn.billiger.com/dynimg/ne3V4bvguwyof0p75-xL_QB8QsdwcuD5ahE8nUhH7Pc88MgR1b3VHcWvS03VxtgwOyRI1X-TxkQrrh9FIDSc7e-9QdqRCS5ecdVbC5bJ_Py/Samsung-Galaxy-A57-5G-8-GB-RAM-128-GB-Awesome-Navy.webp?h=630&w=1200,5606326756,Galaxy A57 5G 8 GB RAM 128 GB Awesome Navy,smartphone
b00130,"Samsung Smartphone Galaxy A57 5G, 128GB, 6,7 Zoll, 8GB RAM, 5G, Android, awesome navy",bueromarkt-ag.de,321.99,Samsung,Handys ohne Vertrag,https://cdn.billiger.com/dynimg/ne3V4bvguwyof0p75-xL_QB8QsdwcuD5ahE8nUhH7Pc88MgR1b3VHcWvS03VxtgwOyRI1X-TxkQrrh9FIDSc7e-9QdqRCS5ecdVbC5bJ_Py/Samsung-Galaxy-A57-5G-8-GB-RAM-128-GB-Awesome-Navy.webp?h=630&w=1200,5606326756,Galaxy A57 5G 8 GB RAM 128 GB Awesome Navy,smartphone
b00131,"Samsung Galaxy A57 5G 128GB Awesome Icyblue EU 17,11cm (6,7"") OLED Display, Android 16, 50MP Triple-Kamera",notebooksbilliger,314.99,Samsung,Handys ohne Vertrag,https://cdn.billiger.com/dynimg/9-7mYbMCO8Oof0p75-xL_Qeg1Ts-W7rnqhE8nUhH7Pc88MgR1b3VHcWvS03VxtgwGIqaj-81LGrnxp-7C2CS9VYZMCcfWIjfT4x4MJ-FOA7/Samsung-Galaxy-A57-5G-8-GB-RAM-128-GB-Awesome-Icyblue.webp?h=630&w=1200,5606326655,Galaxy A57 5G 8 GB RAM 128 GB Awesome Icyblue,smartphone
b00132,Samsung Galaxy A57 5G 128GB Hellblau,Gomibo.de,321.00,Samsung,Handys ohne Vertrag,https://cdn.billiger.com/dynimg/9-7mYbMCO8Oof0p75-xL_Qeg1Ts-W7rnqhE8nUhH7Pc88MgR1b3VHcWvS03VxtgwGIqaj-81LGrnxp-7C2CS9VYZMCcfWIjfT4x4MJ-FOA7/Samsung-Galaxy-A57-5G-8-GB-RAM-128-GB-Awesome-Icyblue.webp?h=630&w=1200,5606326655,Galaxy A57 5G 8 GB RAM 128 GB Awesome Icyblue,smartphone
b00133,Samsung A576 Galaxy A57 5G 128GB/8GB RAM Dual-SIM awesome-icyblue,Electronis.de,322.58,Samsung,Handys ohne Vertrag,https://cdn.billiger.com/dynimg/9-7mYbMCO8Oof0p75-xL_Qeg1Ts-W7rnqhE8nUhH7Pc88MgR1b3VHcWvS03VxtgwGIqaj-81LGrnxp-7C2CS9VYZMCcfWIjfT4x4MJ-FOA7/Samsung-Galaxy-A57-5G-8-GB-RAM-128-GB-Awesome-Icyblue.webp?h=630&w=1200,5606326655,Galaxy A57 5G 8 GB RAM 128 GB Awesome Icyblue,smartphone
b00134,"Samsung Galaxy A57 (128 GB, Awesome Icyblue, Blue, 6.70"", Dual SIM, 5G), Smartphone, Blau",Galaxus.de,323.98,Samsung,Handys ohne Vertrag,https://cdn.billiger.com/dynimg/9-7mYbMCO8Oof0p75-xL_Qeg1Ts-W7rnqhE8nUhH7Pc88MgR1b3VHcWvS03VxtgwGIqaj-81LGrnxp-7C2CS9VYZMCcfWIjfT4x4MJ-FOA7/Samsung-Galaxy-A57-5G-8-GB-RAM-128-GB-Awesome-Icyblue.webp?h=630&w=1200,5606326655,Galaxy A57 5G 8 GB RAM 128 GB Awesome Icyblue,smartphone
b00135,"Samsung A576B/DS Galaxy A57 5G, Dual, 128GB 8GB RAM, Awesome Icyblue",Amazon Marketplace CE,323.98,Samsung,Handys ohne Vertrag,https://cdn.billiger.com/dynimg/9-7mYbMCO8Oof0p75-xL_Qeg1Ts-W7rnqhE8nUhH7Pc88MgR1b3VHcWvS03VxtgwGIqaj-81LGrnxp-7C2CS9VYZMCcfWIjfT4x4MJ-FOA7/Samsung-Galaxy-A57-5G-8-GB-RAM-128-GB-Awesome-Icyblue.webp?h=630&w=1200,5606326655,Galaxy A57 5G 8 GB RAM 128 GB Awesome Icyblue,smartphone
b00136,Samsung Galaxy A57 5G SM-A576B mit 128 GB Speicher in der Farbe Awesome Icyblue.,ebay.de,325.00,Samsung,Handys ohne Vertrag,https://cdn.billiger.com/dynimg/9-7mYbMCO8Oof0p75-xL_Qeg1Ts-W7rnqhE8nUhH7Pc88MgR1b3VHcWvS03VxtgwGIqaj-81LGrnxp-7C2CS9VYZMCcfWIjfT4x4MJ-FOA7/Samsung-Galaxy-A57-5G-8-GB-RAM-128-GB-Awesome-Icyblue.webp?h=630&w=1200,5606326655,Galaxy A57 5G 8 GB RAM 128 GB Awesome Icyblue,smartphone
b00137,"Galaxy A57 5G 128GB, Handy - Awesome Icyblue, 8 GB",Alternate,329.00,Samsung,Handys ohne Vertrag,https://cdn.billiger.com/dynimg/9-7mYbMCO8Oof0p75-xL_Qeg1Ts-W7rnqhE8nUhH7Pc88MgR1b3VHcWvS03VxtgwGIqaj-81LGrnxp-7C2CS9VYZMCcfWIjfT4x4MJ-FOA7/Samsung-Galaxy-A57-5G-8-GB-RAM-128-GB-Awesome-Icyblue.webp?h=630&w=1200,5606326655,Galaxy A57 5G 8 GB RAM 128 GB Awesome Icyblue,smartphone
b00138,"Samsung Galaxy A57 128GB, 8GB RAM, Awesome Icyblue, A576B, EU-Ware (SM-A576BLBBEUE)",JACOB,329.01,Samsung,Handys ohne Vertrag,https://cdn.billiger.com/dynimg/9-7mYbMCO8Oof0p75-xL_Qeg1Ts-W7rnqhE8nUhH7Pc88MgR1b3VHcWvS03VxtgwGIqaj-81LGrnxp-7C2CS9VYZMCcfWIjfT4x4MJ-FOA7/Samsung-Galaxy-A57-5G-8-GB-RAM-128-GB-Awesome-Icyblue.webp?h=630&w=1200,5606326655,Galaxy A57 5G 8 GB RAM 128 GB Awesome Icyblue,smartphone
b00139,Samsung GALAXY A57 5G 128GB Awesome Icyblue Android Smartphone,computeruniverse.net,331.00,Samsung,Handys ohne Vertrag,https://cdn.billiger.com/dynimg/9-7mYbMCO8Oof0p75-xL_Qeg1Ts-W7rnqhE8nUhH7Pc88MgR1b3VHcWvS03VxtgwGIqaj-81LGrnxp-7C2CS9VYZMCcfWIjfT4x4MJ-FOA7/Samsung-Galaxy-A57-5G-8-GB-RAM-128-GB-Awesome-Icyblue.webp?h=630&w=1200,5606326655,Galaxy A57 5G 8 GB RAM 128 GB Awesome Icyblue,smartphone
b00140,Samsung GALAXY A57 5G 128GB Awesome Icyblue Android Smartphone,Cyberport,331.00,Samsung,Handys ohne Vertrag,https://cdn.billiger.com/dynimg/9-7mYbMCO8Oof0p75-xL_Qeg1Ts-W7rnqhE8nUhH7Pc88MgR1b3VHcWvS03VxtgwGIqaj-81LGrnxp-7C2CS9VYZMCcfWIjfT4x4MJ-FOA7/Samsung-Galaxy-A57-5G-8-GB-RAM-128-GB-Awesome-Icyblue.webp?h=630&w=1200,5606326655,Galaxy A57 5G 8 GB RAM 128 GB Awesome Icyblue,smartphone
b00141,"Samsung Galaxy A57 5G 128GB Awesome Lilac EU 17,11cm (6,7"") OLED Display, Android 16, 50MP Triple-Kamera",notebooksbilliger,314.99,Samsung,Handys ohne Vertrag,https://cdn.billiger.com/dynimg/GEc_fMnUKcLof0p75-xL_R_zUg52MThn6hE8nUhH7Pc88MgR1b3VHcWvS03VxtgwCOgf377BeYe-YtJOLu8khElaFX-bPe5KenY3DkDJgAP/Samsung-Galaxy-A57-8-GB-RAM-128-GB-Tolles-Lila.webp?h=630&w=1200,5606463928,Galaxy A57 8 GB RAM 128 GB Tolles Lila,smartphone
b00142,Samsung Galaxy A57 5G 128GB Lila,Gomibo.de,315.00,Samsung,Handys ohne Vertrag,https://cdn.billiger.com/dynimg/GEc_fMnUKcLof0p75-xL_R_zUg52MThn6hE8nUhH7Pc88MgR1b3VHcWvS03VxtgwCOgf377BeYe-YtJOLu8khElaFX-bPe5KenY3DkDJgAP/Samsung-Galaxy-A57-8-GB-RAM-128-GB-Tolles-Lila.webp?h=630&w=1200,5606463928,Galaxy A57 8 GB RAM 128 GB Tolles Lila,smartphone
b00143,Samsung Galaxy A57 5G in der Farbe Awesome Lilac mit 128GB Speicher und 8GB RAM.,ebay.de,317.00,Samsung,Handys ohne Vertrag,https://cdn.billiger.com/dynimg/GEc_fMnUKcLof0p75-xL_R_zUg52MThn6hE8nUhH7Pc88MgR1b3VHcWvS03VxtgwCOgf377BeYe-YtJOLu8khElaFX-bPe5KenY3DkDJgAP/Samsung-Galaxy-A57-8-GB-RAM-128-GB-Tolles-Lila.webp?h=630&w=1200,5606463928,Galaxy A57 8 GB RAM 128 GB Tolles Lila,smartphone
b00144,Samsung GALAXY A57 5G 128GB Awesome Lilac Android Smartphone,computeruniverse.net,318.00,Samsung,Handys ohne Vertrag,https://cdn.billiger.com/dynimg/GEc_fMnUKcLof0p75-xL_R_zUg52MThn6hE8nUhH7Pc88MgR1b3VHcWvS03VxtgwCOgf377BeYe-YtJOLu8khElaFX-bPe5KenY3DkDJgAP/Samsung-Galaxy-A57-8-GB-RAM-128-GB-Tolles-Lila.webp?h=630&w=1200,5606463928,Galaxy A57 8 GB RAM 128 GB Tolles Lila,smartphone
b00145,Samsung GALAXY A57 5G 128GB Awesome Lilac Android Smartphone,Cyberport,318.00,Samsung,Handys ohne Vertrag,https://cdn.billiger.com/dynimg/GEc_fMnUKcLof0p75-xL_R_zUg52MThn6hE8nUhH7Pc88MgR1b3VHcWvS03VxtgwCOgf377BeYe-YtJOLu8khElaFX-bPe5KenY3DkDJgAP/Samsung-Galaxy-A57-8-GB-RAM-128-GB-Tolles-Lila.webp?h=630&w=1200,5606463928,Galaxy A57 8 GB RAM 128 GB Tolles Lila,smartphone
b00146,"Samsung Galaxy A57 (128 GB, Awesome Lilac, 6.70"", Dual SIM, 5G), Smartphone, Violett",Galaxus.de,323.98,Samsung,Handys ohne Vertrag,https://cdn.billiger.com/dynimg/GEc_fMnUKcLof0p75-xL_R_zUg52MThn6hE8nUhH7Pc88MgR1b3VHcWvS03VxtgwCOgf377BeYe-YtJOLu8khElaFX-bPe5KenY3DkDJgAP/Samsung-Galaxy-A57-8-GB-RAM-128-GB-Tolles-Lila.webp?h=630&w=1200,5606463928,Galaxy A57 8 GB RAM 128 GB Tolles Lila,smartphone
b00147,"Samsung Smartphone Galaxy A57 5G, 128GB, 6,7 Zoll, 8GB RAM, 5G, Android, awesome lilac",bueromarkt-ag.de,323.99,Samsung,Handys ohne Vertrag,https://cdn.billiger.com/dynimg/GEc_fMnUKcLof0p75-xL_R_zUg52MThn6hE8nUhH7Pc88MgR1b3VHcWvS03VxtgwCOgf377BeYe-YtJOLu8khElaFX-bPe5KenY3DkDJgAP/Samsung-Galaxy-A57-8-GB-RAM-128-GB-Tolles-Lila.webp?h=630&w=1200,5606463928,Galaxy A57 8 GB RAM 128 GB Tolles Lila,smartphone
b00148,"Galaxy A57 5G 128GB, Handy - Awesome Lilac, 8 GB",Alternate,326.00,Samsung,Handys ohne Vertrag,https://cdn.billiger.com/dynimg/GEc_fMnUKcLof0p75-xL_R_zUg52MThn6hE8nUhH7Pc88MgR1b3VHcWvS03VxtgwCOgf377BeYe-YtJOLu8khElaFX-bPe5KenY3DkDJgAP/Samsung-Galaxy-A57-8-GB-RAM-128-GB-Tolles-Lila.webp?h=630&w=1200,5606463928,Galaxy A57 8 GB RAM 128 GB Tolles Lila,smartphone
b00149,Samsung Galaxy A57 128GB Lila 5G,coolblue,329.00,Samsung,Handys ohne Vertrag,https://cdn.billiger.com/dynimg/GEc_fMnUKcLof0p75-xL_R_zUg52MThn6hE8nUhH7Pc88MgR1b3VHcWvS03VxtgwCOgf377BeYe-YtJOLu8khElaFX-bPe5KenY3DkDJgAP/Samsung-Galaxy-A57-8-GB-RAM-128-GB-Tolles-Lila.webp?h=630&w=1200,5606463928,Galaxy A57 8 GB RAM 128 GB Tolles Lila,smartphone
b00150,"Samsung Galaxy A57 128GB, 8GB RAM, Awesome Lilac, A576B, EU-Ware (SM-A576BZVBEUE)",JACOB,329.43,Samsung,Handys ohne Vertrag,https://cdn.billiger.com/dynimg/GEc_fMnUKcLof0p75-xL_R_zUg52MThn6hE8nUhH7Pc88MgR1b3VHcWvS03VxtgwCOgf377BeYe-YtJOLu8khElaFX-bPe5KenY3DkDJgAP/Samsung-Galaxy-A57-8-GB-RAM-128-GB-Tolles-Lila.webp?h=630&w=1200,5606463928,Galaxy A57 8 GB RAM 128 GB Tolles Lila,smartphone
b00151,Apple iPhone 17 Pro Max - 256GB  TIEFBLAU Blue NEU - OVP Nur E-SIM Möglich!!!!!,ebay.de,1209.99,Apple,Handys ohne Vertrag,https://cdn.billiger.com/dynimg/qSO5QG1ZHf3of0p75-xL_Tgcc9Kvqv5XqhE8nUhH7Pc88MgR1b3VHcWvS03VxtgwGAT5FKFBeFjJ5jyh5OnNi553cMZn_zRzb0ZYn8zugo0/Apple-iPhone-17-Pro-Max-256-GB-Tiefblau.webp?h=630&w=1200,5379607548,iPhone 17 Pro Max 256 GB Tiefblau,smartphone
b00152,Apple iPhone 17 Pro Max 256GB Tiefblau | NEU | originalverpackt (OVP) | differenzbesteuert AN716585,asgoodasnew,1229.00,Apple,Handys ohne Vertrag,https://cdn.billiger.com/dynimg/qSO5QG1ZHf3of0p75-xL_Tgcc9Kvqv5XqhE8nUhH7Pc88MgR1b3VHcWvS03VxtgwGAT5FKFBeFjJ5jyh5OnNi553cMZn_zRzb0ZYn8zugo0/Apple-iPhone-17-Pro-Max-256-GB-Tiefblau.webp?h=630&w=1200,5379607548,iPhone 17 Pro Max 256 GB Tiefblau,smartphone
b00153,Apple iPhone 17 Pro Max 256GB tiefblau,myswooop.de,1301.00,Apple,Handys ohne Vertrag,https://cdn.billiger.com/dynimg/qSO5QG1ZHf3of0p75-xL_Tgcc9Kvqv5XqhE8nUhH7Pc88MgR1b3VHcWvS03VxtgwGAT5FKFBeFjJ5jyh5OnNi553cMZn_zRzb0ZYn8zugo0/Apple-iPhone-17-Pro-Max-256-GB-Tiefblau.webp?h=630&w=1200,5379607548,iPhone 17 Pro Max 256 GB Tiefblau,smartphone
b00154,"Apple iPhone 17 Pro Max 17,5 cm (6.9"") Dual-SIM iOS 26 5G USB Typ-C 256 GB Blau - Blau",Kaufland.de,1319.99,Apple,Handys ohne Vertrag,https://cdn.billiger.com/dynimg/qSO5QG1ZHf3of0p75-xL_Tgcc9Kvqv5XqhE8nUhH7Pc88MgR1b3VHcWvS03VxtgwGAT5FKFBeFjJ5jyh5OnNi553cMZn_zRzb0ZYn8zugo0/Apple-iPhone-17-Pro-Max-256-GB-Tiefblau.webp?h=630&w=1200,5379607548,iPhone 17 Pro Max 256 GB Tiefblau,smartphone
b00155,"Apple iPhone 17 Pro Max (256 GB, Deep Blue, 6.90"", Dual SIM, 5G), Smartphone, Blau",Galaxus.de,1322.02,Apple,Handys ohne Vertrag,https://cdn.billiger.com/dynimg/qSO5QG1ZHf3of0p75-xL_Tgcc9Kvqv5XqhE8nUhH7Pc88MgR1b3VHcWvS03VxtgwGAT5FKFBeFjJ5jyh5OnNi553cMZn_zRzb0ZYn8zugo0/Apple-iPhone-17-Pro-Max-256-GB-Tiefblau.webp?h=630&w=1200,5379607548,iPhone 17 Pro Max 256 GB Tiefblau,smartphone
b00156,"Apple iPhone 17 Pro Max 256 GB: 6,9"" Display mit ProMotion, A19 Pro Chip, beste Batterielaufzeit, die es je in einem iPhone gab, Pro Fusion Kamera-System, Center Stage Frontkamera; Tiefblau",amazon.de,1349.00,Apple,Handys ohne Vertrag,https://cdn.billiger.com/dynimg/qSO5QG1ZHf3of0p75-xL_Tgcc9Kvqv5XqhE8nUhH7Pc88MgR1b3VHcWvS03VxtgwGAT5FKFBeFjJ5jyh5OnNi553cMZn_zRzb0ZYn8zugo0/Apple-iPhone-17-Pro-Max-256-GB-Tiefblau.webp?h=630&w=1200,5379607548,iPhone 17 Pro Max 256 GB Tiefblau,smartphone
b00157,Apple iPhone 17 Pro Max 256GB Blau,coolblue,1349.00,Apple,Handys ohne Vertrag,https://cdn.billiger.com/dynimg/qSO5QG1ZHf3of0p75-xL_Tgcc9Kvqv5XqhE8nUhH7Pc88MgR1b3VHcWvS03VxtgwGAT5FKFBeFjJ5jyh5OnNi553cMZn_zRzb0ZYn8zugo0/Apple-iPhone-17-Pro-Max-256-GB-Tiefblau.webp?h=630&w=1200,5379607548,iPhone 17 Pro Max 256 GB Tiefblau,smartphone
b00158,"Apple iPhone 17 Pro Max 256 GB: 6,9"" Display mit ProMotion, A19 Pro Chip, beste Batterielaufzeit, die es je in einem iPhone gab, Pro Fusion Kamera-System, Center Stage Frontkamera; Tiefblau",Amazon Marketplace CE,1349.00,Apple,Handys ohne Vertrag,https://cdn.billiger.com/dynimg/qSO5QG1ZHf3of0p75-xL_Tgcc9Kvqv5XqhE8nUhH7Pc88MgR1b3VHcWvS03VxtgwGAT5FKFBeFjJ5jyh5OnNi553cMZn_zRzb0ZYn8zugo0/Apple-iPhone-17-Pro-Max-256-GB-Tiefblau.webp?h=630&w=1200,5379607548,iPhone 17 Pro Max 256 GB Tiefblau,smartphone
b00159,iPhone 17 Pro Max 256 GB Tiefblau,Joybuy,1349.00,Apple,Handys ohne Vertrag,https://cdn.billiger.com/dynimg/qSO5QG1ZHf3of0p75-xL_Tgcc9Kvqv5XqhE8nUhH7Pc88MgR1b3VHcWvS03VxtgwGAT5FKFBeFjJ5jyh5OnNi553cMZn_zRzb0ZYn8zugo0/Apple-iPhone-17-Pro-Max-256-GB-Tiefblau.webp?h=630&w=1200,5379607548,iPhone 17 Pro Max 256 GB Tiefblau,smartphone
b00160,Apple iPhone 17 Pro Max 256GB/12GB RAM Dual-SIM tiefblau,Electronis.de,1373.98,Apple,Handys ohne Vertrag,https://cdn.billiger.com/dynimg/qSO5QG1ZHf3of0p75-xL_Tgcc9Kvqv5XqhE8nUhH7Pc88MgR1b3VHcWvS03VxtgwGAT5FKFBeFjJ5jyh5OnNi553cMZn_zRzb0ZYn8zugo0/Apple-iPhone-17-Pro-Max-256-GB-Tiefblau.webp?h=630&w=1200,5379607548,iPhone 17 Pro Max 256 GB Tiefblau,smartphone
b00161,Apple iPhone 17 Pro Max - Cosmic Orange - 256GB | Neu | OVP Nur E-SIM möglich!!,ebay.de,1219.99,Apple,Handys ohne Vertrag,https://cdn.billiger.com/dynimg/u6AQkFDr4Mgof0p75-xL_Sb7N29kqd53qhE8nUhH7Pc88MgR1b3VHcWvS03VxtgwESp-E-eXK8cSHNXE2zADIOac7kK72KFB1qSC-j6O0CE/Apple-iPhone-17-Pro-Max-256-GB-Cosmic-Orange.webp?h=630&w=1200,5380810794,iPhone 17 Pro Max 256 GB Cosmic Orange,smartphone
b00162,Apple iPhone 17 Pro Max 256GB Cosmic Orange | NEU | originalverpackt (OVP) | differenzbesteuert AN714885,asgoodasnew,1229.00,Apple,Handys ohne Vertrag,https://cdn.billiger.com/dynimg/u6AQkFDr4Mgof0p75-xL_Sb7N29kqd53qhE8nUhH7Pc88MgR1b3VHcWvS03VxtgwESp-E-eXK8cSHNXE2zADIOac7kK72KFB1qSC-j6O0CE/Apple-iPhone-17-Pro-Max-256-GB-Cosmic-Orange.webp?h=630&w=1200,5380810794,iPhone 17 Pro Max 256 GB Cosmic Orange,smartphone
b00163,"Apple iPhone 17 Pro Max 256 GB: 6,9"" Display mit ProMotion, A19 Pro Chip, beste Batterielaufzeit, die es je in einem iPhone gab, Pro Fusion Kamera-System, Center Stage Frontkamera; Cosmic Orange",amazon.de,1299.00,Apple,Handys ohne Vertrag,https://cdn.billiger.com/dynimg/u6AQkFDr4Mgof0p75-xL_Sb7N29kqd53qhE8nUhH7Pc88MgR1b3VHcWvS03VxtgwESp-E-eXK8cSHNXE2zADIOac7kK72KFB1qSC-j6O0CE/Apple-iPhone-17-Pro-Max-256-GB-Cosmic-Orange.webp?h=630&w=1200,5380810794,iPhone 17 Pro Max 256 GB Cosmic Orange,smartphone
b00164,"Apple iPhone 17 Pro Max 256 GB: 6,9"" Display mit ProMotion, A19 Pro Chip, beste Batterielaufzeit, die es je in einem iPhone gab, Pro Fusion Kamera-System, Center Stage Frontkamera; Cosmic Orange",Amazon Marketplace CE,1299.00,Apple,Handys ohne Vertrag,https://cdn.billiger.com/dynimg/u6AQkFDr4Mgof0p75-xL_Sb7N29kqd53qhE8nUhH7Pc88MgR1b3VHcWvS03VxtgwESp-E-eXK8cSHNXE2zADIOac7kK72KFB1qSC-j6O0CE/Apple-iPhone-17-Pro-Max-256-GB-Cosmic-Orange.webp?h=630&w=1200,5380810794,iPhone 17 Pro Max 256 GB Cosmic Orange,smartphone
b00165,"Apple iPhone 17 Pro Max 256 GB, Kosmisch Orange",Joybuy,1299.00,Apple,Handys ohne Vertrag,https://cdn.billiger.com/dynimg/u6AQkFDr4Mgof0p75-xL_Sb7N29kqd53qhE8nUhH7Pc88MgR1b3VHcWvS03VxtgwESp-E-eXK8cSHNXE2zADIOac7kK72KFB1qSC-j6O0CE/Apple-iPhone-17-Pro-Max-256-GB-Cosmic-Orange.webp?h=630&w=1200,5380810794,iPhone 17 Pro Max 256 GB Cosmic Orange,smartphone
b00166,"Apple iPhone 17 Pro Max (256 GB, Cosmic Orange, 6.90"", Dual SIM, 5G), Smartphone, Orange",Galaxus.de,1305.43,Apple,Handys ohne Vertrag,https://cdn.billiger.com/dynimg/u6AQkFDr4Mgof0p75-xL_Sb7N29kqd53qhE8nUhH7Pc88MgR1b3VHcWvS03VxtgwESp-E-eXK8cSHNXE2zADIOac7kK72KFB1qSC-j6O0CE/Apple-iPhone-17-Pro-Max-256-GB-Cosmic-Orange.webp?h=630&w=1200,5380810794,iPhone 17 Pro Max 256 GB Cosmic Orange,smartphone
b00167,Apple iPhone 17 Pro Max 256GB Orange,coolblue,1349.00,Apple,Handys ohne Vertrag,https://cdn.billiger.com/dynimg/u6AQkFDr4Mgof0p75-xL_Sb7N29kqd53qhE8nUhH7Pc88MgR1b3VHcWvS03VxtgwESp-E-eXK8cSHNXE2zADIOac7kK72KFB1qSC-j6O0CE/Apple-iPhone-17-Pro-Max-256-GB-Cosmic-Orange.webp?h=630&w=1200,5380810794,iPhone 17 Pro Max 256 GB Cosmic Orange,smartphone
b00168,"Apple iPhone 17 Pro Max 17,5 cm (6.9"") Dual-SIM iOS 26 5G USB Typ-C 256 GB Orange - Orange",Kaufland.de,1359.99,Apple,Handys ohne Vertrag,https://cdn.billiger.com/dynimg/u6AQkFDr4Mgof0p75-xL_Sb7N29kqd53qhE8nUhH7Pc88MgR1b3VHcWvS03VxtgwESp-E-eXK8cSHNXE2zADIOac7kK72KFB1qSC-j6O0CE/Apple-iPhone-17-Pro-Max-256-GB-Cosmic-Orange.webp?h=630&w=1200,5380810794,iPhone 17 Pro Max 256 GB Cosmic Orange,smartphone
b00169,Apple iPhone 17 Pro Max 256GB Orange,Gomibo.de,1374.00,Apple,Handys ohne Vertrag,https://cdn.billiger.com/dynimg/u6AQkFDr4Mgof0p75-xL_Sb7N29kqd53qhE8nUhH7Pc88MgR1b3VHcWvS03VxtgwESp-E-eXK8cSHNXE2zADIOac7kK72KFB1qSC-j6O0CE/Apple-iPhone-17-Pro-Max-256-GB-Cosmic-Orange.webp?h=630&w=1200,5380810794,iPhone 17 Pro Max 256 GB Cosmic Orange,smartphone
b00170,Apple iPhone 17 Pro Max 256GB Cosmic Orange (MFYN4ZD/A),JACOB,1389.00,Apple,Handys ohne Vertrag,https://cdn.billiger.com/dynimg/u6AQkFDr4Mgof0p75-xL_Sb7N29kqd53qhE8nUhH7Pc88MgR1b3VHcWvS03VxtgwESp-E-eXK8cSHNXE2zADIOac7kK72KFB1qSC-j6O0CE/Apple-iPhone-17-Pro-Max-256-GB-Cosmic-Orange.webp?h=630&w=1200,5380810794,iPhone 17 Pro Max 256 GB Cosmic Orange,smartphone
b00171,Apple iPhone 17 Pro Max - Silber - 256GB |Neu|OVP Nur E-SIM möglich!Keine Karte,ebay.de,1219.99,Apple,Handys ohne Vertrag,https://cdn.billiger.com/dynimg/JHba4cC-J_Eof0p75-xL_RtkbKXDDRfhqhE8nUhH7Pc88MgR1b3VHcWvS03VxtgwD8QR2p0eZeeUUn9226yxjmiyPlmS6WhuZbVT-mrF0-q/Apple-iPhone-17-Pro-Max-256-GB-Silber.webp?h=630&w=1200,5379619115,iPhone 17 Pro Max 256 GB Silber,smartphone
b00172,iPhone 17 Pro Max 256GB Silber,Joybuy,1299.00,Apple,Handys ohne Vertrag,https://cdn.billiger.com/dynimg/JHba4cC-J_Eof0p75-xL_RtkbKXDDRfhqhE8nUhH7Pc88MgR1b3VHcWvS03VxtgwD8QR2p0eZeeUUn9226yxjmiyPlmS6WhuZbVT-mrF0-q/Apple-iPhone-17-Pro-Max-256-GB-Silber.webp?h=630&w=1200,5379619115,iPhone 17 Pro Max 256 GB Silber,smartphone
b00173,iPhone 17 Pro Max 256GB Silber - Silber,Kaufland.de,1319.00,Apple,Handys ohne Vertrag,https://cdn.billiger.com/dynimg/JHba4cC-J_Eof0p75-xL_RtkbKXDDRfhqhE8nUhH7Pc88MgR1b3VHcWvS03VxtgwD8QR2p0eZeeUUn9226yxjmiyPlmS6WhuZbVT-mrF0-q/Apple-iPhone-17-Pro-Max-256-GB-Silber.webp?h=630&w=1200,5379619115,iPhone 17 Pro Max 256 GB Silber,smartphone
b00174,Apple iPhone 17 Pro Max 256GB Silber,coolblue,1349.00,Apple,Handys ohne Vertrag,https://cdn.billiger.com/dynimg/JHba4cC-J_Eof0p75-xL_RtkbKXDDRfhqhE8nUhH7Pc88MgR1b3VHcWvS03VxtgwD8QR2p0eZeeUUn9226yxjmiyPlmS6WhuZbVT-mrF0-q/Apple-iPhone-17-Pro-Max-256-GB-Silber.webp?h=630&w=1200,5379619115,iPhone 17 Pro Max 256 GB Silber,smartphone
b00175,"Apple iPhone 17 Pro Max (256 GB, Silver, 6.90"", Dual SIM, 5G), Smartphone, Silber",Galaxus.de,1349.00,Apple,Handys ohne Vertrag,https://cdn.billiger.com/dynimg/JHba4cC-J_Eof0p75-xL_RtkbKXDDRfhqhE8nUhH7Pc88MgR1b3VHcWvS03VxtgwD8QR2p0eZeeUUn9226yxjmiyPlmS6WhuZbVT-mrF0-q/Apple-iPhone-17-Pro-Max-256-GB-Silber.webp?h=630&w=1200,5379619115,iPhone 17 Pro Max 256 GB Silber,smartphone
b00176,Apple iPhone 17 Pro Max 256GB Silber,Gomibo.de,1375.00,Apple,Handys ohne Vertrag,https://cdn.billiger.com/dynimg/JHba4cC-J_Eof0p75-xL_RtkbKXDDRfhqhE8nUhH7Pc88MgR1b3VHcWvS03VxtgwD8QR2p0eZeeUUn9226yxjmiyPlmS6WhuZbVT-mrF0-q/Apple-iPhone-17-Pro-Max-256-GB-Silber.webp?h=630&w=1200,5379619115,iPhone 17 Pro Max 256 GB Silber,smartphone
b00177,Apple iPhone 17 Pro Max 256GB/12GB RAM Dual-SIM silber,Electronis.de,1383.99,Apple,Handys ohne Vertrag,https://cdn.billiger.com/dynimg/JHba4cC-J_Eof0p75-xL_RtkbKXDDRfhqhE8nUhH7Pc88MgR1b3VHcWvS03VxtgwD8QR2p0eZeeUUn9226yxjmiyPlmS6WhuZbVT-mrF0-q/Apple-iPhone-17-Pro-Max-256-GB-Silber.webp?h=630&w=1200,5379619115,iPhone 17 Pro Max 256 GB Silber,smartphone
b00178,iPhone 17 Pro Max 256GB Silber,notebooksbilliger,1389.00,Apple,Handys ohne Vertrag,https://cdn.billiger.com/dynimg/JHba4cC-J_Eof0p75-xL_RtkbKXDDRfhqhE8nUhH7Pc88MgR1b3VHcWvS03VxtgwD8QR2p0eZeeUUn9226yxjmiyPlmS6WhuZbVT-mrF0-q/Apple-iPhone-17-Pro-Max-256-GB-Silber.webp?h=630&w=1200,5379619115,iPhone 17 Pro Max 256 GB Silber,smartphone
b00179,Apple iPhone 17 Pro Max 256GB Silver (MFYM4ZD/A),JACOB,1396.37,Apple,Handys ohne Vertrag,https://cdn.billiger.com/dynimg/JHba4cC-J_Eof0p75-xL_RtkbKXDDRfhqhE8nUhH7Pc88MgR1b3VHcWvS03VxtgwD8QR2p0eZeeUUn9226yxjmiyPlmS6WhuZbVT-mrF0-q/Apple-iPhone-17-Pro-Max-256-GB-Silber.webp?h=630&w=1200,5379619115,iPhone 17 Pro Max 256 GB Silber,smartphone
b00180,APPLE iPhone 17 Pro Max 5G 256 GB Silber Dual SIM,Media Markt Online Shop,1419.00,Apple,Handys ohne Vertrag,https://cdn.billiger.com/dynimg/JHba4cC-J_Eof0p75-xL_RtkbKXDDRfhqhE8nUhH7Pc88MgR1b3VHcWvS03VxtgwD8QR2p0eZeeUUn9226yxjmiyPlmS6WhuZbVT-mrF0-q/Apple-iPhone-17-Pro-Max-256-GB-Silber.webp?h=630&w=1200,5379619115,iPhone 17 Pro Max 256 GB Silber,smartphone
b00181,Apple iPhone 16 - 128GB - Black - Schwarz - Differenzbesteuert,ebay.de,595.10,Apple,Handys ohne Vertrag,https://cdn.billiger.com/dynimg/4yCk7xuMjusof0p75-xL_SgqvdqXAvY-6hE8nUhH7Pc88MgR1b3VHcWvS03VxtgwNHACO-i-5qY9y51gH7y-aT5X5lSTEhuHA9s5Y7t92Fq/Apple-iPhone-16-128-GB-Schwarz.webp?h=630&w=1200,5048601355,iPhone 16 128 GB Schwarz,smartphone
b00182,Apple iPhone 16 Schwarz 128GB Neu - Schwarz,Kaufland.de,675.00,Apple,Handys ohne Vertrag,https://cdn.billiger.com/dynimg/4yCk7xuMjusof0p75-xL_SgqvdqXAvY-6hE8nUhH7Pc88MgR1b3VHcWvS03VxtgwNHACO-i-5qY9y51gH7y-aT5X5lSTEhuHA9s5Y7t92Fq/Apple-iPhone-16-128-GB-Schwarz.webp?h=630&w=1200,5048601355,iPhone 16 128 GB Schwarz,smartphone
b00183,iPhone 16,Moblify,699.99,Apple,Handys ohne Vertrag,https://cdn.billiger.com/dynimg/4yCk7xuMjusof0p75-xL_SgqvdqXAvY-6hE8nUhH7Pc88MgR1b3VHcWvS03VxtgwNHACO-i-5qY9y51gH7y-aT5X5lSTEhuHA9s5Y7t92Fq/Apple-iPhone-16-128-GB-Schwarz.webp?h=630&w=1200,5048601355,iPhone 16 128 GB Schwarz,smartphone
b00184,"Apple iPhone 16 128 GB: 5G Handy mit Kamerasteuerung, A18 Chip und einem echten Boost für die Batterie. Funktioniert mit AirPods, Schwarz",amazon.de,739.00,Apple,Handys ohne Vertrag,https://cdn.billiger.com/dynimg/4yCk7xuMjusof0p75-xL_SgqvdqXAvY-6hE8nUhH7Pc88MgR1b3VHcWvS03VxtgwNHACO-i-5qY9y51gH7y-aT5X5lSTEhuHA9s5Y7t92Fq/Apple-iPhone-16-128-GB-Schwarz.webp?h=630&w=1200,5048601355,iPhone 16 128 GB Schwarz,smartphone
b00185,Apple iPhone 16 128GB Schwarz,coolblue,739.00,Apple,Handys ohne Vertrag,https://cdn.billiger.com/dynimg/4yCk7xuMjusof0p75-xL_SgqvdqXAvY-6hE8nUhH7Pc88MgR1b3VHcWvS03VxtgwNHACO-i-5qY9y51gH7y-aT5X5lSTEhuHA9s5Y7t92Fq/Apple-iPhone-16-128-GB-Schwarz.webp?h=630&w=1200,5048601355,iPhone 16 128 GB Schwarz,smartphone
b00186,"Apple iPhone 16 (128 GB, Black, 6.10"", SIM + eSIM, 5G), Smartphone, Schwarz",Galaxus.de,739.00,Apple,Handys ohne Vertrag,https://cdn.billiger.com/dynimg/4yCk7xuMjusof0p75-xL_SgqvdqXAvY-6hE8nUhH7Pc88MgR1b3VHcWvS03VxtgwNHACO-i-5qY9y51gH7y-aT5X5lSTEhuHA9s5Y7t92Fq/Apple-iPhone-16-128-GB-Schwarz.webp?h=630&w=1200,5048601355,iPhone 16 128 GB Schwarz,smartphone
b00187,"Apple iPhone 16 128 GB: 5G Handy mit Kamerasteuerung, A18 Chip und einem echten Boost für die Batterie. Funktioniert mit AirPods, Schwarz",Amazon Marketplace CE,739.00,Apple,Handys ohne Vertrag,https://cdn.billiger.com/dynimg/4yCk7xuMjusof0p75-xL_SgqvdqXAvY-6hE8nUhH7Pc88MgR1b3VHcWvS03VxtgwNHACO-i-5qY9y51gH7y-aT5X5lSTEhuHA9s5Y7t92Fq/Apple-iPhone-16-128-GB-Schwarz.webp?h=630&w=1200,5048601355,iPhone 16 128 GB Schwarz,smartphone
b00188,Apple iPhone 16 128GB - Black - India (MYE73HN/A),JACOB,739.37,Apple,Handys ohne Vertrag,https://cdn.billiger.com/dynimg/4yCk7xuMjusof0p75-xL_SgqvdqXAvY-6hE8nUhH7Pc88MgR1b3VHcWvS03VxtgwNHACO-i-5qY9y51gH7y-aT5X5lSTEhuHA9s5Y7t92Fq/Apple-iPhone-16-128-GB-Schwarz.webp?h=630&w=1200,5048601355,iPhone 16 128 GB Schwarz,smartphone
b00189,Apple iPhone 16 128GB Schwarz,Gomibo.de,745.00,Apple,Handys ohne Vertrag,https://cdn.billiger.com/dynimg/4yCk7xuMjusof0p75-xL_SgqvdqXAvY-6hE8nUhH7Pc88MgR1b3VHcWvS03VxtgwNHACO-i-5qY9y51gH7y-aT5X5lSTEhuHA9s5Y7t92Fq/Apple-iPhone-16-128-GB-Schwarz.webp?h=630&w=1200,5048601355,iPhone 16 128 GB Schwarz,smartphone
b00190,Apple iPhone 16 128GB/8GB RAM Dual-SIM schwarz,Electronis.de,746.94,Apple,Handys ohne Vertrag,https://cdn.billiger.com/dynimg/4yCk7xuMjusof0p75-xL_SgqvdqXAvY-6hE8nUhH7Pc88MgR1b3VHcWvS03VxtgwNHACO-i-5qY9y51gH7y-aT5X5lSTEhuHA9s5Y7t92Fq/Apple-iPhone-16-128-GB-Schwarz.webp?h=630&w=1200,5048601355,iPhone 16 128 GB Schwarz,smartphone
b00191,Apple iPhone 16 - 128GB - Pink - Differenzbesteuert,ebay.de,619.90,Apple,Handys ohne Vertrag,https://cdn.billiger.com/dynimg/0TTl6KpTHqTof0p75-xL_S5yRMHhnsJhKhE8nUhH7Pc88MgR1b3VHcWvS03VxtgwBzsDUbZwMTmeC9reN-Wje3XjeE8M0D95QsMA0UK3HSd/Apple-iPhone-16-128-GB-Pink.webp?h=630&w=1200,5048601384,iPhone 16 128 GB Pink,smartphone
b00192,iPhone 16,Moblify,649.99,Apple,Handys ohne Vertrag,https://cdn.billiger.com/dynimg/0TTl6KpTHqTof0p75-xL_S5yRMHhnsJhKhE8nUhH7Pc88MgR1b3VHcWvS03VxtgwBzsDUbZwMTmeC9reN-Wje3XjeE8M0D95QsMA0UK3HSd/Apple-iPhone-16-128-GB-Pink.webp?h=630&w=1200,5048601384,iPhone 16 128 GB Pink,smartphone
b00193,iPhone 16 128GB Pink - Rosa,Kaufland.de,675.00,Apple,Handys ohne Vertrag,https://cdn.billiger.com/dynimg/0TTl6KpTHqTof0p75-xL_S5yRMHhnsJhKhE8nUhH7Pc88MgR1b3VHcWvS03VxtgwBzsDUbZwMTmeC9reN-Wje3XjeE8M0D95QsMA0UK3HSd/Apple-iPhone-16-128-GB-Pink.webp?h=630&w=1200,5048601384,iPhone 16 128 GB Pink,smartphone
b00194,"Apple iPhone 16 128 GB: 5G Handy mit Kamerasteuerung, A18 Chip und einem echten Boost für die Batterie. Funktioniert mit AirPods, Rosé",amazon.de,749.00,Apple,Handys ohne Vertrag,https://cdn.billiger.com/dynimg/0TTl6KpTHqTof0p75-xL_S5yRMHhnsJhKhE8nUhH7Pc88MgR1b3VHcWvS03VxtgwBzsDUbZwMTmeC9reN-Wje3XjeE8M0D95QsMA0UK3HSd/Apple-iPhone-16-128-GB-Pink.webp?h=630&w=1200,5048601384,iPhone 16 128 GB Pink,smartphone
b00195,Apple iPhone 16 128GB Rosa,coolblue,749.00,Apple,Handys ohne Vertrag,https://cdn.billiger.com/dynimg/0TTl6KpTHqTof0p75-xL_S5yRMHhnsJhKhE8nUhH7Pc88MgR1b3VHcWvS03VxtgwBzsDUbZwMTmeC9reN-Wje3XjeE8M0D95QsMA0UK3HSd/Apple-iPhone-16-128-GB-Pink.webp?h=630&w=1200,5048601384,iPhone 16 128 GB Pink,smartphone
b00196,"Apple iPhone 16 (128 GB, Pink, 6.10"", SIM + eSIM, 5G), Smartphone, Pink",Galaxus.de,749.00,Apple,Handys ohne Vertrag,https://cdn.billiger.com/dynimg/0TTl6KpTHqTof0p75-xL_S5yRMHhnsJhKhE8nUhH7Pc88MgR1b3VHcWvS03VxtgwBzsDUbZwMTmeC9reN-Wje3XjeE8M0D95QsMA0UK3HSd/Apple-iPhone-16-128-GB-Pink.webp?h=630&w=1200,5048601384,iPhone 16 128 GB Pink,smartphone
b00197,"Apple iPhone 16 128 GB: 5G Handy mit Kamerasteuerung, A18 Chip und einem echten Boost für die Batterie. Funktioniert mit AirPods, Rosé",Amazon Marketplace CE,749.00,Apple,Handys ohne Vertrag,https://cdn.billiger.com/dynimg/0TTl6KpTHqTof0p75-xL_S5yRMHhnsJhKhE8nUhH7Pc88MgR1b3VHcWvS03VxtgwBzsDUbZwMTmeC9reN-Wje3XjeE8M0D95QsMA0UK3HSd/Apple-iPhone-16-128-GB-Pink.webp?h=630&w=1200,5048601384,iPhone 16 128 GB Pink,smartphone
b00198,Apple iPhone 16 128GB Rosa,Gomibo.de,750.00,Apple,Handys ohne Vertrag,https://cdn.billiger.com/dynimg/0TTl6KpTHqTof0p75-xL_S5yRMHhnsJhKhE8nUhH7Pc88MgR1b3VHcWvS03VxtgwBzsDUbZwMTmeC9reN-Wje3XjeE8M0D95QsMA0UK3HSd/Apple-iPhone-16-128-GB-Pink.webp?h=630&w=1200,5048601384,iPhone 16 128 GB Pink,smartphone
b00199,"Apple iPhone 16 15,5 cm (6.1"") Dual-SIM iOS 18 5G USB Typ-C 128 GB Pink",JB-Computer,775.54,Apple,Handys ohne Vertrag,https://cdn.billiger.com/dynimg/0TTl6KpTHqTof0p75-xL_S5yRMHhnsJhKhE8nUhH7Pc88MgR1b3VHcWvS03VxtgwBzsDUbZwMTmeC9reN-Wje3XjeE8M0D95QsMA0UK3HSd/Apple-iPhone-16-128-GB-Pink.webp?h=630&w=1200,5048601384,iPhone 16 128 GB Pink,smartphone
b00200,iPhone 16 128GB - Pink,Proshop.de,799.00,Apple,Handys ohne Vertrag,https://cdn.billiger.com/dynimg/0TTl6KpTHqTof0p75-xL_S5yRMHhnsJhKhE8nUhH7Pc88MgR1b3VHcWvS03VxtgwBzsDUbZwMTmeC9reN-Wje3XjeE8M0D95QsMA0UK3HSd/Apple-iPhone-16-128-GB-Pink.webp?h=630&w=1200,5048601384,iPhone 16 128 GB Pink,smartphone
b00201,Apple iPhone 16 - 128GB - Ultramarine - Blau - Differenzbesteuert,ebay.de,619.90,Apple,Handys ohne Vertrag,https://cdn.billiger.com/dynimg/gvVRzSD7C1Aof0p75-xL_R3m5uTyKKZVqhE8nUhH7Pc88MgR1b3VHcWvS03VxtgwM-mieJhvfZK2HPSll9adVuj-4akNImIvcYkyhIXOa0k/Apple-iPhone-16-128-GB-Ultramarin.webp?h=630&w=1200,5048601426,iPhone 16 128 GB Ultramarin,smartphone
b00202,iPhone 16,Moblify,649.99,Apple,Handys ohne Vertrag,https://cdn.billiger.com/dynimg/gvVRzSD7C1Aof0p75-xL_R3m5uTyKKZVqhE8nUhH7Pc88MgR1b3VHcWvS03VxtgwM-mieJhvfZK2HPSll9adVuj-4akNImIvcYkyhIXOa0k/Apple-iPhone-16-128-GB-Ultramarin.webp?h=630&w=1200,5048601426,iPhone 16 128 GB Ultramarin,smartphone
b00203,iPhone 16 128GB Ultramarin,Kaufland.de,675.00,Apple,Handys ohne Vertrag,https://cdn.billiger.com/dynimg/gvVRzSD7C1Aof0p75-xL_R3m5uTyKKZVqhE8nUhH7Pc88MgR1b3VHcWvS03VxtgwM-mieJhvfZK2HPSll9adVuj-4akNImIvcYkyhIXOa0k/Apple-iPhone-16-128-GB-Ultramarin.webp?h=630&w=1200,5048601426,iPhone 16 128 GB Ultramarin,smartphone
b00204,Apple iPhone 16 128GB ultramarin | Zustand: Neu & original versiegelt,buyzoxs,723.84,Apple,Handys ohne Vertrag,https://cdn.billiger.com/dynimg/gvVRzSD7C1Aof0p75-xL_R3m5uTyKKZVqhE8nUhH7Pc88MgR1b3VHcWvS03VxtgwM-mieJhvfZK2HPSll9adVuj-4akNImIvcYkyhIXOa0k/Apple-iPhone-16-128-GB-Ultramarin.webp?h=630&w=1200,5048601426,iPhone 16 128 GB Ultramarin,smartphone
b00205,Apple iPhone 16 128GB Blau,Gomibo.de,745.00,Apple,Handys ohne Vertrag,https://cdn.billiger.com/dynimg/gvVRzSD7C1Aof0p75-xL_R3m5uTyKKZVqhE8nUhH7Pc88MgR1b3VHcWvS03VxtgwM-mieJhvfZK2HPSll9adVuj-4akNImIvcYkyhIXOa0k/Apple-iPhone-16-128-GB-Ultramarin.webp?h=630&w=1200,5048601426,iPhone 16 128 GB Ultramarin,smartphone
b00206,iPhone 16 128GB - Ultramarine,Proshop.de,759.00,Apple,Handys ohne Vertrag,https://cdn.billiger.com/dynimg/gvVRzSD7C1Aof0p75-xL_R3m5uTyKKZVqhE8nUhH7Pc88MgR1b3VHcWvS03VxtgwM-mieJhvfZK2HPSll9adVuj-4akNImIvcYkyhIXOa0k/Apple-iPhone-16-128-GB-Ultramarin.webp?h=630&w=1200,5048601426,iPhone 16 128 GB Ultramarin,smartphone
b00207,Apple iPhone 16 128GB/8GB RAM Dual-SIM ultramarin,Electronis.de,767.74,Apple,Handys ohne Vertrag,https://cdn.billiger.com/dynimg/gvVRzSD7C1Aof0p75-xL_R3m5uTyKKZVqhE8nUhH7Pc88MgR1b3VHcWvS03VxtgwM-mieJhvfZK2HPSll9adVuj-4akNImIvcYkyhIXOa0k/Apple-iPhone-16-128-GB-Ultramarin.webp?h=630&w=1200,5048601426,iPhone 16 128 GB Ultramarin,smartphone
b00208,"Apple iPhone 16 15,5 cm (6.1"") Dual-SIM iOS 18 5G USB Typ-C 128 GB Blau",JB-Computer,771.89,Apple,Handys ohne Vertrag,https://cdn.billiger.com/dynimg/gvVRzSD7C1Aof0p75-xL_R3m5uTyKKZVqhE8nUhH7Pc88MgR1b3VHcWvS03VxtgwM-mieJhvfZK2HPSll9adVuj-4akNImIvcYkyhIXOa0k/Apple-iPhone-16-128-GB-Ultramarin.webp?h=630&w=1200,5048601426,iPhone 16 128 GB Ultramarin,smartphone
b00209,Apple iPhone 16 128GB Ultramarine (MYEC3ZD/A),JACOB,774.06,Apple,Handys ohne Vertrag,https://cdn.billiger.com/dynimg/gvVRzSD7C1Aof0p75-xL_R3m5uTyKKZVqhE8nUhH7Pc88MgR1b3VHcWvS03VxtgwM-mieJhvfZK2HPSll9adVuj-4akNImIvcYkyhIXOa0k/Apple-iPhone-16-128-GB-Ultramarin.webp?h=630&w=1200,5048601426,iPhone 16 128 GB Ultramarin,smartphone
b00210,"Apple iPhone 16 (128 GB, Ultramarine, 6.10"", SIM + eSIM, 5G), Smartphone, Violett",Galaxus.de,789.37,Apple,Handys ohne Vertrag,https://cdn.billiger.com/dynimg/gvVRzSD7C1Aof0p75-xL_R3m5uTyKKZVqhE8nUhH7Pc88MgR1b3VHcWvS03VxtgwM-mieJhvfZK2HPSll9adVuj-4akNImIvcYkyhIXOa0k/Apple-iPhone-16-128-GB-Ultramarin.webp?h=630&w=1200,5048601426,iPhone 16 128 GB Ultramarin,smartphone
b00211,"Samsung Galaxy A56 5G 17 cm (6.7"") Dual-SIM Android 15 USB Typ-C 8 GB 128 GB 5000 mAh Graphit - Grau",Kaufland.de,295.00,Samsung,Handys ohne Vertrag,https://cdn.billiger.com/dynimg/mDcd7jvB0GTof0p75-xL_Sqcdqdhw3vy6hE8nUhH7Pc88MgR1b3VHcWvS03VxtgwFPWToK-WYmvLQeaRxiogf63kLcqjfVQuvLRlRFHtWb_/Samsung-Galaxy-A56-5G-8-GB-RAM-128-GB-Awesome-Graphite.webp?h=630&w=1200,5209158375,Galaxy A56 5G 8 GB RAM 128 GB Awesome Graphite,smartphone
b00212,Samsung Galaxy A56 5G 128 Go 8 Go RAM - Graphite,Amazon Marketplace CE,302.00,Samsung,Handys ohne Vertrag,https://cdn.billiger.com/dynimg/mDcd7jvB0GTof0p75-xL_Sqcdqdhw3vy6hE8nUhH7Pc88MgR1b3VHcWvS03VxtgwFPWToK-WYmvLQeaRxiogf63kLcqjfVQuvLRlRFHtWb_/Samsung-Galaxy-A56-5G-8-GB-RAM-128-GB-Awesome-Graphite.webp?h=630&w=1200,5209158375,Galaxy A56 5G 8 GB RAM 128 GB Awesome Graphite,smartphone
b00213,"Samsung A566B/DS Galaxy A56 5G, Dual, 128GB 8GB Ram, Awesome Graphite",Amazon Marketplace PC Notebook,302.00,Samsung,Handys ohne Vertrag,https://cdn.billiger.com/dynimg/mDcd7jvB0GTof0p75-xL_Sqcdqdhw3vy6hE8nUhH7Pc88MgR1b3VHcWvS03VxtgwFPWToK-WYmvLQeaRxiogf63kLcqjfVQuvLRlRFHtWb_/Samsung-Galaxy-A56-5G-8-GB-RAM-128-GB-Awesome-Graphite.webp?h=630&w=1200,5209158375,Galaxy A56 5G 8 GB RAM 128 GB Awesome Graphite,smartphone
b00214,Samsung Galaxy A56 5G 128GB A566 Dunkelgrau,Gomibo.de,311.00,Samsung,Handys ohne Vertrag,https://cdn.billiger.com/dynimg/mDcd7jvB0GTof0p75-xL_Sqcdqdhw3vy6hE8nUhH7Pc88MgR1b3VHcWvS03VxtgwFPWToK-WYmvLQeaRxiogf63kLcqjfVQuvLRlRFHtWb_/Samsung-Galaxy-A56-5G-8-GB-RAM-128-GB-Awesome-Graphite.webp?h=630&w=1200,5209158375,Galaxy A56 5G 8 GB RAM 128 GB Awesome Graphite,smartphone
b00215,"Samsung Galaxy A56 (128 GB, Awesome Graphite, 6.70"", Dual SIM, 5G), Smartphone, Grau",Galaxus.de,314.00,Samsung,Handys ohne Vertrag,https://cdn.billiger.com/dynimg/mDcd7jvB0GTof0p75-xL_Sqcdqdhw3vy6hE8nUhH7Pc88MgR1b3VHcWvS03VxtgwFPWToK-WYmvLQeaRxiogf63kLcqjfVQuvLRlRFHtWb_/Samsung-Galaxy-A56-5G-8-GB-RAM-128-GB-Awesome-Graphite.webp?h=630&w=1200,5209158375,Galaxy A56 5G 8 GB RAM 128 GB Awesome Graphite,smartphone
b00216,Samsung Galaxy A56 128GB Schwarz 5G,coolblue,318.90,Samsung,Handys ohne Vertrag,https://cdn.billiger.com/dynimg/mDcd7jvB0GTof0p75-xL_Sqcdqdhw3vy6hE8nUhH7Pc88MgR1b3VHcWvS03VxtgwFPWToK-WYmvLQeaRxiogf63kLcqjfVQuvLRlRFHtWb_/Samsung-Galaxy-A56-5G-8-GB-RAM-128-GB-Awesome-Graphite.webp?h=630&w=1200,5209158375,Galaxy A56 5G 8 GB RAM 128 GB Awesome Graphite,smartphone
b00217,"Samsung Galaxy A56 5G 128GB Awesome Graphite 17,01cm (6,7"") Super AMOLED Display, Android 15, 50MP Triple-Kamera",notebooksbilliger,319.00,Samsung,Handys ohne Vertrag,https://cdn.billiger.com/dynimg/mDcd7jvB0GTof0p75-xL_Sqcdqdhw3vy6hE8nUhH7Pc88MgR1b3VHcWvS03VxtgwFPWToK-WYmvLQeaRxiogf63kLcqjfVQuvLRlRFHtWb_/Samsung-Galaxy-A56-5G-8-GB-RAM-128-GB-Awesome-Graphite.webp?h=630&w=1200,5209158375,Galaxy A56 5G 8 GB RAM 128 GB Awesome Graphite,smartphone
b00218,Samsung GALAXY A56 5G SM-A566B Dual-SIM 8/128GB Awesome Graphite Android 15 Smartphone,computeruniverse.net,321.00,Samsung,Handys ohne Vertrag,https://cdn.billiger.com/dynimg/mDcd7jvB0GTof0p75-xL_Sqcdqdhw3vy6hE8nUhH7Pc88MgR1b3VHcWvS03VxtgwFPWToK-WYmvLQeaRxiogf63kLcqjfVQuvLRlRFHtWb_/Samsung-Galaxy-A56-5G-8-GB-RAM-128-GB-Awesome-Graphite.webp?h=630&w=1200,5209158375,Galaxy A56 5G 8 GB RAM 128 GB Awesome Graphite,smartphone
b00219,Samsung GALAXY A56 5G SM-A566B Dual-SIM 8/128GB Awesome Graphite Android 15 Smartphone,Cyberport,321.00,Samsung,Handys ohne Vertrag,https://cdn.billiger.com/dynimg/mDcd7jvB0GTof0p75-xL_Sqcdqdhw3vy6hE8nUhH7Pc88MgR1b3VHcWvS03VxtgwFPWToK-WYmvLQeaRxiogf63kLcqjfVQuvLRlRFHtWb_/Samsung-Galaxy-A56-5G-8-GB-RAM-128-GB-Awesome-Graphite.webp?h=630&w=1200,5209158375,Galaxy A56 5G 8 GB RAM 128 GB Awesome Graphite,smartphone
b00220,"Samsung Smartphone Galaxy A56 5G, 128GB, 6,7 Zoll, 8GB RAM, 5G, Android, awesome graphite",bueromarkt-ag.de,323.86,Samsung,Handys ohne Vertrag,https://cdn.billiger.com/dynimg/mDcd7jvB0GTof0p75-xL_Sqcdqdhw3vy6hE8nUhH7Pc88MgR1b3VHcWvS03VxtgwFPWToK-WYmvLQeaRxiogf63kLcqjfVQuvLRlRFHtWb_/Samsung-Galaxy-A56-5G-8-GB-RAM-128-GB-Awesome-Graphite.webp?h=630&w=1200,5209158375,Galaxy A56 5G 8 GB RAM 128 GB Awesome Graphite,smartphone
b00221,"Samsung Galaxy A56G 5G – 6,7 Zoll Display, 8 GB RAM, 128 GB Speicher",ebay.de,300.00,Samsung,Handys ohne Vertrag,https://cdn.billiger.com/dynimg/K4VM08lpO3Zof0p75-xL_SKxgkoXeUNsKhE8nUhH7Pc88MgR1b3VHcWvS03VxtgwFPWToK-WYmvLQeaRxiogf63kLcqjfVQuvLRlRFHtWb_/Samsung-Galaxy-A56-5G-8-GB-RAM-128-GB-Enterprise-Edition-Awesome-Graphite.webp?h=630&w=1200,5220991560,Galaxy A56 5G 8 GB RAM 128 GB Enterprise Edition Awesome Graphite,smartphone
b00222,Samsung Galaxy A56 5G 128GB A566 Dunkelgrau Enterprise Edition,Gomibo.de,307.00,Samsung,Handys ohne Vertrag,https://cdn.billiger.com/dynimg/K4VM08lpO3Zof0p75-xL_SKxgkoXeUNsKhE8nUhH7Pc88MgR1b3VHcWvS03VxtgwFPWToK-WYmvLQeaRxiogf63kLcqjfVQuvLRlRFHtWb_/Samsung-Galaxy-A56-5G-8-GB-RAM-128-GB-Enterprise-Edition-Awesome-Graphite.webp?h=630&w=1200,5220991560,Galaxy A56 5G 8 GB RAM 128 GB Enterprise Edition Awesome Graphite,smartphone
b00223,"Samsung Galaxy A56 5G Enterprise 128GB Awesome Graphite 17,01cm (6,7"") Super AMOLED Display, Android 15, 50MP Triple-Kamera",notebooksbilliger,307.00,Samsung,Handys ohne Vertrag,https://cdn.billiger.com/dynimg/K4VM08lpO3Zof0p75-xL_SKxgkoXeUNsKhE8nUhH7Pc88MgR1b3VHcWvS03VxtgwFPWToK-WYmvLQeaRxiogf63kLcqjfVQuvLRlRFHtWb_/Samsung-Galaxy-A56-5G-8-GB-RAM-128-GB-Enterprise-Edition-Awesome-Graphite.webp?h=630&w=1200,5220991560,Galaxy A56 5G 8 GB RAM 128 GB Enterprise Edition Awesome Graphite,smartphone
b00224,"Samsung Smartphone Galaxy A56 5G, 128GB, Enterprise Edition, 6,7 Zoll, 5G, Android, awesome graphite",bueromarkt-ag.de,309.00,Samsung,Handys ohne Vertrag,https://cdn.billiger.com/dynimg/K4VM08lpO3Zof0p75-xL_SKxgkoXeUNsKhE8nUhH7Pc88MgR1b3VHcWvS03VxtgwFPWToK-WYmvLQeaRxiogf63kLcqjfVQuvLRlRFHtWb_/Samsung-Galaxy-A56-5G-8-GB-RAM-128-GB-Enterprise-Edition-Awesome-Graphite.webp?h=630&w=1200,5220991560,Galaxy A56 5G 8 GB RAM 128 GB Enterprise Edition Awesome Graphite,smartphone
b00225,Samsung Galaxy A56 128GB Schwarz 5G Enterprise Edition,coolblue,309.00,Samsung,Handys ohne Vertrag,https://cdn.billiger.com/dynimg/K4VM08lpO3Zof0p75-xL_SKxgkoXeUNsKhE8nUhH7Pc88MgR1b3VHcWvS03VxtgwFPWToK-WYmvLQeaRxiogf63kLcqjfVQuvLRlRFHtWb_/Samsung-Galaxy-A56-5G-8-GB-RAM-128-GB-Enterprise-Edition-Awesome-Graphite.webp?h=630&w=1200,5220991560,Galaxy A56 5G 8 GB RAM 128 GB Enterprise Edition Awesome Graphite,smartphone
b00226,"Samsung Galaxy A56 EE (128 GB, Awesome Graphite, 6.70"", Dual SIM, 5G), Smartphone, Grau",Galaxus.de,309.00,Samsung,Handys ohne Vertrag,https://cdn.billiger.com/dynimg/K4VM08lpO3Zof0p75-xL_SKxgkoXeUNsKhE8nUhH7Pc88MgR1b3VHcWvS03VxtgwFPWToK-WYmvLQeaRxiogf63kLcqjfVQuvLRlRFHtWb_/Samsung-Galaxy-A56-5G-8-GB-RAM-128-GB-Enterprise-Edition-Awesome-Graphite.webp?h=630&w=1200,5220991560,Galaxy A56 5G 8 GB RAM 128 GB Enterprise Edition Awesome Graphite,smartphone
b00227,"Samsung Galaxy A56 5G Awesome Graphite...[Italienische, ungarische, polnische, rumänische, österreichische und schweizerische Versionen]",Amazon Marketplace CE,309.00,Samsung,Handys ohne Vertrag,https://cdn.billiger.com/dynimg/K4VM08lpO3Zof0p75-xL_SKxgkoXeUNsKhE8nUhH7Pc88MgR1b3VHcWvS03VxtgwFPWToK-WYmvLQeaRxiogf63kLcqjfVQuvLRlRFHtWb_/Samsung-Galaxy-A56-5G-8-GB-RAM-128-GB-Enterprise-Edition-Awesome-Graphite.webp?h=630&w=1200,5220991560,Galaxy A56 5G 8 GB RAM 128 GB Enterprise Edition Awesome Graphite,smartphone
b00228,Galaxy A56 5G 128GB Enterprise Edition Awesome Graphite Smartphone,Expert,309.99,Samsung,Handys ohne Vertrag,https://cdn.billiger.com/dynimg/K4VM08lpO3Zof0p75-xL_SKxgkoXeUNsKhE8nUhH7Pc88MgR1b3VHcWvS03VxtgwFPWToK-WYmvLQeaRxiogf63kLcqjfVQuvLRlRFHtWb_/Samsung-Galaxy-A56-5G-8-GB-RAM-128-GB-Enterprise-Edition-Awesome-Graphite.webp?h=630&w=1200,5220991560,Galaxy A56 5G 8 GB RAM 128 GB Enterprise Edition Awesome Graphite,smartphone
b00229,Samsung Galaxy A56 EE 5G Enterprise Edition 8GB 128GB Awesome Graphite (SM-A566BZKAEEB),JACOB,313.98,Samsung,Handys ohne Vertrag,https://cdn.billiger.com/dynimg/K4VM08lpO3Zof0p75-xL_SKxgkoXeUNsKhE8nUhH7Pc88MgR1b3VHcWvS03VxtgwFPWToK-WYmvLQeaRxiogf63kLcqjfVQuvLRlRFHtWb_/Samsung-Galaxy-A56-5G-8-GB-RAM-128-GB-Enterprise-Edition-Awesome-Graphite.webp?h=630&w=1200,5220991560,Galaxy A56 5G 8 GB RAM 128 GB Enterprise Edition Awesome Graphite,smartphone
b00230,Samsung GALAXY A56 Enterprise Edition SM-A566B Dual-SIM 8/128GB Awesome Graphite Android 15 Smartphone,computeruniverse.net,314.00,Samsung,Handys ohne Vertrag,https://cdn.billiger.com/dynimg/K4VM08lpO3Zof0p75-xL_SKxgkoXeUNsKhE8nUhH7Pc88MgR1b3VHcWvS03VxtgwFPWToK-WYmvLQeaRxiogf63kLcqjfVQuvLRlRFHtWb_/Samsung-Galaxy-A56-5G-8-GB-RAM-128-GB-Enterprise-Edition-Awesome-Graphite.webp?h=630&w=1200,5220991560,Galaxy A56 5G 8 GB RAM 128 GB Enterprise Edition Awesome Graphite,smartphone
b00231,"Samsung Galaxy A56 5G 128GB Awesome Lightgray EU 17,01cm (6,7"") Super AMOLED Display, Android 15, 50MP Triple-Kamera",notebooksbilliger,312.99,Samsung,Handys ohne Vertrag,https://cdn.billiger.com/dynimg/tKcCVJQ4SyLof0p75-xL_R2zCHpPi-YVKhE8nUhH7Pc88MgR1b3VHcWvS03VxtgwKyZNKCuiQNH3qZrA0e0Tt8eSFJ_vDrcB3GLKf08KjbI/Samsung-Galaxy-A56-5G-8-GB-RAM-128-GB-Awesome-Lightgray.webp?h=630&w=1200,5208974616,Galaxy A56 5G 8 GB RAM 128 GB Awesome Lightgray,smartphone
b00232,Samsung Galaxy A56 128GB Grau 5G,coolblue,317.00,Samsung,Handys ohne Vertrag,https://cdn.billiger.com/dynimg/tKcCVJQ4SyLof0p75-xL_R2zCHpPi-YVKhE8nUhH7Pc88MgR1b3VHcWvS03VxtgwKyZNKCuiQNH3qZrA0e0Tt8eSFJ_vDrcB3GLKf08KjbI/Samsung-Galaxy-A56-5G-8-GB-RAM-128-GB-Awesome-Lightgray.webp?h=630&w=1200,5208974616,Galaxy A56 5G 8 GB RAM 128 GB Awesome Lightgray,smartphone
b00233,"Samsung Galaxy A56 (128 GB, Awesome Lightgray, 6.70"", Dual SIM, 5G), Smartphone, Grau",Galaxus.de,317.00,Samsung,Handys ohne Vertrag,https://cdn.billiger.com/dynimg/tKcCVJQ4SyLof0p75-xL_R2zCHpPi-YVKhE8nUhH7Pc88MgR1b3VHcWvS03VxtgwKyZNKCuiQNH3qZrA0e0Tt8eSFJ_vDrcB3GLKf08KjbI/Samsung-Galaxy-A56-5G-8-GB-RAM-128-GB-Awesome-Lightgray.webp?h=630&w=1200,5208974616,Galaxy A56 5G 8 GB RAM 128 GB Awesome Lightgray,smartphone
b00234,"Samsung Smartphone Galaxy A56 5G, 128GB, 6,7 Zoll, 8GB RAM, 5G, Android, awesome lightgray",bueromarkt-ag.de,317.17,Samsung,Handys ohne Vertrag,https://cdn.billiger.com/dynimg/tKcCVJQ4SyLof0p75-xL_R2zCHpPi-YVKhE8nUhH7Pc88MgR1b3VHcWvS03VxtgwKyZNKCuiQNH3qZrA0e0Tt8eSFJ_vDrcB3GLKf08KjbI/Samsung-Galaxy-A56-5G-8-GB-RAM-128-GB-Awesome-Lightgray.webp?h=630&w=1200,5208974616,Galaxy A56 5G 8 GB RAM 128 GB Awesome Lightgray,smartphone
b00235,SAMSUNG Galaxy A56 5G 8+128GB awesome lightgray,e-tec,319.00,Samsung,Handys ohne Vertrag,https://cdn.billiger.com/dynimg/tKcCVJQ4SyLof0p75-xL_R2zCHpPi-YVKhE8nUhH7Pc88MgR1b3VHcWvS03VxtgwKyZNKCuiQNH3qZrA0e0Tt8eSFJ_vDrcB3GLKf08KjbI/Samsung-Galaxy-A56-5G-8-GB-RAM-128-GB-Awesome-Lightgray.webp?h=630&w=1200,5208974616,Galaxy A56 5G 8 GB RAM 128 GB Awesome Lightgray,smartphone
b00236,"Galaxy A56 5G 128GB, Handy - Awesome Lightgray, Android 15, 8 GB",Alternate,319.00,Samsung,Handys ohne Vertrag,https://cdn.billiger.com/dynimg/tKcCVJQ4SyLof0p75-xL_R2zCHpPi-YVKhE8nUhH7Pc88MgR1b3VHcWvS03VxtgwKyZNKCuiQNH3qZrA0e0Tt8eSFJ_vDrcB3GLKf08KjbI/Samsung-Galaxy-A56-5G-8-GB-RAM-128-GB-Awesome-Lightgray.webp?h=630&w=1200,5208974616,Galaxy A56 5G 8 GB RAM 128 GB Awesome Lightgray,smartphone
b00237,Samsung GALAXY A56 5G SM-A566B Dual-SIM 8/128GB Awesome Lightgray Android 15 Smartphone,computeruniverse.net,325.00,Samsung,Handys ohne Vertrag,https://cdn.billiger.com/dynimg/tKcCVJQ4SyLof0p75-xL_R2zCHpPi-YVKhE8nUhH7Pc88MgR1b3VHcWvS03VxtgwKyZNKCuiQNH3qZrA0e0Tt8eSFJ_vDrcB3GLKf08KjbI/Samsung-Galaxy-A56-5G-8-GB-RAM-128-GB-Awesome-Lightgray.webp?h=630&w=1200,5208974616,Galaxy A56 5G 8 GB RAM 128 GB Awesome Lightgray,smartphone
b00238,Samsung GALAXY A56 5G SM-A566B Dual-SIM 8/128GB Awesome Lightgray Android 15 Smartphone,Cyberport,325.00,Samsung,Handys ohne Vertrag,https://cdn.billiger.com/dynimg/tKcCVJQ4SyLof0p75-xL_R2zCHpPi-YVKhE8nUhH7Pc88MgR1b3VHcWvS03VxtgwKyZNKCuiQNH3qZrA0e0Tt8eSFJ_vDrcB3GLKf08KjbI/Samsung-Galaxy-A56-5G-8-GB-RAM-128-GB-Awesome-Lightgray.webp?h=630&w=1200,5208974616,Galaxy A56 5G 8 GB RAM 128 GB Awesome Lightgray,smartphone
b00239,Samsung A566 Galaxy A56 5G 128GB/8GB RAM Dual-SIM awesome-lightgray,Electronis.de,326.98,Samsung,Handys ohne Vertrag,https://cdn.billiger.com/dynimg/tKcCVJQ4SyLof0p75-xL_R2zCHpPi-YVKhE8nUhH7Pc88MgR1b3VHcWvS03VxtgwKyZNKCuiQNH3qZrA0e0Tt8eSFJ_vDrcB3GLKf08KjbI/Samsung-Galaxy-A56-5G-8-GB-RAM-128-GB-Awesome-Lightgray.webp?h=630&w=1200,5208974616,Galaxy A56 5G 8 GB RAM 128 GB Awesome Lightgray,smartphone
b00240,Samsung Galaxy A56 5G 128GB A566 Hellgrau,Gomibo.de,336.00,Samsung,Handys ohne Vertrag,https://cdn.billiger.com/dynimg/tKcCVJQ4SyLof0p75-xL_R2zCHpPi-YVKhE8nUhH7Pc88MgR1b3VHcWvS03VxtgwKyZNKCuiQNH3qZrA0e0Tt8eSFJ_vDrcB3GLKf08KjbI/Samsung-Galaxy-A56-5G-8-GB-RAM-128-GB-Awesome-Lightgray.webp?h=630&w=1200,5208974616,Galaxy A56 5G 8 GB RAM 128 GB Awesome Lightgray,smartphone
b00241,"Smartphone Samsung Galaxy S25 ULTRA 5G 6,9” S938 12+256GB DualSim Gray",ebay.de,779.90,Samsung,Handys ohne Vertrag,https://cdn.billiger.com/dynimg/DvU7ozmW-G3of0p75-xL_SYNnSoiqbc-ahE8nUhH7Pc88MgR1b3VHcWvS03VxtgwAZShcLcvQlKgoIinCqb--RLvYq86uLAbixgfFcfQeeB/Samsung-Galaxy-S25-Ultra-5G-256-GB-Titanium-Grey.webp?h=630&w=1200,5173877540,Galaxy S25 Ultra 5G 256 GB Titanium Grey,smartphone
b00242,Samsung S938 Galaxy S25 Ultra 256GB/12GB RAM Dual-SIM titanium-gray,Electronis.de,828.68,Samsung,Handys ohne Vertrag,https://cdn.billiger.com/dynimg/DvU7ozmW-G3of0p75-xL_SYNnSoiqbc-ahE8nUhH7Pc88MgR1b3VHcWvS03VxtgwAZShcLcvQlKgoIinCqb--RLvYq86uLAbixgfFcfQeeB/Samsung-Galaxy-S25-Ultra-5G-256-GB-Titanium-Grey.webp?h=630&w=1200,5173877540,Galaxy S25 Ultra 5G 256 GB Titanium Grey,smartphone
b00243,"Samsung Galaxy S25 Ultra 256GB Titanium Gray 17,42cm (6,9"") OLED Display, Android 15, 200MP Quad-Kamera",notebooksbilliger,829.00,Samsung,Handys ohne Vertrag,https://cdn.billiger.com/dynimg/DvU7ozmW-G3of0p75-xL_SYNnSoiqbc-ahE8nUhH7Pc88MgR1b3VHcWvS03VxtgwAZShcLcvQlKgoIinCqb--RLvYq86uLAbixgfFcfQeeB/Samsung-Galaxy-S25-Ultra-5G-256-GB-Titanium-Grey.webp?h=630&w=1200,5173877540,Galaxy S25 Ultra 5G 256 GB Titanium Grey,smartphone
b00244,Samsung Galaxy S25 Ultra 256GB Titanium Gray,Amazon Marketplace CE,845.00,Samsung,Handys ohne Vertrag,https://cdn.billiger.com/dynimg/DvU7ozmW-G3of0p75-xL_SYNnSoiqbc-ahE8nUhH7Pc88MgR1b3VHcWvS03VxtgwAZShcLcvQlKgoIinCqb--RLvYq86uLAbixgfFcfQeeB/Samsung-Galaxy-S25-Ultra-5G-256-GB-Titanium-Grey.webp?h=630&w=1200,5173877540,Galaxy S25 Ultra 5G 256 GB Titanium Grey,smartphone
b00245,Samsung Galaxy S25 Ultra 256GB S938 Grau,Gomibo.de,846.00,Samsung,Handys ohne Vertrag,https://cdn.billiger.com/dynimg/DvU7ozmW-G3of0p75-xL_SYNnSoiqbc-ahE8nUhH7Pc88MgR1b3VHcWvS03VxtgwAZShcLcvQlKgoIinCqb--RLvYq86uLAbixgfFcfQeeB/Samsung-Galaxy-S25-Ultra-5G-256-GB-Titanium-Grey.webp?h=630&w=1200,5173877540,Galaxy S25 Ultra 5G 256 GB Titanium Grey,smartphone
b00246,"Galaxy S25 Ultra 256GB, Handy - Titanium Grey, Android 15, 5G, 12 GB",Alternate,852.00,Samsung,Handys ohne Vertrag,https://cdn.billiger.com/dynimg/DvU7ozmW-G3of0p75-xL_SYNnSoiqbc-ahE8nUhH7Pc88MgR1b3VHcWvS03VxtgwAZShcLcvQlKgoIinCqb--RLvYq86uLAbixgfFcfQeeB/Samsung-Galaxy-S25-Ultra-5G-256-GB-Titanium-Grey.webp?h=630&w=1200,5173877540,Galaxy S25 Ultra 5G 256 GB Titanium Grey,smartphone
b00247,"Samsung Galaxy S25 Ultra 17,5 cm (6.9"") Dual-SIM Android 15 5G USB Typ-C 12 GB 256 GB 5000 mAh Grau, Titan",JB-Computer,862.54,Samsung,Handys ohne Vertrag,https://cdn.billiger.com/dynimg/DvU7ozmW-G3of0p75-xL_SYNnSoiqbc-ahE8nUhH7Pc88MgR1b3VHcWvS03VxtgwAZShcLcvQlKgoIinCqb--RLvYq86uLAbixgfFcfQeeB/Samsung-Galaxy-S25-Ultra-5G-256-GB-Titanium-Grey.webp?h=630&w=1200,5173877540,Galaxy S25 Ultra 5G 256 GB Titanium Grey,smartphone
b00248,Samsung GALAXY S25 Ultra 5G S938B DS 256GB Titanium Gray Android 15.0 Smartphone (EU),computeruniverse.net,863.00,Samsung,Handys ohne Vertrag,https://cdn.billiger.com/dynimg/DvU7ozmW-G3of0p75-xL_SYNnSoiqbc-ahE8nUhH7Pc88MgR1b3VHcWvS03VxtgwAZShcLcvQlKgoIinCqb--RLvYq86uLAbixgfFcfQeeB/Samsung-Galaxy-S25-Ultra-5G-256-GB-Titanium-Grey.webp?h=630&w=1200,5173877540,Galaxy S25 Ultra 5G 256 GB Titanium Grey,smartphone
b00249,Samsung GALAXY S25 Ultra 5G S938B DS 256GB Titanium Gray Android 15.0 Smartphone (EU),Cyberport,863.00,Samsung,Handys ohne Vertrag,https://cdn.billiger.com/dynimg/DvU7ozmW-G3of0p75-xL_SYNnSoiqbc-ahE8nUhH7Pc88MgR1b3VHcWvS03VxtgwAZShcLcvQlKgoIinCqb--RLvYq86uLAbixgfFcfQeeB/Samsung-Galaxy-S25-Ultra-5G-256-GB-Titanium-Grey.webp?h=630&w=1200,5173877540,Galaxy S25 Ultra 5G 256 GB Titanium Grey,smartphone
b00250,"Samsung Galaxy S25 Ultra (256 GB, Titanium Gray, 6.90"", Dual SIM, 5G), Smartphone, Grau",Galaxus.de,866.33,Samsung,Handys ohne Vertrag,https://cdn.billiger.com/dynimg/DvU7ozmW-G3of0p75-xL_SYNnSoiqbc-ahE8nUhH7Pc88MgR1b3VHcWvS03VxtgwAZShcLcvQlKgoIinCqb--RLvYq86uLAbixgfFcfQeeB/Samsung-Galaxy-S25-Ultra-5G-256-GB-Titanium-Grey.webp?h=630&w=1200,5173877540,Galaxy S25 Ultra 5G 256 GB Titanium Grey,smartphone
b00251,"Smartphone Samsung Galaxy S25 ULTRA 5G 6,9” S938 12+256GB DualSim Silverblue",ebay.de,779.90,Samsung,Handys ohne Vertrag,https://cdn.billiger.com/dynimg/pn8TI7EERpGof0p75-xL_RI1KcKeKE5SahE8nUhH7Pc88MgR1b3VHcWvS03VxtgwJ2sL-6u6lLVK0cWJyRSprywTicXlNGH8bIcszfE7PIo/Samsung-Galaxy-S25-Ultra-5G-256-GB-Titanium-Silverblue.webp?h=630&w=1200,5173800034,Galaxy S25 Ultra 5G 256 GB Titanium Silverblue,smartphone
b00252,Samsung Galaxy S25 Ultra 256GB Titanium SILVERBLUE,Amazon Marketplace CE,826.37,Samsung,Handys ohne Vertrag,https://cdn.billiger.com/dynimg/pn8TI7EERpGof0p75-xL_RI1KcKeKE5SahE8nUhH7Pc88MgR1b3VHcWvS03VxtgwJ2sL-6u6lLVK0cWJyRSprywTicXlNGH8bIcszfE7PIo/Samsung-Galaxy-S25-Ultra-5G-256-GB-Titanium-Silverblue.webp?h=630&w=1200,5173800034,Galaxy S25 Ultra 5G 256 GB Titanium Silverblue,smartphone
b00253,"Samsung Galaxy S25 Ultra 256GB Titanium Silverblue EU 17,42cm (6,9"") OLED Display, Android 15, 200MP Quad-Kamera",notebooksbilliger,834.00,Samsung,Handys ohne Vertrag,https://cdn.billiger.com/dynimg/pn8TI7EERpGof0p75-xL_RI1KcKeKE5SahE8nUhH7Pc88MgR1b3VHcWvS03VxtgwJ2sL-6u6lLVK0cWJyRSprywTicXlNGH8bIcszfE7PIo/Samsung-Galaxy-S25-Ultra-5G-256-GB-Titanium-Silverblue.webp?h=630&w=1200,5173800034,Galaxy S25 Ultra 5G 256 GB Titanium Silverblue,smartphone
b00254,"Galaxy S25 Ultra 256GB, Handy - Titanium Silverblue, Android 15, 5G, 12 GB",Alternate,834.00,Samsung,Handys ohne Vertrag,https://cdn.billiger.com/dynimg/pn8TI7EERpGof0p75-xL_RI1KcKeKE5SahE8nUhH7Pc88MgR1b3VHcWvS03VxtgwJ2sL-6u6lLVK0cWJyRSprywTicXlNGH8bIcszfE7PIo/Samsung-Galaxy-S25-Ultra-5G-256-GB-Titanium-Silverblue.webp?h=630&w=1200,5173800034,Galaxy S25 Ultra 5G 256 GB Titanium Silverblue,smartphone
b00255,Samsung S938 Galaxy S25 Ultra 256GB/12GB RAM Dual-SIM titanium-silverblue,Electronis.de,838.71,Samsung,Handys ohne Vertrag,https://cdn.billiger.com/dynimg/pn8TI7EERpGof0p75-xL_RI1KcKeKE5SahE8nUhH7Pc88MgR1b3VHcWvS03VxtgwJ2sL-6u6lLVK0cWJyRSprywTicXlNGH8bIcszfE7PIo/Samsung-Galaxy-S25-Ultra-5G-256-GB-Titanium-Silverblue.webp?h=630&w=1200,5173800034,Galaxy S25 Ultra 5G 256 GB Titanium Silverblue,smartphone
b00256,"Samsung Galaxy S25 Ultra (256 GB, Titanium Silverblue, 6.90"", Dual SIM, 5G), Smartphone, Blau",Galaxus.de,841.99,Samsung,Handys ohne Vertrag,https://cdn.billiger.com/dynimg/pn8TI7EERpGof0p75-xL_RI1KcKeKE5SahE8nUhH7Pc88MgR1b3VHcWvS03VxtgwJ2sL-6u6lLVK0cWJyRSprywTicXlNGH8bIcszfE7PIo/Samsung-Galaxy-S25-Ultra-5G-256-GB-Titanium-Silverblue.webp?h=630&w=1200,5173800034,Galaxy S25 Ultra 5G 256 GB Titanium Silverblue,smartphone
b00257,"Samsung Galaxy S25 Ultra 256GB 17,5cm (6,9"") OLED 200MP Quad-Kamera Titanium Silverblue",JACOB,855.47,Samsung,Handys ohne Vertrag,https://cdn.billiger.com/dynimg/pn8TI7EERpGof0p75-xL_RI1KcKeKE5SahE8nUhH7Pc88MgR1b3VHcWvS03VxtgwJ2sL-6u6lLVK0cWJyRSprywTicXlNGH8bIcszfE7PIo/Samsung-Galaxy-S25-Ultra-5G-256-GB-Titanium-Silverblue.webp?h=630&w=1200,5173800034,Galaxy S25 Ultra 5G 256 GB Titanium Silverblue,smartphone
b00258,Samsung Galaxy S25 Ultra 256GB S938 Blau,Gomibo.de,862.00,Samsung,Handys ohne Vertrag,https://cdn.billiger.com/dynimg/pn8TI7EERpGof0p75-xL_RI1KcKeKE5SahE8nUhH7Pc88MgR1b3VHcWvS03VxtgwJ2sL-6u6lLVK0cWJyRSprywTicXlNGH8bIcszfE7PIo/Samsung-Galaxy-S25-Ultra-5G-256-GB-Titanium-Silverblue.webp?h=630&w=1200,5173800034,Galaxy S25 Ultra 5G 256 GB Titanium Silverblue,smartphone
b00259,Samsung GALAXY S25 Ultra 5G S938B DS 256GB Titanium Silverblue Android 15.0 Smartphone,computeruniverse.net,862.00,Samsung,Handys ohne Vertrag,https://cdn.billiger.com/dynimg/pn8TI7EERpGof0p75-xL_RI1KcKeKE5SahE8nUhH7Pc88MgR1b3VHcWvS03VxtgwJ2sL-6u6lLVK0cWJyRSprywTicXlNGH8bIcszfE7PIo/Samsung-Galaxy-S25-Ultra-5G-256-GB-Titanium-Silverblue.webp?h=630&w=1200,5173800034,Galaxy S25 Ultra 5G 256 GB Titanium Silverblue,smartphone
b00260,Samsung GALAXY S25 Ultra 5G S938B DS 256GB Titanium Silverblue Android 15.0 Smartphone,Cyberport,862.00,Samsung,Handys ohne Vertrag,https://cdn.billiger.com/dynimg/pn8TI7EERpGof0p75-xL_RI1KcKeKE5SahE8nUhH7Pc88MgR1b3VHcWvS03VxtgwJ2sL-6u6lLVK0cWJyRSprywTicXlNGH8bIcszfE7PIo/Samsung-Galaxy-S25-Ultra-5G-256-GB-Titanium-Silverblue.webp?h=630&w=1200,5173800034,Galaxy S25 Ultra 5G 256 GB Titanium Silverblue,smartphone
b00261,"Smartphone Samsung Galaxy S25 ULTRA 5G 6,9” S938 12+256GB DualSim Black",ebay.de,779.90,Samsung,Handys ohne Vertrag,https://cdn.billiger.com/dynimg/Fotw2tXQEThof0p75-xL_Rof54uh5eFNahE8nUhH7Pc88MgR1b3VHcWvS03VxtgwNC10AG_DITP_JyQNIDj0QQTt5S9ULxzoFqT8mNz_5z0/Samsung-Galaxy-S25-Ultra-5G-256-GB-Titanium-Black.webp?h=630&w=1200,5173882810,Galaxy S25 Ultra 5G 256 GB Titanium Black,smartphone
b00262,Samsung Galaxy S25 Ultra 256GB S938 Schwarz,Gomibo.de,832.00,Samsung,Handys ohne Vertrag,https://cdn.billiger.com/dynimg/Fotw2tXQEThof0p75-xL_Rof54uh5eFNahE8nUhH7Pc88MgR1b3VHcWvS03VxtgwNC10AG_DITP_JyQNIDj0QQTt5S9ULxzoFqT8mNz_5z0/Samsung-Galaxy-S25-Ultra-5G-256-GB-Titanium-Black.webp?h=630&w=1200,5173882810,Galaxy S25 Ultra 5G 256 GB Titanium Black,smartphone
b00263,"Samsung Galaxy S25 Ultra 256GB Titanium Black 17,42cm (6,9"") OLED Display, Android 15, 200MP Quad-Kamera",notebooksbilliger,832.00,Samsung,Handys ohne Vertrag,https://cdn.billiger.com/dynimg/Fotw2tXQEThof0p75-xL_Rof54uh5eFNahE8nUhH7Pc88MgR1b3VHcWvS03VxtgwNC10AG_DITP_JyQNIDj0QQTt5S9ULxzoFqT8mNz_5z0/Samsung-Galaxy-S25-Ultra-5G-256-GB-Titanium-Black.webp?h=630&w=1200,5173882810,Galaxy S25 Ultra 5G 256 GB Titanium Black,smartphone
b00264,Samsung S938 Galaxy S25 Ultra 256GB/12GB RAM Dual-SIM titanium-black,Electronis.de,833.94,Samsung,Handys ohne Vertrag,https://cdn.billiger.com/dynimg/Fotw2tXQEThof0p75-xL_Rof54uh5eFNahE8nUhH7Pc88MgR1b3VHcWvS03VxtgwNC10AG_DITP_JyQNIDj0QQTt5S9ULxzoFqT8mNz_5z0/Samsung-Galaxy-S25-Ultra-5G-256-GB-Titanium-Black.webp?h=630&w=1200,5173882810,Galaxy S25 Ultra 5G 256 GB Titanium Black,smartphone
b00265,"Samsung Galaxy S25 Ultra AI Smartphone mit Galaxy AI, Ohne Vertrag, Handy mit Android, 12 GB RAM, 256 GB Speicher, 200-MP-Kamera, Titanium Black, 3 Jahre Herstellergarantie [Exklusiv auf Amazon]",Amazon Marketplace CE,834.00,Samsung,Handys ohne Vertrag,https://cdn.billiger.com/dynimg/Fotw2tXQEThof0p75-xL_Rof54uh5eFNahE8nUhH7Pc88MgR1b3VHcWvS03VxtgwNC10AG_DITP_JyQNIDj0QQTt5S9ULxzoFqT8mNz_5z0/Samsung-Galaxy-S25-Ultra-5G-256-GB-Titanium-Black.webp?h=630&w=1200,5173882810,Galaxy S25 Ultra 5G 256 GB Titanium Black,smartphone
b00266,Samsung GALAXY S25 Ultra 5G S938B DS 256GB Titanium Black Android 15.0 Smartphone (EU),computeruniverse.net,839.00,Samsung,Handys ohne Vertrag,https://cdn.billiger.com/dynimg/Fotw2tXQEThof0p75-xL_Rof54uh5eFNahE8nUhH7Pc88MgR1b3VHcWvS03VxtgwNC10AG_DITP_JyQNIDj0QQTt5S9ULxzoFqT8mNz_5z0/Samsung-Galaxy-S25-Ultra-5G-256-GB-Titanium-Black.webp?h=630&w=1200,5173882810,Galaxy S25 Ultra 5G 256 GB Titanium Black,smartphone
b00267,SAMSUNG Galaxy S25 Ultra 12+256GB  titanium black,e-tec,858.95,Samsung,Handys ohne Vertrag,https://cdn.billiger.com/dynimg/Fotw2tXQEThof0p75-xL_Rof54uh5eFNahE8nUhH7Pc88MgR1b3VHcWvS03VxtgwNC10AG_DITP_JyQNIDj0QQTt5S9ULxzoFqT8mNz_5z0/Samsung-Galaxy-S25-Ultra-5G-256-GB-Titanium-Black.webp?h=630&w=1200,5173882810,Galaxy S25 Ultra 5G 256 GB Titanium Black,smartphone
b00268,"Galaxy S25 Ultra 256GB, Handy - Titanium Black, Android 15, 5G, 12 GB",Alternate,862.00,Samsung,Handys ohne Vertrag,https://cdn.billiger.com/dynimg/Fotw2tXQEThof0p75-xL_Rof54uh5eFNahE8nUhH7Pc88MgR1b3VHcWvS03VxtgwNC10AG_DITP_JyQNIDj0QQTt5S9ULxzoFqT8mNz_5z0/Samsung-Galaxy-S25-Ultra-5G-256-GB-Titanium-Black.webp?h=630&w=1200,5173882810,Galaxy S25 Ultra 5G 256 GB Titanium Black,smartphone
b00269,"Samsung Galaxy S25 Ultra 256GB Titanium Black 17,42cm (6,9"") OLED Display, Android 15, 200MP Quad-Kamera (SM-S938BZKDEUB)",JACOB,867.82,Samsung,Handys ohne Vertrag,https://cdn.billiger.com/dynimg/Fotw2tXQEThof0p75-xL_Rof54uh5eFNahE8nUhH7Pc88MgR1b3VHcWvS03VxtgwNC10AG_DITP_JyQNIDj0QQTt5S9ULxzoFqT8mNz_5z0/Samsung-Galaxy-S25-Ultra-5G-256-GB-Titanium-Black.webp?h=630&w=1200,5173882810,Galaxy S25 Ultra 5G 256 GB Titanium Black,smartphone
b00270,"Samsung Galaxy S25 Ultra 17,5 cm (6.9"") Dual-SIM Android 15 5G USB Typ-C 12 GB 256 GB 5000 mAh Schwarz, Titan",JB-Computer,874.95,Samsung,Handys ohne Vertrag,https://cdn.billiger.com/dynimg/Fotw2tXQEThof0p75-xL_Rof54uh5eFNahE8nUhH7Pc88MgR1b3VHcWvS03VxtgwNC10AG_DITP_JyQNIDj0QQTt5S9ULxzoFqT8mNz_5z0/Samsung-Galaxy-S25-Ultra-5G-256-GB-Titanium-Black.webp?h=630&w=1200,5173882810,Galaxy S25 Ultra 5G 256 GB Titanium Black,smartphone
b00271,"Apple iPhone 17e 256GB Soft Pink 6,1"" Super Retina XDR A19 Differenzbesteuert",ebay.de,590.00,Apple,Handys ohne Vertrag,https://cdn.billiger.com/dynimg/U8sUuH3UH-Dof0p75-xL_S8l2ba2vQw2KhE8nUhH7Pc88MgR1b3VHcWvS03VxtgwFsXZfLgrvN-8BpM3G5Lo8LMYilXhPiQCl0W1XRkTxvY/Apple-iPhone-17e-256-GB-Hellrosa.webp?h=630&w=1200,5575080634,iPhone 17e 256 GB Hellrosa,smartphone
b00272,Apple iPhone 17e - 5G Smartphone - Dual-SIM / - Hellrosa,Kaufland.de,638.00,Apple,Handys ohne Vertrag,https://cdn.billiger.com/dynimg/U8sUuH3UH-Dof0p75-xL_S8l2ba2vQw2KhE8nUhH7Pc88MgR1b3VHcWvS03VxtgwFsXZfLgrvN-8BpM3G5Lo8LMYilXhPiQCl0W1XRkTxvY/Apple-iPhone-17e-256-GB-Hellrosa.webp?h=630&w=1200,5575080634,iPhone 17e 256 GB Hellrosa,smartphone
b00273,Apple iPhone 17e 256GB hellrosa | Zustand: Neu & original versiegelt,buyzoxs,658.93,Apple,Handys ohne Vertrag,https://cdn.billiger.com/dynimg/U8sUuH3UH-Dof0p75-xL_S8l2ba2vQw2KhE8nUhH7Pc88MgR1b3VHcWvS03VxtgwFsXZfLgrvN-8BpM3G5Lo8LMYilXhPiQCl0W1XRkTxvY/Apple-iPhone-17e-256-GB-Hellrosa.webp?h=630&w=1200,5575080634,iPhone 17e 256 GB Hellrosa,smartphone
b00274,"Apple iPhone 17e (256 GB): 6,1"" Super Retina XDR Display, A19 Chip, Batterie für den ganzen Tag, 48 MP Fusion Kamera; Zartrosa",amazon.de,669.00,Apple,Handys ohne Vertrag,https://cdn.billiger.com/dynimg/U8sUuH3UH-Dof0p75-xL_S8l2ba2vQw2KhE8nUhH7Pc88MgR1b3VHcWvS03VxtgwFsXZfLgrvN-8BpM3G5Lo8LMYilXhPiQCl0W1XRkTxvY/Apple-iPhone-17e-256-GB-Hellrosa.webp?h=630&w=1200,5575080634,iPhone 17e 256 GB Hellrosa,smartphone
b00275,"Apple iPhone 17e (256 GB, Soft Pink, 6.10"", SIM + eSIM, 5G), Smartphone, Pink",Galaxus.de,669.00,Apple,Handys ohne Vertrag,https://cdn.billiger.com/dynimg/U8sUuH3UH-Dof0p75-xL_S8l2ba2vQw2KhE8nUhH7Pc88MgR1b3VHcWvS03VxtgwFsXZfLgrvN-8BpM3G5Lo8LMYilXhPiQCl0W1XRkTxvY/Apple-iPhone-17e-256-GB-Hellrosa.webp?h=630&w=1200,5575080634,iPhone 17e 256 GB Hellrosa,smartphone
b00276,"Apple iPhone 17e Smartphone (15,4 cm/6,1 Zoll, 256 GB Speicherplatz, 48 MP Kamera) rosa",OTTO,669.00,Apple,Handys ohne Vertrag,https://cdn.billiger.com/dynimg/U8sUuH3UH-Dof0p75-xL_S8l2ba2vQw2KhE8nUhH7Pc88MgR1b3VHcWvS03VxtgwFsXZfLgrvN-8BpM3G5Lo8LMYilXhPiQCl0W1XRkTxvY/Apple-iPhone-17e-256-GB-Hellrosa.webp?h=630&w=1200,5575080634,iPhone 17e 256 GB Hellrosa,smartphone
b00277,"Apple iPhone 17e (256 GB): 6,1"" Super Retina XDR Display, A19 Chip, Batterie für den ganzen Tag, 48 MP Fusion Kamera; Zartrosa",Amazon Marketplace CE,669.00,Apple,Handys ohne Vertrag,https://cdn.billiger.com/dynimg/U8sUuH3UH-Dof0p75-xL_S8l2ba2vQw2KhE8nUhH7Pc88MgR1b3VHcWvS03VxtgwFsXZfLgrvN-8BpM3G5Lo8LMYilXhPiQCl0W1XRkTxvY/Apple-iPhone-17e-256-GB-Hellrosa.webp?h=630&w=1200,5575080634,iPhone 17e 256 GB Hellrosa,smartphone
b00278,iPhone 17e 256GB Hellrosa,notebooksbilliger,669.00,Apple,Handys ohne Vertrag,https://cdn.billiger.com/dynimg/U8sUuH3UH-Dof0p75-xL_S8l2ba2vQw2KhE8nUhH7Pc88MgR1b3VHcWvS03VxtgwFsXZfLgrvN-8BpM3G5Lo8LMYilXhPiQCl0W1XRkTxvY/Apple-iPhone-17e-256-GB-Hellrosa.webp?h=630&w=1200,5575080634,iPhone 17e 256 GB Hellrosa,smartphone
b00279,Apple iPhone 17e 256GB/8GB RAM Dual-SIM hellrosa,Electronis.de,676.98,Apple,Handys ohne Vertrag,https://cdn.billiger.com/dynimg/U8sUuH3UH-Dof0p75-xL_S8l2ba2vQw2KhE8nUhH7Pc88MgR1b3VHcWvS03VxtgwFsXZfLgrvN-8BpM3G5Lo8LMYilXhPiQCl0W1XRkTxvY/Apple-iPhone-17e-256-GB-Hellrosa.webp?h=630&w=1200,5575080634,iPhone 17e 256 GB Hellrosa,smartphone
b00280,Apple iPhone 17e 256GB Rosa,Gomibo.de,679.00,Apple,Handys ohne Vertrag,https://cdn.billiger.com/dynimg/U8sUuH3UH-Dof0p75-xL_S8l2ba2vQw2KhE8nUhH7Pc88MgR1b3VHcWvS03VxtgwFsXZfLgrvN-8BpM3G5Lo8LMYilXhPiQCl0W1XRkTxvY/Apple-iPhone-17e-256-GB-Hellrosa.webp?h=630&w=1200,5575080634,iPhone 17e 256 GB Hellrosa,smartphone
b00281,"Apple iPhone 17e 5G 256GB 6,3"" Neu Original Smartphone White Weiß MHRW4",ebay.de,639.90,Apple,Handys ohne Vertrag,https://cdn.billiger.com/dynimg/TSmaZEsf95aof0p75-xL_QCKhZHNxD7DqhE8nUhH7Pc88MgR1b3VHcWvS03VxtgwKElil9QiaxmlUu484w6X3EJ6hCkzc18KU0HvzRCYWzK/Apple-iPhone-17e-256-GB-Weiss.webp?h=630&w=1200,5575080702,iPhone 17e 256 GB Weiß,smartphone
b00282,"Apple iPhone 17e (256 GB): 6,1"" Super Retina XDR Display, A19 Chip, Batterie für den ganzen Tag, 48 MP Fusion Kamera; Weiß",amazon.de,662.00,Apple,Handys ohne Vertrag,https://cdn.billiger.com/dynimg/TSmaZEsf95aof0p75-xL_QCKhZHNxD7DqhE8nUhH7Pc88MgR1b3VHcWvS03VxtgwKElil9QiaxmlUu484w6X3EJ6hCkzc18KU0HvzRCYWzK/Apple-iPhone-17e-256-GB-Weiss.webp?h=630&w=1200,5575080702,iPhone 17e 256 GB Weiß,smartphone
b00283,Apple iPhone 17e 256GB Weiß,coolblue,662.00,Apple,Handys ohne Vertrag,https://cdn.billiger.com/dynimg/TSmaZEsf95aof0p75-xL_QCKhZHNxD7DqhE8nUhH7Pc88MgR1b3VHcWvS03VxtgwKElil9QiaxmlUu484w6X3EJ6hCkzc18KU0HvzRCYWzK/Apple-iPhone-17e-256-GB-Weiss.webp?h=630&w=1200,5575080702,iPhone 17e 256 GB Weiß,smartphone
b00284,"Apple iPhone 17e (256 GB, White, 6.10"", SIM + eSIM, 5G), Smartphone, Weiss",Galaxus.de,662.00,Apple,Handys ohne Vertrag,https://cdn.billiger.com/dynimg/TSmaZEsf95aof0p75-xL_QCKhZHNxD7DqhE8nUhH7Pc88MgR1b3VHcWvS03VxtgwKElil9QiaxmlUu484w6X3EJ6hCkzc18KU0HvzRCYWzK/Apple-iPhone-17e-256-GB-Weiss.webp?h=630&w=1200,5575080702,iPhone 17e 256 GB Weiß,smartphone
b00285,"Apple iPhone 17e Smartphone (15,4 cm/6,1 Zoll, 256 GB Speicherplatz, 48 MP Kamera) weiß",OTTO,662.00,Apple,Handys ohne Vertrag,https://cdn.billiger.com/dynimg/TSmaZEsf95aof0p75-xL_QCKhZHNxD7DqhE8nUhH7Pc88MgR1b3VHcWvS03VxtgwKElil9QiaxmlUu484w6X3EJ6hCkzc18KU0HvzRCYWzK/Apple-iPhone-17e-256-GB-Weiss.webp?h=630&w=1200,5575080702,iPhone 17e 256 GB Weiß,smartphone
b00286,"Apple iPhone 17e (256 GB): 6,1"" Super Retina XDR Display, A19 Chip, Batterie für den ganzen Tag, 48 MP Fusion Kamera; Weiß",Amazon Marketplace CE,662.00,Apple,Handys ohne Vertrag,https://cdn.billiger.com/dynimg/TSmaZEsf95aof0p75-xL_QCKhZHNxD7DqhE8nUhH7Pc88MgR1b3VHcWvS03VxtgwKElil9QiaxmlUu484w6X3EJ6hCkzc18KU0HvzRCYWzK/Apple-iPhone-17e-256-GB-Weiss.webp?h=630&w=1200,5575080702,iPhone 17e 256 GB Weiß,smartphone
b00287,iPhone 17e 256 GB Weiß,Joybuy,662.00,Apple,Handys ohne Vertrag,https://cdn.billiger.com/dynimg/TSmaZEsf95aof0p75-xL_QCKhZHNxD7DqhE8nUhH7Pc88MgR1b3VHcWvS03VxtgwKElil9QiaxmlUu484w6X3EJ6hCkzc18KU0HvzRCYWzK/Apple-iPhone-17e-256-GB-Weiss.webp?h=630&w=1200,5575080702,iPhone 17e 256 GB Weiß,smartphone
b00288,iPhone 17e 256GB Weiß,notebooksbilliger,674.00,Apple,Handys ohne Vertrag,https://cdn.billiger.com/dynimg/TSmaZEsf95aof0p75-xL_QCKhZHNxD7DqhE8nUhH7Pc88MgR1b3VHcWvS03VxtgwKElil9QiaxmlUu484w6X3EJ6hCkzc18KU0HvzRCYWzK/Apple-iPhone-17e-256-GB-Weiss.webp?h=630&w=1200,5575080702,iPhone 17e 256 GB Weiß,smartphone
b00289,iPhone 17e 256 GB Weiß,Expert,679.00,Apple,Handys ohne Vertrag,https://cdn.billiger.com/dynimg/TSmaZEsf95aof0p75-xL_QCKhZHNxD7DqhE8nUhH7Pc88MgR1b3VHcWvS03VxtgwKElil9QiaxmlUu484w6X3EJ6hCkzc18KU0HvzRCYWzK/Apple-iPhone-17e-256-GB-Weiss.webp?h=630&w=1200,5575080702,iPhone 17e 256 GB Weiß,smartphone
b00290,APPLE iPhone 17e 256 GB Weiß Dual SIM,Media Markt Online Shop,689.99,Apple,Handys ohne Vertrag,https://cdn.billiger.com/dynimg/TSmaZEsf95aof0p75-xL_QCKhZHNxD7DqhE8nUhH7Pc88MgR1b3VHcWvS03VxtgwKElil9QiaxmlUu484w6X3EJ6hCkzc18KU0HvzRCYWzK/Apple-iPhone-17e-256-GB-Weiss.webp?h=630&w=1200,5575080702,iPhone 17e 256 GB Weiß,smartphone
b00291,Apple iPhone 17e - 5G Smartphone - Dual-SIM / - Schwarz,Kaufland.de,649.00,Apple,Handys ohne Vertrag,https://cdn.billiger.com/dynimg/ek2HXf7tue6of0p75-xL_RAJg2vCFxHCahE8nUhH7Pc88MgR1b3VHcWvS03VxtgwJLX01bmML4QTAU0lGKTY7AZqSjIY4glxLxJrfIHdPel/Apple-iPhone-17e-256-GB-Schwarz.webp?h=630&w=1200,5576120776,iPhone 17e 256 GB Schwarz,smartphone
b00292,"Apple iPhone 17e 5G 256GB 6,3"" Neu Original Smartphone Black Schwarz MHRV4",ebay.de,659.90,Apple,Handys ohne Vertrag,https://cdn.billiger.com/dynimg/ek2HXf7tue6of0p75-xL_RAJg2vCFxHCahE8nUhH7Pc88MgR1b3VHcWvS03VxtgwJLX01bmML4QTAU0lGKTY7AZqSjIY4glxLxJrfIHdPel/Apple-iPhone-17e-256-GB-Schwarz.webp?h=630&w=1200,5576120776,iPhone 17e 256 GB Schwarz,smartphone
b00293,Apple iPhone 17e 256GB schwarz | Zustand: Neu & original versiegelt,buyzoxs,674.94,Apple,Handys ohne Vertrag,https://cdn.billiger.com/dynimg/ek2HXf7tue6of0p75-xL_RAJg2vCFxHCahE8nUhH7Pc88MgR1b3VHcWvS03VxtgwJLX01bmML4QTAU0lGKTY7AZqSjIY4glxLxJrfIHdPel/Apple-iPhone-17e-256-GB-Schwarz.webp?h=630&w=1200,5576120776,iPhone 17e 256 GB Schwarz,smartphone
b00294,"Apple iPhone 17e (256 GB): 6,1"" Super Retina XDR Display, A19 Chip, Batterie für den ganzen Tag, 48 MP Fusion Kamera; Schwarz",amazon.de,678.00,Apple,Handys ohne Vertrag,https://cdn.billiger.com/dynimg/ek2HXf7tue6of0p75-xL_RAJg2vCFxHCahE8nUhH7Pc88MgR1b3VHcWvS03VxtgwJLX01bmML4QTAU0lGKTY7AZqSjIY4glxLxJrfIHdPel/Apple-iPhone-17e-256-GB-Schwarz.webp?h=630&w=1200,5576120776,iPhone 17e 256 GB Schwarz,smartphone
b00295,"Apple iPhone 17e (256 GB, Black, 6.10"", SIM + eSIM, 5G), Smartphone, Schwarz",Galaxus.de,678.00,Apple,Handys ohne Vertrag,https://cdn.billiger.com/dynimg/ek2HXf7tue6of0p75-xL_RAJg2vCFxHCahE8nUhH7Pc88MgR1b3VHcWvS03VxtgwJLX01bmML4QTAU0lGKTY7AZqSjIY4glxLxJrfIHdPel/Apple-iPhone-17e-256-GB-Schwarz.webp?h=630&w=1200,5576120776,iPhone 17e 256 GB Schwarz,smartphone
b00296,"Apple iPhone 17e (256 GB): 6,1"" Super Retina XDR Display, A19 Chip, Batterie für den ganzen Tag, 48 MP Fusion Kamera; Schwarz",Amazon Marketplace CE,678.00,Apple,Handys ohne Vertrag,https://cdn.billiger.com/dynimg/ek2HXf7tue6of0p75-xL_RAJg2vCFxHCahE8nUhH7Pc88MgR1b3VHcWvS03VxtgwJLX01bmML4QTAU0lGKTY7AZqSjIY4glxLxJrfIHdPel/Apple-iPhone-17e-256-GB-Schwarz.webp?h=630&w=1200,5576120776,iPhone 17e 256 GB Schwarz,smartphone
b00297,iPhone 17e 256GB Schwarz,notebooksbilliger,678.00,Apple,Handys ohne Vertrag,https://cdn.billiger.com/dynimg/ek2HXf7tue6of0p75-xL_RAJg2vCFxHCahE8nUhH7Pc88MgR1b3VHcWvS03VxtgwJLX01bmML4QTAU0lGKTY7AZqSjIY4glxLxJrfIHdPel/Apple-iPhone-17e-256-GB-Schwarz.webp?h=630&w=1200,5576120776,iPhone 17e 256 GB Schwarz,smartphone
b00298,Apple iPhone 17e 256GB Schwarz MHRV4ZD/A,computeruniverse.net,689.14,Apple,Handys ohne Vertrag,https://cdn.billiger.com/dynimg/ek2HXf7tue6of0p75-xL_RAJg2vCFxHCahE8nUhH7Pc88MgR1b3VHcWvS03VxtgwJLX01bmML4QTAU0lGKTY7AZqSjIY4glxLxJrfIHdPel/Apple-iPhone-17e-256-GB-Schwarz.webp?h=630&w=1200,5576120776,iPhone 17e 256 GB Schwarz,smartphone
b00299,Apple iPhone 17e 256GB Schwarz MHRV4ZD/A,Cyberport,689.14,Apple,Handys ohne Vertrag,https://cdn.billiger.com/dynimg/ek2HXf7tue6of0p75-xL_RAJg2vCFxHCahE8nUhH7Pc88MgR1b3VHcWvS03VxtgwJLX01bmML4QTAU0lGKTY7AZqSjIY4glxLxJrfIHdPel/Apple-iPhone-17e-256-GB-Schwarz.webp?h=630&w=1200,5576120776,iPhone 17e 256 GB Schwarz,smartphone
b00300,APPLE iPhone 17e 256 GB Schwarz Dual SIM,Media Markt Online Shop,689.99,Apple,Handys ohne Vertrag,https://cdn.billiger.com/dynimg/ek2HXf7tue6of0p75-xL_RAJg2vCFxHCahE8nUhH7Pc88MgR1b3VHcWvS03VxtgwJLX01bmML4QTAU0lGKTY7AZqSjIY4glxLxJrfIHdPel/Apple-iPhone-17e-256-GB-Schwarz.webp?h=630&w=1200,5576120776,iPhone 17e 256 GB Schwarz,smartphone
b00301,Samsung Galaxy S25 FE 128GB Weiß 5G,coolblue,469.00,Samsung,Handys ohne Vertrag,https://cdn.billiger.com/dynimg/aRGZO5rt1Kwof0p75-xL_SKdYfLBsSmZahE8nUhH7Pc88MgR1b3VHcWvS03VxtgwJuD3WXgEquOZE2d5Wfc8_Dog57YtXuoAGY1cfo0UDHB/Samsung-Galaxy-S25-FE-128-GB-White.webp?h=630&w=1200,5373788150,Galaxy S25 FE 128 GB White,smartphone
b00302,"Samsung Galaxy S25 FE (128 GB, White, 6.70"", Dual SIM, 5G), Smartphone, Weiss",Galaxus.de,471.99,Samsung,Handys ohne Vertrag,https://cdn.billiger.com/dynimg/aRGZO5rt1Kwof0p75-xL_SKdYfLBsSmZahE8nUhH7Pc88MgR1b3VHcWvS03VxtgwJuD3WXgEquOZE2d5Wfc8_Dog57YtXuoAGY1cfo0UDHB/Samsung-Galaxy-S25-FE-128-GB-White.webp?h=630&w=1200,5373788150,Galaxy S25 FE 128 GB White,smartphone
b00303,"Samsung Galaxy S25 FE 128GB White 17,11 cm (6,7"") OLED Display, Android 16, 50MP Triple-Kamera",notebooksbilliger,474.00,Samsung,Handys ohne Vertrag,https://cdn.billiger.com/dynimg/aRGZO5rt1Kwof0p75-xL_SKdYfLBsSmZahE8nUhH7Pc88MgR1b3VHcWvS03VxtgwJuD3WXgEquOZE2d5Wfc8_Dog57YtXuoAGY1cfo0UDHB/Samsung-Galaxy-S25-FE-128-GB-White.webp?h=630&w=1200,5373788150,Galaxy S25 FE 128 GB White,smartphone
b00304,Samsung Galaxy S25 FE 128GB Weiß,Gomibo.de,498.00,Samsung,Handys ohne Vertrag,https://cdn.billiger.com/dynimg/aRGZO5rt1Kwof0p75-xL_SKdYfLBsSmZahE8nUhH7Pc88MgR1b3VHcWvS03VxtgwJuD3WXgEquOZE2d5Wfc8_Dog57YtXuoAGY1cfo0UDHB/Samsung-Galaxy-S25-FE-128-GB-White.webp?h=630&w=1200,5373788150,Galaxy S25 FE 128 GB White,smartphone
b00305,Samsung S731 Galaxy S25 FE 128GB/8GB RAM Dual-SIM white,Electronis.de,499.89,Samsung,Handys ohne Vertrag,https://cdn.billiger.com/dynimg/aRGZO5rt1Kwof0p75-xL_SKdYfLBsSmZahE8nUhH7Pc88MgR1b3VHcWvS03VxtgwJuD3WXgEquOZE2d5Wfc8_Dog57YtXuoAGY1cfo0UDHB/Samsung-Galaxy-S25-FE-128-GB-White.webp?h=630&w=1200,5373788150,Galaxy S25 FE 128 GB White,smartphone
b00306,"Samsung Galaxy S25 FE 128GB AI Smartphone ohne Vertrag, AI Handy mit Android 15, 8GB RAM, 128GB Speicher ohne Simlock (Weiß)",Amazon Marketplace CE,499.90,Samsung,Handys ohne Vertrag,https://cdn.billiger.com/dynimg/aRGZO5rt1Kwof0p75-xL_SKdYfLBsSmZahE8nUhH7Pc88MgR1b3VHcWvS03VxtgwJuD3WXgEquOZE2d5Wfc8_Dog57YtXuoAGY1cfo0UDHB/Samsung-Galaxy-S25-FE-128-GB-White.webp?h=630&w=1200,5373788150,Galaxy S25 FE 128 GB White,smartphone
b00307,"Handy Smartphone Samsung Galaxy S25 FE 5G 6,7” S731 8+128GB DualSim White",ebay.de,499.90,Samsung,Handys ohne Vertrag,https://cdn.billiger.com/dynimg/aRGZO5rt1Kwof0p75-xL_SKdYfLBsSmZahE8nUhH7Pc88MgR1b3VHcWvS03VxtgwJuD3WXgEquOZE2d5Wfc8_Dog57YtXuoAGY1cfo0UDHB/Samsung-Galaxy-S25-FE-128-GB-White.webp?h=630&w=1200,5373788150,Galaxy S25 FE 128 GB White,smartphone
b00308,Galaxy S25 FE - White - 128 GB - Weiß,Kaufland.de,509.99,Samsung,Handys ohne Vertrag,https://cdn.billiger.com/dynimg/aRGZO5rt1Kwof0p75-xL_SKdYfLBsSmZahE8nUhH7Pc88MgR1b3VHcWvS03VxtgwJuD3WXgEquOZE2d5Wfc8_Dog57YtXuoAGY1cfo0UDHB/Samsung-Galaxy-S25-FE-128-GB-White.webp?h=630&w=1200,5373788150,Galaxy S25 FE 128 GB White,smartphone
b00309,"Samsung Galaxy S25 FE DS 5G  128GB, white, Offen f.a. Netze",sabi-online,519.00,Samsung,Handys ohne Vertrag,https://cdn.billiger.com/dynimg/aRGZO5rt1Kwof0p75-xL_SKdYfLBsSmZahE8nUhH7Pc88MgR1b3VHcWvS03VxtgwJuD3WXgEquOZE2d5Wfc8_Dog57YtXuoAGY1cfo0UDHB/Samsung-Galaxy-S25-FE-128-GB-White.webp?h=630&w=1200,5373788150,Galaxy S25 FE 128 GB White,smartphone
b00310,"Samsung Galaxy S25 FE mit Galaxy AI, 6,7 Zoll FHD-Display, 50 MP Kamera, 128 GB Speicher, 8 GB RAM, 4.900 mAh Akku, White (SM-S731BZWDEUB)",JACOB,520.17,Samsung,Handys ohne Vertrag,https://cdn.billiger.com/dynimg/aRGZO5rt1Kwof0p75-xL_SKdYfLBsSmZahE8nUhH7Pc88MgR1b3VHcWvS03VxtgwJuD3WXgEquOZE2d5Wfc8_Dog57YtXuoAGY1cfo0UDHB/Samsung-Galaxy-S25-FE-128-GB-White.webp?h=630&w=1200,5373788150,Galaxy S25 FE 128 GB White,smartphone
b00311,"Samsung Galaxy S25 FE Enterprise Edition, AI Smartphone, Android-Handy ohne Vertrag, 8 GB RAM, 128 GB Speicher, Lange Akkulaufzeit, Sicherheit durch Knox Suite, JetBlack",Amazon Marketplace CE,479.99,Samsung,Handys ohne Vertrag,https://cdn.billiger.com/dynimg/AVRmdrDvzRfof0p75-xL_R2MSRgb9vyTahE8nUhH7Pc88MgR1b3VHcWvS03VxtgwCBt4Uo-lZIMsp69_rm2pcv9hA4_O5AzSqkCDO0P-GY5/Samsung-Galaxy-S25-FE-128-GB-Enterprise-Edition-Jetblack.webp?h=630&w=1200,5373796203,Galaxy S25 FE 128 GB Enterprise Edition Jetblack 		,smartphone
b00312,Samsung S731 Galaxy S25 FE 128GB/8GB RAM Dual-SIM Enterprise Edition jetblack,Electronis.de,517.98,Samsung,Handys ohne Vertrag,https://cdn.billiger.com/dynimg/AVRmdrDvzRfof0p75-xL_R2MSRgb9vyTahE8nUhH7Pc88MgR1b3VHcWvS03VxtgwCBt4Uo-lZIMsp69_rm2pcv9hA4_O5AzSqkCDO0P-GY5/Samsung-Galaxy-S25-FE-128-GB-Enterprise-Edition-Jetblack.webp?h=630&w=1200,5373796203,Galaxy S25 FE 128 GB Enterprise Edition Jetblack 		,smartphone
b00313,"Samsung Galaxy S25 FE Enterprise Edition 17 cm (6.7"") Dual-SIM Android 16.0 5G USB Typ-C 8 GB 128 GB 4900 mAh Schwarz - Schwarz",Kaufland.de,530.45,Samsung,Handys ohne Vertrag,https://cdn.billiger.com/dynimg/AVRmdrDvzRfof0p75-xL_R2MSRgb9vyTahE8nUhH7Pc88MgR1b3VHcWvS03VxtgwCBt4Uo-lZIMsp69_rm2pcv9hA4_O5AzSqkCDO0P-GY5/Samsung-Galaxy-S25-FE-128-GB-Enterprise-Edition-Jetblack.webp?h=630&w=1200,5373796203,Galaxy S25 FE 128 GB Enterprise Edition Jetblack 		,smartphone
b00314,"Samsung Galaxy S25 FE (128 GB, Black, 6.70"", Dual SIM, 5G), Smartphone, Schwarz",Galaxus.de,539.71,Samsung,Handys ohne Vertrag,https://cdn.billiger.com/dynimg/AVRmdrDvzRfof0p75-xL_R2MSRgb9vyTahE8nUhH7Pc88MgR1b3VHcWvS03VxtgwCBt4Uo-lZIMsp69_rm2pcv9hA4_O5AzSqkCDO0P-GY5/Samsung-Galaxy-S25-FE-128-GB-Enterprise-Edition-Jetblack.webp?h=630&w=1200,5373796203,Galaxy S25 FE 128 GB Enterprise Edition Jetblack 		,smartphone
b00315,Galaxy S25 FE 128GB Enterprise Edition 5G Jetblack Smartphone,Expert,629.00,Samsung,Handys ohne Vertrag,https://cdn.billiger.com/dynimg/AVRmdrDvzRfof0p75-xL_R2MSRgb9vyTahE8nUhH7Pc88MgR1b3VHcWvS03VxtgwCBt4Uo-lZIMsp69_rm2pcv9hA4_O5AzSqkCDO0P-GY5/Samsung-Galaxy-S25-FE-128-GB-Enterprise-Edition-Jetblack.webp?h=630&w=1200,5373796203,Galaxy S25 FE 128 GB Enterprise Edition Jetblack 		,smartphone
b00316,"Samsung Galaxy S25 FE Enterprise Edition 128GB, Jetblack",ebay.de,652.87,Samsung,Handys ohne Vertrag,https://cdn.billiger.com/dynimg/AVRmdrDvzRfof0p75-xL_R2MSRgb9vyTahE8nUhH7Pc88MgR1b3VHcWvS03VxtgwCBt4Uo-lZIMsp69_rm2pcv9hA4_O5AzSqkCDO0P-GY5/Samsung-Galaxy-S25-FE-128-GB-Enterprise-Edition-Jetblack.webp?h=630&w=1200,5373796203,Galaxy S25 FE 128 GB Enterprise Edition Jetblack 		,smartphone
b00317,"SAMSUNG Galaxy S25 FE 5G Enterprise Edition EE 17,11cm 6,7Zoll 8GB 128GB Jetblack (SM-S731BZKDEEB)",JACOB,727.78,Samsung,Handys ohne Vertrag,https://cdn.billiger.com/dynimg/AVRmdrDvzRfof0p75-xL_R2MSRgb9vyTahE8nUhH7Pc88MgR1b3VHcWvS03VxtgwCBt4Uo-lZIMsp69_rm2pcv9hA4_O5AzSqkCDO0P-GY5/Samsung-Galaxy-S25-FE-128-GB-Enterprise-Edition-Jetblack.webp?h=630&w=1200,5373796203,Galaxy S25 FE 128 GB Enterprise Edition Jetblack 		,smartphone
b00318,"Handy Smartphone Samsung Galaxy S25 FE 5G 6,7” S731 8+256GB DualSim Jetblack",ebay.de,484.90,Samsung,Handys ohne Vertrag,https://cdn.billiger.com/dynimg/QTuczeu2kP5of0p75-xL_TZei1uOwoz7qhE8nUhH7Pc88MgR1b3VHcWvS03VxtgwGPXaeNwKv7RaPVj3_ytj0AiYU_REzwvxIhvyb7U4R7_/Samsung-Galaxy-S25-FE-256-GB-Jetblack.webp?h=630&w=1200,5373789910,Galaxy S25 FE 256 GB Jetblack,smartphone
b00319,Samsung GALAXY S25 FE 5G S731B 256GB jetblack Android 16 Smartphone,computeruniverse.net,514.00,Samsung,Handys ohne Vertrag,https://cdn.billiger.com/dynimg/QTuczeu2kP5of0p75-xL_TZei1uOwoz7qhE8nUhH7Pc88MgR1b3VHcWvS03VxtgwGPXaeNwKv7RaPVj3_ytj0AiYU_REzwvxIhvyb7U4R7_/Samsung-Galaxy-S25-FE-256-GB-Jetblack.webp?h=630&w=1200,5373789910,Galaxy S25 FE 256 GB Jetblack,smartphone
b00320,Samsung GALAXY S25 FE 5G S731B 256GB jetblack Android 16 Smartphone,Cyberport,514.00,Samsung,Handys ohne Vertrag,https://cdn.billiger.com/dynimg/QTuczeu2kP5of0p75-xL_TZei1uOwoz7qhE8nUhH7Pc88MgR1b3VHcWvS03VxtgwGPXaeNwKv7RaPVj3_ytj0AiYU_REzwvxIhvyb7U4R7_/Samsung-Galaxy-S25-FE-256-GB-Jetblack.webp?h=630&w=1200,5373789910,Galaxy S25 FE 256 GB Jetblack,smartphone
b00321,"Samsung Galaxy S25 FE 256GB Jetblack EU 17,11 cm (6,7"") OLED Display, Android 16, 50MP Triple-Kamera",notebooksbilliger,514.99,Samsung,Handys ohne Vertrag,https://cdn.billiger.com/dynimg/QTuczeu2kP5of0p75-xL_TZei1uOwoz7qhE8nUhH7Pc88MgR1b3VHcWvS03VxtgwGPXaeNwKv7RaPVj3_ytj0AiYU_REzwvxIhvyb7U4R7_/Samsung-Galaxy-S25-FE-256-GB-Jetblack.webp?h=630&w=1200,5373789910,Galaxy S25 FE 256 GB Jetblack,smartphone
b00322,Samsung Galaxy S25 FE 256GB Schwarz 5G,coolblue,519.00,Samsung,Handys ohne Vertrag,https://cdn.billiger.com/dynimg/QTuczeu2kP5of0p75-xL_TZei1uOwoz7qhE8nUhH7Pc88MgR1b3VHcWvS03VxtgwGPXaeNwKv7RaPVj3_ytj0AiYU_REzwvxIhvyb7U4R7_/Samsung-Galaxy-S25-FE-256-GB-Jetblack.webp?h=630&w=1200,5373789910,Galaxy S25 FE 256 GB Jetblack,smartphone
b00323,"Samsung Galaxy S25 FE (256 GB, Black, 6.70"", Dual SIM, 5G), Smartphone, Schwarz",Galaxus.de,519.00,Samsung,Handys ohne Vertrag,https://cdn.billiger.com/dynimg/QTuczeu2kP5of0p75-xL_TZei1uOwoz7qhE8nUhH7Pc88MgR1b3VHcWvS03VxtgwGPXaeNwKv7RaPVj3_ytj0AiYU_REzwvxIhvyb7U4R7_/Samsung-Galaxy-S25-FE-256-GB-Jetblack.webp?h=630&w=1200,5373789910,Galaxy S25 FE 256 GB Jetblack,smartphone
b00324,Samsung S731 Galaxy S25 FE 256GB/8GB RAM Dual-SIM jet-black,Electronis.de,520.36,Samsung,Handys ohne Vertrag,https://cdn.billiger.com/dynimg/QTuczeu2kP5of0p75-xL_TZei1uOwoz7qhE8nUhH7Pc88MgR1b3VHcWvS03VxtgwGPXaeNwKv7RaPVj3_ytj0AiYU_REzwvxIhvyb7U4R7_/Samsung-Galaxy-S25-FE-256-GB-Jetblack.webp?h=630&w=1200,5373789910,Galaxy S25 FE 256 GB Jetblack,smartphone
b00325,Samsung Galaxy S25 FE 256GB Schwarz,Gomibo.de,525.00,Samsung,Handys ohne Vertrag,https://cdn.billiger.com/dynimg/QTuczeu2kP5of0p75-xL_TZei1uOwoz7qhE8nUhH7Pc88MgR1b3VHcWvS03VxtgwGPXaeNwKv7RaPVj3_ytj0AiYU_REzwvxIhvyb7U4R7_/Samsung-Galaxy-S25-FE-256-GB-Jetblack.webp?h=630&w=1200,5373789910,Galaxy S25 FE 256 GB Jetblack,smartphone
b00326,"Samsung Galaxy S25 FE 256GB AI Smartphone ohne Vertrag, AI Handy mit Android 15, 8 GB RAM, 256 GB Speicher ohne Simlock (Schwarz, 256, GB)",Amazon Marketplace CE,529.00,Samsung,Handys ohne Vertrag,https://cdn.billiger.com/dynimg/QTuczeu2kP5of0p75-xL_TZei1uOwoz7qhE8nUhH7Pc88MgR1b3VHcWvS03VxtgwGPXaeNwKv7RaPVj3_ytj0AiYU_REzwvxIhvyb7U4R7_/Samsung-Galaxy-S25-FE-256-GB-Jetblack.webp?h=630&w=1200,5373789910,Galaxy S25 FE 256 GB Jetblack,smartphone
b00327,Samsung Galaxy S25 FE 256GB jetblack | NEU | originalverpackt (OVP) | differenzbesteuert AN716055,asgoodasnew,529.00,Samsung,Handys ohne Vertrag,https://cdn.billiger.com/dynimg/QTuczeu2kP5of0p75-xL_TZei1uOwoz7qhE8nUhH7Pc88MgR1b3VHcWvS03VxtgwGPXaeNwKv7RaPVj3_ytj0AiYU_REzwvxIhvyb7U4R7_/Samsung-Galaxy-S25-FE-256-GB-Jetblack.webp?h=630&w=1200,5373789910,Galaxy S25 FE 256 GB Jetblack,smartphone
b00328,Apple iPhone 15 - 128GB - Schwarz (Ohne Simlock) - Differenzbesteuert,ebay.de,528.65,Apple,Handys ohne Vertrag,https://cdn.billiger.com/dynimg/yPcT_-iCTDdof0p75-xL_QCjQdkCHdCRKhE8nUhH7Pc88MgR1b3VHcWvS03VxtgwH75As_IsjQ60dp2uO6Ry1ACbkp-LyRPQH93_Jqa_Eqp/Apple-iPhone-15-128-GB-Schwarz.webp?h=630&w=1200,4612031183,iPhone 15 128 GB Schwarz,smartphone
b00329,Apple iPhone 15 (128 GB) - Schwarz,amazon.de,629.00,Apple,Handys ohne Vertrag,https://cdn.billiger.com/dynimg/yPcT_-iCTDdof0p75-xL_QCjQdkCHdCRKhE8nUhH7Pc88MgR1b3VHcWvS03VxtgwH75As_IsjQ60dp2uO6Ry1ACbkp-LyRPQH93_Jqa_Eqp/Apple-iPhone-15-128-GB-Schwarz.webp?h=630&w=1200,4612031183,iPhone 15 128 GB Schwarz,smartphone
b00330,Apple iPhone 15 (128 GB) - Schwarz,Amazon Marketplace CE,629.00,Apple,Handys ohne Vertrag,https://cdn.billiger.com/dynimg/yPcT_-iCTDdof0p75-xL_QCjQdkCHdCRKhE8nUhH7Pc88MgR1b3VHcWvS03VxtgwH75As_IsjQ60dp2uO6Ry1ACbkp-LyRPQH93_Jqa_Eqp/Apple-iPhone-15-128-GB-Schwarz.webp?h=630&w=1200,4612031183,iPhone 15 128 GB Schwarz,smartphone
b00331,Apple iPhone 15 128GB Schwarz Top Smartphone,Medimax Alzenau,629.00,Apple,Handys ohne Vertrag,https://cdn.billiger.com/dynimg/yPcT_-iCTDdof0p75-xL_QCjQdkCHdCRKhE8nUhH7Pc88MgR1b3VHcWvS03VxtgwH75As_IsjQ60dp2uO6Ry1ACbkp-LyRPQH93_Jqa_Eqp/Apple-iPhone-15-128-GB-Schwarz.webp?h=630&w=1200,4612031183,iPhone 15 128 GB Schwarz,smartphone
b00332,"Apple iPhone 15 schwarz 128GB , offen für alle Netze MTP03ZD/A",sabi-online,639.00,Apple,Handys ohne Vertrag,https://cdn.billiger.com/dynimg/yPcT_-iCTDdof0p75-xL_QCjQdkCHdCRKhE8nUhH7Pc88MgR1b3VHcWvS03VxtgwH75As_IsjQ60dp2uO6Ry1ACbkp-LyRPQH93_Jqa_Eqp/Apple-iPhone-15-128-GB-Schwarz.webp?h=630&w=1200,4612031183,iPhone 15 128 GB Schwarz,smartphone
b00333,Apple iPhone 15 128GB Schwarz,coolblue,646.90,Apple,Handys ohne Vertrag,https://cdn.billiger.com/dynimg/yPcT_-iCTDdof0p75-xL_QCjQdkCHdCRKhE8nUhH7Pc88MgR1b3VHcWvS03VxtgwH75As_IsjQ60dp2uO6Ry1ACbkp-LyRPQH93_Jqa_Eqp/Apple-iPhone-15-128-GB-Schwarz.webp?h=630&w=1200,4612031183,iPhone 15 128 GB Schwarz,smartphone
b00334,"Apple iPhone 15 (128 GB, Black, 6.10"", SIM + eSIM, 5G), Smartphone, Schwarz",Galaxus.de,646.90,Apple,Handys ohne Vertrag,https://cdn.billiger.com/dynimg/yPcT_-iCTDdof0p75-xL_QCjQdkCHdCRKhE8nUhH7Pc88MgR1b3VHcWvS03VxtgwH75As_IsjQ60dp2uO6Ry1ACbkp-LyRPQH93_Jqa_Eqp/Apple-iPhone-15-128-GB-Schwarz.webp?h=630&w=1200,4612031183,iPhone 15 128 GB Schwarz,smartphone
b00335,Apple iPhone 15 128GB Schwarz,Gomibo.de,653.00,Apple,Handys ohne Vertrag,https://cdn.billiger.com/dynimg/yPcT_-iCTDdof0p75-xL_QCjQdkCHdCRKhE8nUhH7Pc88MgR1b3VHcWvS03VxtgwH75As_IsjQ60dp2uO6Ry1ACbkp-LyRPQH93_Jqa_Eqp/Apple-iPhone-15-128-GB-Schwarz.webp?h=630&w=1200,4612031183,iPhone 15 128 GB Schwarz,smartphone
b00336,Apple iPhone 15 128 GB Schwarz MTP03ZD/A,Cyberport,677.54,Apple,Handys ohne Vertrag,https://cdn.billiger.com/dynimg/yPcT_-iCTDdof0p75-xL_QCjQdkCHdCRKhE8nUhH7Pc88MgR1b3VHcWvS03VxtgwH75As_IsjQ60dp2uO6Ry1ACbkp-LyRPQH93_Jqa_Eqp/Apple-iPhone-15-128-GB-Schwarz.webp?h=630&w=1200,4612031183,iPhone 15 128 GB Schwarz,smartphone
b00337,Apple iPhone 15 128 GB Schwarz MTP03ZD/A,computeruniverse.net,682.66,Apple,Handys ohne Vertrag,https://cdn.billiger.com/dynimg/yPcT_-iCTDdof0p75-xL_QCjQdkCHdCRKhE8nUhH7Pc88MgR1b3VHcWvS03VxtgwH75As_IsjQ60dp2uO6Ry1ACbkp-LyRPQH93_Jqa_Eqp/Apple-iPhone-15-128-GB-Schwarz.webp?h=630&w=1200,4612031183,iPhone 15 128 GB Schwarz,smartphone
b00338,Apple iPhone 15 - 128GB - Blau (Ohne Simlock),ebay.de,577.77,Apple,Handys ohne Vertrag,https://cdn.billiger.com/dynimg/5_NHuG3qNyzof0p75-xL_QKYJHjTvf9oKhE8nUhH7Pc88MgR1b3VHcWvS03VxtgwAx4trfpcwEdgQcSzaO6F2bihQrEfIETeYJS4kawdd6R/Apple-iPhone-15-128-GB-Blau.webp?h=630&w=1200,4611967307,iPhone 15 128 GB Blau,smartphone
b00339,iPhone 15 128GB Blau - Blau,Kaufland.de,583.90,Apple,Handys ohne Vertrag,https://cdn.billiger.com/dynimg/5_NHuG3qNyzof0p75-xL_QKYJHjTvf9oKhE8nUhH7Pc88MgR1b3VHcWvS03VxtgwAx4trfpcwEdgQcSzaO6F2bihQrEfIETeYJS4kawdd6R/Apple-iPhone-15-128-GB-Blau.webp?h=630&w=1200,4611967307,iPhone 15 128 GB Blau,smartphone
b00340,Apple iPhone 15 128GB Blau,Gomibo.de,653.00,Apple,Handys ohne Vertrag,https://cdn.billiger.com/dynimg/5_NHuG3qNyzof0p75-xL_QKYJHjTvf9oKhE8nUhH7Pc88MgR1b3VHcWvS03VxtgwAx4trfpcwEdgQcSzaO6F2bihQrEfIETeYJS4kawdd6R/Apple-iPhone-15-128-GB-Blau.webp?h=630&w=1200,4611967307,iPhone 15 128 GB Blau,smartphone
b00341,Apple iPhone 15 (128 GB) - Blau,amazon.de,659.90,Apple,Handys ohne Vertrag,https://cdn.billiger.com/dynimg/5_NHuG3qNyzof0p75-xL_QKYJHjTvf9oKhE8nUhH7Pc88MgR1b3VHcWvS03VxtgwAx4trfpcwEdgQcSzaO6F2bihQrEfIETeYJS4kawdd6R/Apple-iPhone-15-128-GB-Blau.webp?h=630&w=1200,4611967307,iPhone 15 128 GB Blau,smartphone
b00342,Apple iPhone 15 128GB Blau,coolblue,659.90,Apple,Handys ohne Vertrag,https://cdn.billiger.com/dynimg/5_NHuG3qNyzof0p75-xL_QKYJHjTvf9oKhE8nUhH7Pc88MgR1b3VHcWvS03VxtgwAx4trfpcwEdgQcSzaO6F2bihQrEfIETeYJS4kawdd6R/Apple-iPhone-15-128-GB-Blau.webp?h=630&w=1200,4611967307,iPhone 15 128 GB Blau,smartphone
b00343,"Apple iPhone 15 (128 GB, Blue, 6.10"", SIM + eSIM, 5G), Smartphone, Blau",Galaxus.de,659.90,Apple,Handys ohne Vertrag,https://cdn.billiger.com/dynimg/5_NHuG3qNyzof0p75-xL_QKYJHjTvf9oKhE8nUhH7Pc88MgR1b3VHcWvS03VxtgwAx4trfpcwEdgQcSzaO6F2bihQrEfIETeYJS4kawdd6R/Apple-iPhone-15-128-GB-Blau.webp?h=630&w=1200,4611967307,iPhone 15 128 GB Blau,smartphone
b00344,Apple iPhone 15 (128 GB) - Blau,Amazon Marketplace CE,659.90,Apple,Handys ohne Vertrag,https://cdn.billiger.com/dynimg/5_NHuG3qNyzof0p75-xL_QKYJHjTvf9oKhE8nUhH7Pc88MgR1b3VHcWvS03VxtgwAx4trfpcwEdgQcSzaO6F2bihQrEfIETeYJS4kawdd6R/Apple-iPhone-15-128-GB-Blau.webp?h=630&w=1200,4611967307,iPhone 15 128 GB Blau,smartphone
b00345,iPhone 15 128GB - Blue,Proshop.de,669.00,Apple,Handys ohne Vertrag,https://cdn.billiger.com/dynimg/5_NHuG3qNyzof0p75-xL_QKYJHjTvf9oKhE8nUhH7Pc88MgR1b3VHcWvS03VxtgwAx4trfpcwEdgQcSzaO6F2bihQrEfIETeYJS4kawdd6R/Apple-iPhone-15-128-GB-Blau.webp?h=630&w=1200,4611967307,iPhone 15 128 GB Blau,smartphone
b00346,Apple iPhone 15 128 GB Blau MTP43ZD/A,Cyberport,677.17,Apple,Handys ohne Vertrag,https://cdn.billiger.com/dynimg/5_NHuG3qNyzof0p75-xL_QKYJHjTvf9oKhE8nUhH7Pc88MgR1b3VHcWvS03VxtgwAx4trfpcwEdgQcSzaO6F2bihQrEfIETeYJS4kawdd6R/Apple-iPhone-15-128-GB-Blau.webp?h=630&w=1200,4611967307,iPhone 15 128 GB Blau,smartphone
b00347,Apple iPhone 15 128GB/6GB RAM Dual-SIM blau,Electronis.de,684.15,Apple,Handys ohne Vertrag,https://cdn.billiger.com/dynimg/5_NHuG3qNyzof0p75-xL_QKYJHjTvf9oKhE8nUhH7Pc88MgR1b3VHcWvS03VxtgwAx4trfpcwEdgQcSzaO6F2bihQrEfIETeYJS4kawdd6R/Apple-iPhone-15-128-GB-Blau.webp?h=630&w=1200,4611967307,iPhone 15 128 GB Blau,smartphone
b00348,"Apple iPhone 15 rose 128GB , offen für alle Netze MTP13ZD/A",sabi-online,639.00,Apple,Handys ohne Vertrag,https://cdn.billiger.com/dynimg/flvMa8XVt9jof0p75-xL_SJNHb8eW9KJ6hE8nUhH7Pc88MgR1b3VHcWvS03VxtgwHlWNeY0Nu6PolrtUamVlHFdzymcGEEphgMHPeOUaxhD/Apple-iPhone-15-128-GB-Pink.webp?h=630&w=1200,4611956599,iPhone 15 128 GB Pink,smartphone
b00349,"Apple iPhone 15 (128 GB, Pink, 6.10"", SIM + eSIM, 5G), Smartphone, Pink",Galaxus.de,686.99,Apple,Handys ohne Vertrag,https://cdn.billiger.com/dynimg/flvMa8XVt9jof0p75-xL_SJNHb8eW9KJ6hE8nUhH7Pc88MgR1b3VHcWvS03VxtgwHlWNeY0Nu6PolrtUamVlHFdzymcGEEphgMHPeOUaxhD/Apple-iPhone-15-128-GB-Pink.webp?h=630&w=1200,4611956599,iPhone 15 128 GB Pink,smartphone
b00350,"Apple iPhone 15 Smartphone (15,5 cm/6,1 Zoll, 128 GB Speicherplatz, 48 MP Kamera) rosa",OTTO,715.52,Apple,Handys ohne Vertrag,https://cdn.billiger.com/dynimg/flvMa8XVt9jof0p75-xL_SJNHb8eW9KJ6hE8nUhH7Pc88MgR1b3VHcWvS03VxtgwHlWNeY0Nu6PolrtUamVlHFdzymcGEEphgMHPeOUaxhD/Apple-iPhone-15-128-GB-Pink.webp?h=630&w=1200,4611956599,iPhone 15 128 GB Pink,smartphone
b00351,"Apple iPhone 15 , 15,5 cm (6.1""), 2556 x 1179 Pixel, 128 GB, 48 MP, iOS 17, Pink - Rosa",Kaufland.de,748.80,Apple,Handys ohne Vertrag,https://cdn.billiger.com/dynimg/flvMa8XVt9jof0p75-xL_SJNHb8eW9KJ6hE8nUhH7Pc88MgR1b3VHcWvS03VxtgwHlWNeY0Nu6PolrtUamVlHFdzymcGEEphgMHPeOUaxhD/Apple-iPhone-15-128-GB-Pink.webp?h=630&w=1200,4611956599,iPhone 15 128 GB Pink,smartphone
b00352,iPhone 15 128GB Rose,Expert,773.00,Apple,Handys ohne Vertrag,https://cdn.billiger.com/dynimg/flvMa8XVt9jof0p75-xL_SJNHb8eW9KJ6hE8nUhH7Pc88MgR1b3VHcWvS03VxtgwHlWNeY0Nu6PolrtUamVlHFdzymcGEEphgMHPeOUaxhD/Apple-iPhone-15-128-GB-Pink.webp?h=630&w=1200,4611956599,iPhone 15 128 GB Pink,smartphone
b00353,Apple iPhone 15 - 128GB - PINK EU WARE 19% MWST NEU & OVP WOW!! (Ohne Simlock),ebay.de,829.95,Apple,Handys ohne Vertrag,https://cdn.billiger.com/dynimg/flvMa8XVt9jof0p75-xL_SJNHb8eW9KJ6hE8nUhH7Pc88MgR1b3VHcWvS03VxtgwHlWNeY0Nu6PolrtUamVlHFdzymcGEEphgMHPeOUaxhD/Apple-iPhone-15-128-GB-Pink.webp?h=630&w=1200,4611956599,iPhone 15 128 GB Pink,smartphone
b00354,Samsung U43U8079FU 4K Ultra HD TV 2025,gamingoase.de,218.00,Samsung,Fernseher,https://cdn.billiger.com/dynimg/WS6jCSBdvg9of0p75-xL_Tcd7dfOFook6hE8nUhH7Pc88MgR1b3VHcWvS03VxtgwLTxD-aia5vmMEJc7F9umxTToWKwRoHg33E1CQ1Jau_u/Samsung-43-Crystal-UHD-U8079F-4K-Smart-TV-2025.webp?h=630&w=1200,5275997053,"43"" Crystal UHD U8079F 4K Smart TV (2025) 		",fernseher
b00355,"Samsung Crystal UHD U8079F 4K 43 Zoll (108 cm) LED Fernseher, Prozessor, MetalStream Design, SmartThings, AI Upscaling, Gaming Hub, Knox Security, Kostenlose Inhalte, Smart TV, 2025",amazon.de,299.00,Samsung,Fernseher,https://cdn.billiger.com/dynimg/WS6jCSBdvg9of0p75-xL_Tcd7dfOFook6hE8nUhH7Pc88MgR1b3VHcWvS03VxtgwLTxD-aia5vmMEJc7F9umxTToWKwRoHg33E1CQ1Jau_u/Samsung-43-Crystal-UHD-U8079F-4K-Smart-TV-2025.webp?h=630&w=1200,5275997053,"43"" Crystal UHD U8079F 4K Smart TV (2025) 		",fernseher
b00356,"Samsung Crystal UHD U8079F 4K 43 Zoll (108 cm) LED Fernseher, Prozessor, MetalStream Design, SmartThings, AI Upscaling, Gaming Hub, Knox Security, Kostenlose Inhalte, Smart TV, 2025",Amazon Marketplace CE,299.00,Samsung,Fernseher,https://cdn.billiger.com/dynimg/WS6jCSBdvg9of0p75-xL_Tcd7dfOFook6hE8nUhH7Pc88MgR1b3VHcWvS03VxtgwLTxD-aia5vmMEJc7F9umxTToWKwRoHg33E1CQ1Jau_u/Samsung-43-Crystal-UHD-U8079F-4K-Smart-TV-2025.webp?h=630&w=1200,5275997053,"43"" Crystal UHD U8079F 4K Smart TV (2025) 		",fernseher
b00357,"Samsung GU43U8079F 109cm 43"" 4K UHD 50Hz Smart TV Fernseher",computeruniverse.net,299.99,Samsung,Fernseher,https://cdn.billiger.com/dynimg/WS6jCSBdvg9of0p75-xL_Tcd7dfOFook6hE8nUhH7Pc88MgR1b3VHcWvS03VxtgwLTxD-aia5vmMEJc7F9umxTToWKwRoHg33E1CQ1Jau_u/Samsung-43-Crystal-UHD-U8079F-4K-Smart-TV-2025.webp?h=630&w=1200,5275997053,"43"" Crystal UHD U8079F 4K Smart TV (2025) 		",fernseher
b00358,"Samsung GU43U8079F 109cm 43"" 4K UHD 50Hz Smart TV Fernseher",Cyberport,299.99,Samsung,Fernseher,https://cdn.billiger.com/dynimg/WS6jCSBdvg9of0p75-xL_Tcd7dfOFook6hE8nUhH7Pc88MgR1b3VHcWvS03VxtgwLTxD-aia5vmMEJc7F9umxTToWKwRoHg33E1CQ1Jau_u/Samsung-43-Crystal-UHD-U8079F-4K-Smart-TV-2025.webp?h=630&w=1200,5275997053,"43"" Crystal UHD U8079F 4K Smart TV (2025) 		",fernseher
b00359,"GU43U8079F, LED-Fernseher - 108 cm (43 Zoll), schwarz, UltraHD/4K, WLAN, Bluetooth, HDR10+",Alternate,303.00,Samsung,Fernseher,https://cdn.billiger.com/dynimg/WS6jCSBdvg9of0p75-xL_Tcd7dfOFook6hE8nUhH7Pc88MgR1b3VHcWvS03VxtgwLTxD-aia5vmMEJc7F9umxTToWKwRoHg33E1CQ1Jau_u/Samsung-43-Crystal-UHD-U8079F-4K-Smart-TV-2025.webp?h=630&w=1200,5275997053,"43"" Crystal UHD U8079F 4K Smart TV (2025) 		",fernseher
b00360,Samsung GU43U8079FUXZG - Schwarz,Kaufland.de,309.67,Samsung,Fernseher,https://cdn.billiger.com/dynimg/WS6jCSBdvg9of0p75-xL_Tcd7dfOFook6hE8nUhH7Pc88MgR1b3VHcWvS03VxtgwLTxD-aia5vmMEJc7F9umxTToWKwRoHg33E1CQ1Jau_u/Samsung-43-Crystal-UHD-U8079F-4K-Smart-TV-2025.webp?h=630&w=1200,5275997053,"43"" Crystal UHD U8079F 4K Smart TV (2025) 		",fernseher
b00361,"SAMSUNG GU43U8079F Crystal UHD 4K Smart TV (Flat, 43 Zoll / 108 cm, 4K, SMART TV)",Media Markt Online Shop,329.00,Samsung,Fernseher,https://cdn.billiger.com/dynimg/WS6jCSBdvg9of0p75-xL_Tcd7dfOFook6hE8nUhH7Pc88MgR1b3VHcWvS03VxtgwLTxD-aia5vmMEJc7F9umxTToWKwRoHg33E1CQ1Jau_u/Samsung-43-Crystal-UHD-U8079F-4K-Smart-TV-2025.webp?h=630&w=1200,5275997053,"43"" Crystal UHD U8079F 4K Smart TV (2025) 		",fernseher
b00362,"SAMSUNG GU43U8079F Crystal UHD 4K Smart TV (Flat, 43 Zoll / 108 cm, 4K, SMART TV)",Saturn Online Shop,329.00,Samsung,Fernseher,https://cdn.billiger.com/dynimg/WS6jCSBdvg9of0p75-xL_Tcd7dfOFook6hE8nUhH7Pc88MgR1b3VHcWvS03VxtgwLTxD-aia5vmMEJc7F9umxTToWKwRoHg33E1CQ1Jau_u/Samsung-43-Crystal-UHD-U8079F-4K-Smart-TV-2025.webp?h=630&w=1200,5275997053,"43"" Crystal UHD U8079F 4K Smart TV (2025) 		",fernseher
b00363,Samsung 4K UHD LED-Fernseher 43 Zoll GU43U8079FUXZG Crystal-Prozessor schwarz,ebay.de,330.99,Samsung,Fernseher,https://cdn.billiger.com/dynimg/WS6jCSBdvg9of0p75-xL_Tcd7dfOFook6hE8nUhH7Pc88MgR1b3VHcWvS03VxtgwLTxD-aia5vmMEJc7F9umxTToWKwRoHg33E1CQ1Jau_u/Samsung-43-Crystal-UHD-U8079F-4K-Smart-TV-2025.webp?h=630&w=1200,5275997053,"43"" Crystal UHD U8079F 4K Smart TV (2025) 		",fernseher
b00364,Samsung U50U8079FU 4K Ultra HD TV 2025,gamingoase.de,265.00,Samsung,Fernseher,https://cdn.billiger.com/dynimg/ybjLe7K3fEOof0p75-xL_R4MBXlgd8AyahE8nUhH7Pc88MgR1b3VHcWvS03VxtgwM2-ltEKm0aMU_hmxiHnxQfd5kcUjGogEvO3mAtZHjaq/Samsung-50-Crystal-UHD-U8079F-4K-Smart-TV-2025.webp?h=630&w=1200,5275996590,"50"" Crystal UHD U8079F 4K Smart TV (2025)",fernseher
b00365,"Samsung LCD-TV 46-51"" (117-129cm) GU50U8079FU",ebay.de,346.18,Samsung,Fernseher,https://cdn.billiger.com/dynimg/ybjLe7K3fEOof0p75-xL_R4MBXlgd8AyahE8nUhH7Pc88MgR1b3VHcWvS03VxtgwM2-ltEKm0aMU_hmxiHnxQfd5kcUjGogEvO3mAtZHjaq/Samsung-50-Crystal-UHD-U8079F-4K-Smart-TV-2025.webp?h=630&w=1200,5275996590,"50"" Crystal UHD U8079F 4K Smart TV (2025)",fernseher
b00366,"Samsung Crystal UHD U8079F 4K 50 Zoll (125 cm) LED Fernseher, Crystal Prozessor 4K, MetalStream Design, SmartThings, AI Upscaling, Gaming Hub, Knox Security, Kostenlose Inhalte, Smart TV",amazon.de,349.00,Samsung,Fernseher,https://cdn.billiger.com/dynimg/ybjLe7K3fEOof0p75-xL_R4MBXlgd8AyahE8nUhH7Pc88MgR1b3VHcWvS03VxtgwM2-ltEKm0aMU_hmxiHnxQfd5kcUjGogEvO3mAtZHjaq/Samsung-50-Crystal-UHD-U8079F-4K-Smart-TV-2025.webp?h=630&w=1200,5275996590,"50"" Crystal UHD U8079F 4K Smart TV (2025)",fernseher
b00367,"Samsung Crystal UHD U8079F 4K 50 Zoll (125 cm) LED Fernseher, Crystal Prozessor 4K, MetalStream Design, SmartThings, AI Upscaling, Gaming Hub, Knox Security, Kostenlose Inhalte, Smart TV",Amazon Marketplace CE,349.00,Samsung,Fernseher,https://cdn.billiger.com/dynimg/ybjLe7K3fEOof0p75-xL_R4MBXlgd8AyahE8nUhH7Pc88MgR1b3VHcWvS03VxtgwM2-ltEKm0aMU_hmxiHnxQfd5kcUjGogEvO3mAtZHjaq/Samsung-50-Crystal-UHD-U8079F-4K-Smart-TV-2025.webp?h=630&w=1200,5275996590,"50"" Crystal UHD U8079F 4K Smart TV (2025)",fernseher
b00368,Samsung GU50U8079FUXZG - Schwarz,Kaufland.de,349.99,Samsung,Fernseher,https://cdn.billiger.com/dynimg/ybjLe7K3fEOof0p75-xL_R4MBXlgd8AyahE8nUhH7Pc88MgR1b3VHcWvS03VxtgwM2-ltEKm0aMU_hmxiHnxQfd5kcUjGogEvO3mAtZHjaq/Samsung-50-Crystal-UHD-U8079F-4K-Smart-TV-2025.webp?h=630&w=1200,5275996590,"50"" Crystal UHD U8079F 4K Smart TV (2025)",fernseher
b00369,"Samsung GU50U8079FU (schwarz) 125 cm (50"") LCD-TV mit LED-Technik",xxl-deals.de,363.00,Samsung,Fernseher,https://cdn.billiger.com/dynimg/ybjLe7K3fEOof0p75-xL_R4MBXlgd8AyahE8nUhH7Pc88MgR1b3VHcWvS03VxtgwM2-ltEKm0aMU_hmxiHnxQfd5kcUjGogEvO3mAtZHjaq/Samsung-50-Crystal-UHD-U8079F-4K-Smart-TV-2025.webp?h=630&w=1200,5275996590,"50"" Crystal UHD U8079F 4K Smart TV (2025)",fernseher
b00370,Samsung GU50U8079FUXZG,TECHNIKdirekt,379.00,Samsung,Fernseher,https://cdn.billiger.com/dynimg/ybjLe7K3fEOof0p75-xL_R4MBXlgd8AyahE8nUhH7Pc88MgR1b3VHcWvS03VxtgwM2-ltEKm0aMU_hmxiHnxQfd5kcUjGogEvO3mAtZHjaq/Samsung-50-Crystal-UHD-U8079F-4K-Smart-TV-2025.webp?h=630&w=1200,5275996590,"50"" Crystal UHD U8079F 4K Smart TV (2025)",fernseher
b00371,"SAMSUNG GU50U8079F Crystal UHD 4K Smart TV (Flat, 50 Zoll / 125 cm, 4K, SMART TV)",Media Markt Online Shop,388.00,Samsung,Fernseher,https://cdn.billiger.com/dynimg/ybjLe7K3fEOof0p75-xL_R4MBXlgd8AyahE8nUhH7Pc88MgR1b3VHcWvS03VxtgwM2-ltEKm0aMU_hmxiHnxQfd5kcUjGogEvO3mAtZHjaq/Samsung-50-Crystal-UHD-U8079F-4K-Smart-TV-2025.webp?h=630&w=1200,5275996590,"50"" Crystal UHD U8079F 4K Smart TV (2025)",fernseher
b00372,"SAMSUNG GU50U8079F Crystal UHD 4K Smart TV (Flat, 50 Zoll / 125 cm, 4K, SMART TV)",Saturn Online Shop,388.00,Samsung,Fernseher,https://cdn.billiger.com/dynimg/ybjLe7K3fEOof0p75-xL_R4MBXlgd8AyahE8nUhH7Pc88MgR1b3VHcWvS03VxtgwM2-ltEKm0aMU_hmxiHnxQfd5kcUjGogEvO3mAtZHjaq/Samsung-50-Crystal-UHD-U8079F-4K-Smart-TV-2025.webp?h=630&w=1200,5275996590,"50"" Crystal UHD U8079F 4K Smart TV (2025)",fernseher
b00373,"Samsung 50"" Crystal UHD U8079F 4K Smart TV (2025), 50 Black",Samsung DE,389.00,Samsung,Fernseher,https://cdn.billiger.com/dynimg/ybjLe7K3fEOof0p75-xL_R4MBXlgd8AyahE8nUhH7Pc88MgR1b3VHcWvS03VxtgwM2-ltEKm0aMU_hmxiHnxQfd5kcUjGogEvO3mAtZHjaq/Samsung-50-Crystal-UHD-U8079F-4K-Smart-TV-2025.webp?h=630&w=1200,5275996590,"50"" Crystal UHD U8079F 4K Smart TV (2025)",fernseher
b00374,Samsung U55U8079FU 4K Ultra HD TV 2025,gamingoase.de,295.00,Samsung,Fernseher,https://cdn.billiger.com/dynimg/hvrztFqlybbof0p75-xL_SHpOUbdw-bZ6hE8nUhH7Pc88MgR1b3VHcWvS03VxtgwKOXdxXq2ZTXzSyns76ralzl0oLeu1QTGL2CKG2hDmPR/Samsung-55-Crystal-UHD-U8079F-4K-Smart-TV-2025.webp?h=630&w=1200,5271267675,"55"" Crystal UHD U8079F 4K Smart TV (2025)",fernseher
b00375,"Samsung Crystal UHD U8079F 4K 55 Zoll (138 cm) LED Fernseher, Crystal Prozessor 4K, MetalStream Design, SmartThings, AI Upscaling, Gaming Hub, Knox Security, Kostenlose Inhalte, Smart TV",amazon.de,379.00,Samsung,Fernseher,https://cdn.billiger.com/dynimg/hvrztFqlybbof0p75-xL_SHpOUbdw-bZ6hE8nUhH7Pc88MgR1b3VHcWvS03VxtgwKOXdxXq2ZTXzSyns76ralzl0oLeu1QTGL2CKG2hDmPR/Samsung-55-Crystal-UHD-U8079F-4K-Smart-TV-2025.webp?h=630&w=1200,5271267675,"55"" Crystal UHD U8079F 4K Smart TV (2025)",fernseher
b00376,Samsung GU55U8079FUXZG,TECHNIKdirekt,379.00,Samsung,Fernseher,https://cdn.billiger.com/dynimg/hvrztFqlybbof0p75-xL_SHpOUbdw-bZ6hE8nUhH7Pc88MgR1b3VHcWvS03VxtgwKOXdxXq2ZTXzSyns76ralzl0oLeu1QTGL2CKG2hDmPR/Samsung-55-Crystal-UHD-U8079F-4K-Smart-TV-2025.webp?h=630&w=1200,5271267675,"55"" Crystal UHD U8079F 4K Smart TV (2025)",fernseher
b00377,"Samsung Crystal UHD U8079F 4K 55 Zoll (138 cm) LED Fernseher, Crystal Prozessor 4K, MetalStream Design, SmartThings, AI Upscaling, Gaming Hub, Knox Security, Kostenlose Inhalte, Smart TV",Amazon Marketplace CE,379.00,Samsung,Fernseher,https://cdn.billiger.com/dynimg/hvrztFqlybbof0p75-xL_SHpOUbdw-bZ6hE8nUhH7Pc88MgR1b3VHcWvS03VxtgwKOXdxXq2ZTXzSyns76ralzl0oLeu1QTGL2CKG2hDmPR/Samsung-55-Crystal-UHD-U8079F-4K-Smart-TV-2025.webp?h=630&w=1200,5271267675,"55"" Crystal UHD U8079F 4K Smart TV (2025)",fernseher
b00378,"Samsung LCD-TV 52-59"" (132-150cm) GU55U8079FU",ebay.de,379.00,Samsung,Fernseher,https://cdn.billiger.com/dynimg/hvrztFqlybbof0p75-xL_SHpOUbdw-bZ6hE8nUhH7Pc88MgR1b3VHcWvS03VxtgwKOXdxXq2ZTXzSyns76ralzl0oLeu1QTGL2CKG2hDmPR/Samsung-55-Crystal-UHD-U8079F-4K-Smart-TV-2025.webp?h=630&w=1200,5271267675,"55"" Crystal UHD U8079F 4K Smart TV (2025)",fernseher
b00379,Samsung GU55U8079FUXZG - Schwarz,Kaufland.de,379.00,Samsung,Fernseher,https://cdn.billiger.com/dynimg/hvrztFqlybbof0p75-xL_SHpOUbdw-bZ6hE8nUhH7Pc88MgR1b3VHcWvS03VxtgwKOXdxXq2ZTXzSyns76ralzl0oLeu1QTGL2CKG2hDmPR/Samsung-55-Crystal-UHD-U8079F-4K-Smart-TV-2025.webp?h=630&w=1200,5271267675,"55"" Crystal UHD U8079F 4K Smart TV (2025)",fernseher
b00380,"Samsung 55"" Crystal UHD U8079F 4K Smart TV (2025) (55"", U8000F, LED, 4K, 2025), TV, Schwarz",Galaxus.de,398.65,Samsung,Fernseher,https://cdn.billiger.com/dynimg/hvrztFqlybbof0p75-xL_SHpOUbdw-bZ6hE8nUhH7Pc88MgR1b3VHcWvS03VxtgwKOXdxXq2ZTXzSyns76ralzl0oLeu1QTGL2CKG2hDmPR/Samsung-55-Crystal-UHD-U8079F-4K-Smart-TV-2025.webp?h=630&w=1200,5271267675,"55"" Crystal UHD U8079F 4K Smart TV (2025)",fernseher
b00381,"Samsung GU55U8079FU (schwarz) 138 cm (55"") LCD-TV mit LED-Technik",xxl-deals.de,399.00,Samsung,Fernseher,https://cdn.billiger.com/dynimg/hvrztFqlybbof0p75-xL_SHpOUbdw-bZ6hE8nUhH7Pc88MgR1b3VHcWvS03VxtgwKOXdxXq2ZTXzSyns76ralzl0oLeu1QTGL2CKG2hDmPR/Samsung-55-Crystal-UHD-U8079F-4K-Smart-TV-2025.webp?h=630&w=1200,5271267675,"55"" Crystal UHD U8079F 4K Smart TV (2025)",fernseher
b00382,"Samsung GU55U8079FU LED-Fernseher (138 cm/55 Zoll, 4K Ultra HD, Smart-TV, Crystal UHD, Q-Symphony, Dolby Surround Sound, Triple Tuner, Smart-Hub) schwarz",OTTO,399.00,Samsung,Fernseher,https://cdn.billiger.com/dynimg/hvrztFqlybbof0p75-xL_SHpOUbdw-bZ6hE8nUhH7Pc88MgR1b3VHcWvS03VxtgwKOXdxXq2ZTXzSyns76ralzl0oLeu1QTGL2CKG2hDmPR/Samsung-55-Crystal-UHD-U8079F-4K-Smart-TV-2025.webp?h=630&w=1200,5271267675,"55"" Crystal UHD U8079F 4K Smart TV (2025)",fernseher
b00383,"SAMSUNG GU55U8079F Crystal UHD 4K Smart TV (Flat, 55 Zoll / 138 cm, 4K, SMART TV)",Media Markt Online Shop,399.00,Samsung,Fernseher,https://cdn.billiger.com/dynimg/hvrztFqlybbof0p75-xL_SHpOUbdw-bZ6hE8nUhH7Pc88MgR1b3VHcWvS03VxtgwKOXdxXq2ZTXzSyns76ralzl0oLeu1QTGL2CKG2hDmPR/Samsung-55-Crystal-UHD-U8079F-4K-Smart-TV-2025.webp?h=630&w=1200,5271267675,"55"" Crystal UHD U8079F 4K Smart TV (2025)",fernseher
b00384,Samsung Q7F 43 Zoll QLED Smart TV Q43Q7FAAU (2025),gamingoase.de,259.00,Samsung,Fernseher,https://cdn.billiger.com/dynimg/JDyrPvVqm_7of0p75-xL_RPufeUYcK5-KhE8nUhH7Pc88MgR1b3VHcWvS03VxtgwO1RUR6BqD3tIdGZDbdsqBEWZiPhRrxpF5pzS3sATSDq/Samsung-GQ43Q7F-43-QLED-4K-Vision-AI-Smart-TV-Q7F.webp?h=630&w=1200,5268439797,"GQ43Q7F 43"" QLED 4K Vision AI Smart TV Q7F 		",fernseher
b00385,"Samsung 43"" QLED Q7F 4K Vision AI Smart TV 2025 (43"", Q7F, QLED, UHD, 2025, DE), TV, Schwarz",Galaxus.de,315.35,Samsung,Fernseher,https://cdn.billiger.com/dynimg/JDyrPvVqm_7of0p75-xL_RPufeUYcK5-KhE8nUhH7Pc88MgR1b3VHcWvS03VxtgwO1RUR6BqD3tIdGZDbdsqBEWZiPhRrxpF5pzS3sATSDq/Samsung-GQ43Q7F-43-QLED-4K-Vision-AI-Smart-TV-Q7F.webp?h=630&w=1200,5268439797,"GQ43Q7F 43"" QLED 4K Vision AI Smart TV Q7F 		",fernseher
b00386,"Samsung 43"" QLED Q7F 4K Vision AI Smart TV (2025), 109,2 cm (43""), 3840 x 2160 Pixel, QLED, Smart-TV, WLAN, Schwarz - Schwarz",Kaufland.de,332.84,Samsung,Fernseher,https://cdn.billiger.com/dynimg/JDyrPvVqm_7of0p75-xL_RPufeUYcK5-KhE8nUhH7Pc88MgR1b3VHcWvS03VxtgwO1RUR6BqD3tIdGZDbdsqBEWZiPhRrxpF5pzS3sATSDq/Samsung-GQ43Q7F-43-QLED-4K-Vision-AI-Smart-TV-Q7F.webp?h=630&w=1200,5268439797,"GQ43Q7F 43"" QLED 4K Vision AI Smart TV Q7F 		",fernseher
b00387,"Samsung QLED 4K Q7FA 43 Zoll (108 cm) UHD Fernseher, Q4 AI Prozessor, Quantum Dot für Reale Farben, 4K Upscaling, Gaming Hub, Knox Security, Kostenlose Inhalte, Samsung Vision AI Smart TV",amazon.de,349.00,Samsung,Fernseher,https://cdn.billiger.com/dynimg/JDyrPvVqm_7of0p75-xL_RPufeUYcK5-KhE8nUhH7Pc88MgR1b3VHcWvS03VxtgwO1RUR6BqD3tIdGZDbdsqBEWZiPhRrxpF5pzS3sATSDq/Samsung-GQ43Q7F-43-QLED-4K-Vision-AI-Smart-TV-Q7F.webp?h=630&w=1200,5268439797,"GQ43Q7F 43"" QLED 4K Vision AI Smart TV Q7F 		",fernseher
b00388,"Samsung GQ43Q7FAAU QLED-Fernseher (108 cm/43 Zoll, 4K Ultra HD, Smart-TV, Quantum HDR, Knox Security, Art Store, 3D Sound, Gaming Hub, AI TV) schwarz",OTTO,349.00,Samsung,Fernseher,https://cdn.billiger.com/dynimg/JDyrPvVqm_7of0p75-xL_RPufeUYcK5-KhE8nUhH7Pc88MgR1b3VHcWvS03VxtgwO1RUR6BqD3tIdGZDbdsqBEWZiPhRrxpF5pzS3sATSDq/Samsung-GQ43Q7F-43-QLED-4K-Vision-AI-Smart-TV-Q7F.webp?h=630&w=1200,5268439797,"GQ43Q7F 43"" QLED 4K Vision AI Smart TV Q7F 		",fernseher
b00389,"SAMSUNG QLED-Fernseher ""GQ43Q7FAAU QLED-Fernseher"", Energieeffizienz: G, schwarz, 43, Fernseher, Quantum HDR, Knox Security, Art Store, 3D Sound, Gaming Hub, AI TV, QLED-Fernseher",Quelle,349.00,Samsung,Fernseher,https://cdn.billiger.com/dynimg/JDyrPvVqm_7of0p75-xL_RPufeUYcK5-KhE8nUhH7Pc88MgR1b3VHcWvS03VxtgwO1RUR6BqD3tIdGZDbdsqBEWZiPhRrxpF5pzS3sATSDq/Samsung-GQ43Q7F-43-QLED-4K-Vision-AI-Smart-TV-Q7F.webp?h=630&w=1200,5268439797,"GQ43Q7F 43"" QLED 4K Vision AI Smart TV Q7F 		",fernseher
b00390,Samsung Q43Q7F3 QLED 4K Q7FA 43 Zoll (108 cm) UHD Fernseher,ebay.de,379.00,Samsung,Fernseher,https://cdn.billiger.com/dynimg/JDyrPvVqm_7of0p75-xL_RPufeUYcK5-KhE8nUhH7Pc88MgR1b3VHcWvS03VxtgwO1RUR6BqD3tIdGZDbdsqBEWZiPhRrxpF5pzS3sATSDq/Samsung-GQ43Q7F-43-QLED-4K-Vision-AI-Smart-TV-Q7F.webp?h=630&w=1200,5268439797,"GQ43Q7F 43"" QLED 4K Vision AI Smart TV Q7F 		",fernseher
b00391,"SAMSUNG GQ43Q7F QLED TV Vision AI Smart (Flat, 43 Zoll / 108 cm, UHD 4K, SMART TV)",Media Markt Online Shop,399.00,Samsung,Fernseher,https://cdn.billiger.com/dynimg/JDyrPvVqm_7of0p75-xL_RPufeUYcK5-KhE8nUhH7Pc88MgR1b3VHcWvS03VxtgwO1RUR6BqD3tIdGZDbdsqBEWZiPhRrxpF5pzS3sATSDq/Samsung-GQ43Q7F-43-QLED-4K-Vision-AI-Smart-TV-Q7F.webp?h=630&w=1200,5268439797,"GQ43Q7F 43"" QLED 4K Vision AI Smart TV Q7F 		",fernseher
b00392,"SAMSUNG GQ43Q7F QLED TV Vision AI Smart (Flat, 43 Zoll / 108 cm, UHD 4K, SMART TV)",Saturn Online Shop,399.00,Samsung,Fernseher,https://cdn.billiger.com/dynimg/JDyrPvVqm_7of0p75-xL_RPufeUYcK5-KhE8nUhH7Pc88MgR1b3VHcWvS03VxtgwO1RUR6BqD3tIdGZDbdsqBEWZiPhRrxpF5pzS3sATSDq/Samsung-GQ43Q7F-43-QLED-4K-Vision-AI-Smart-TV-Q7F.webp?h=630&w=1200,5268439797,"GQ43Q7F 43"" QLED 4K Vision AI Smart TV Q7F 		",fernseher
b00393,Samsung QE43Q72F - QLED TV 43 (109 cm) - 4K UHD 3840x2160 - HDR10+ - Smart TV - Hub di gioco - 3xHDMI - WiFi [Länderversion Spanisch],Amazon Marketplace CE,278.30,Samsung,Fernseher,https://cdn.billiger.com/dynimg/ksIMjq_bKffof0p75-xL_Qy9FsZsWo3wahE8nUhH7Pc88MgR1b3VHcWvS03VxtgwOc5-tSs1l9pvrns1wNQogSdNC5ADxxjPCEO815j9dRf/Samsung-TQ43Q7FAAU-43-QLED-4K-Vision-AI-Smart-TV-Q7F.webp?h=630&w=1200,5291885085,"TQ43Q7FAAU 43"" QLED 4K Vision AI Smart TV Q7F",fernseher
b00394,"Samsung TQ43Q7FAAU, 109,2 cm (43""), 3840 x 2160 Pixel, QLED, Smart-TV, WLAN, Schwarz - Schwarz",Kaufland.de,285.00,Samsung,Fernseher,https://cdn.billiger.com/dynimg/ksIMjq_bKffof0p75-xL_Qy9FsZsWo3wahE8nUhH7Pc88MgR1b3VHcWvS03VxtgwOc5-tSs1l9pvrns1wNQogSdNC5ADxxjPCEO815j9dRf/Samsung-TQ43Q7FAAU-43-QLED-4K-Vision-AI-Smart-TV-Q7F.webp?h=630&w=1200,5291885085,"TQ43Q7FAAU 43"" QLED 4K Vision AI Smart TV Q7F",fernseher
b00395,"Samsung TQ43Q7FAAU (43"", Q7F, QLED, 4K, 2025), TV, Schwarz",Galaxus.de,297.50,Samsung,Fernseher,https://cdn.billiger.com/dynimg/ksIMjq_bKffof0p75-xL_Qy9FsZsWo3wahE8nUhH7Pc88MgR1b3VHcWvS03VxtgwOc5-tSs1l9pvrns1wNQogSdNC5ADxxjPCEO815j9dRf/Samsung-TQ43Q7FAAU-43-QLED-4K-Vision-AI-Smart-TV-Q7F.webp?h=630&w=1200,5291885085,"TQ43Q7FAAU 43"" QLED 4K Vision AI Smart TV Q7F",fernseher
b00396,Samsung Q7F 43 Zoll QLED Smart TV Q43Q7FAAU (2025),Metro.de,299.90,Samsung,Fernseher,https://cdn.billiger.com/dynimg/ksIMjq_bKffof0p75-xL_Qy9FsZsWo3wahE8nUhH7Pc88MgR1b3VHcWvS03VxtgwOc5-tSs1l9pvrns1wNQogSdNC5ADxxjPCEO815j9dRf/Samsung-TQ43Q7FAAU-43-QLED-4K-Vision-AI-Smart-TV-Q7F.webp?h=630&w=1200,5291885085,"TQ43Q7FAAU 43"" QLED 4K Vision AI Smart TV Q7F",fernseher
b00397,Samsung Q7f Tq43q7faau 43 ́ ́ 4k Qled Tv - Black,Techinn DE,344.49,Samsung,Fernseher,https://cdn.billiger.com/dynimg/ksIMjq_bKffof0p75-xL_Qy9FsZsWo3wahE8nUhH7Pc88MgR1b3VHcWvS03VxtgwOc5-tSs1l9pvrns1wNQogSdNC5ADxxjPCEO815j9dRf/Samsung-TQ43Q7FAAU-43-QLED-4K-Vision-AI-Smart-TV-Q7F.webp?h=630&w=1200,5291885085,"TQ43Q7FAAU 43"" QLED 4K Vision AI Smart TV Q7F",fernseher
b00398,Samsung TQ43Q7F QLED Fernseher 43 Zoll 4K UHD HDR Schwarz,ebay.de,536.14,Samsung,Fernseher,https://cdn.billiger.com/dynimg/ksIMjq_bKffof0p75-xL_Qy9FsZsWo3wahE8nUhH7Pc88MgR1b3VHcWvS03VxtgwOc5-tSs1l9pvrns1wNQogSdNC5ADxxjPCEO815j9dRf/Samsung-TQ43Q7FAAU-43-QLED-4K-Vision-AI-Smart-TV-Q7F.webp?h=630&w=1200,5291885085,"TQ43Q7FAAU 43"" QLED 4K Vision AI Smart TV Q7F",fernseher
b00399,"Samsung QE43Q7FAAU Smart TV 109,2 cm (43"")",ebay.de,282.71,Samsung,Fernseher,https://cdn.billiger.com/dynimg/n5bl8zN4hzZof0p75-xL_SlS2Kvum-BsahE8nUhH7Pc88MgR1b3VHcWvS03VxtgwA6K6Mgc7x-4GIiGP55gELC8Hp4GvMmF5nodTJ56KHMm/Samsung-QE43Q7F-43-QLED-4K-Vision-AI-Smart-TV-Q7F-EU-Modell.webp?h=630&w=1200,5274833367,"QE43Q7F 43"" QLED 4K Vision AI Smart TV Q7F (EU-Modell)",fernseher
b00400,"Samsung Q7F QE43Q7FAAU 109,2 cm (43"") 4K Ultra HD Smart-TV WLAN Schwarz",JB-Computer,285.00,Samsung,Fernseher,https://cdn.billiger.com/dynimg/n5bl8zN4hzZof0p75-xL_SlS2Kvum-BsahE8nUhH7Pc88MgR1b3VHcWvS03VxtgwA6K6Mgc7x-4GIiGP55gELC8Hp4GvMmF5nodTJ56KHMm/Samsung-QE43Q7F-43-QLED-4K-Vision-AI-Smart-TV-Q7F-EU-Modell.webp?h=630&w=1200,5274833367,"QE43Q7F 43"" QLED 4K Vision AI Smart TV Q7F (EU-Modell)",fernseher
b00401,Samsung Q7F QE43Q7FAAU 109 2 cm (43 ) 4K Ultra HD Smart-TV WLAN Schwarz - Schwarz,Kaufland.de,285.00,Samsung,Fernseher,https://cdn.billiger.com/dynimg/n5bl8zN4hzZof0p75-xL_SlS2Kvum-BsahE8nUhH7Pc88MgR1b3VHcWvS03VxtgwA6K6Mgc7x-4GIiGP55gELC8Hp4GvMmF5nodTJ56KHMm/Samsung-QE43Q7F-43-QLED-4K-Vision-AI-Smart-TV-Q7F-EU-Modell.webp?h=630&w=1200,5274833367,"QE43Q7F 43"" QLED 4K Vision AI Smart TV Q7F (EU-Modell)",fernseher
b00402,"Samsung QLED Q7F 4K Smart TV 43 Zoll (108 cm) mit AI-Vision, 100% Farbvolumen mit Quantum Dot, HDR10+, Q4 AI Prozessor, One UI Tizen, Wi-Fi, Bluetooth 5.3 und Motion Xcelerator",Amazon Marketplace CE,288.63,Samsung,Fernseher,https://cdn.billiger.com/dynimg/n5bl8zN4hzZof0p75-xL_SlS2Kvum-BsahE8nUhH7Pc88MgR1b3VHcWvS03VxtgwA6K6Mgc7x-4GIiGP55gELC8Hp4GvMmF5nodTJ56KHMm/Samsung-QE43Q7F-43-QLED-4K-Vision-AI-Smart-TV-Q7F-EU-Modell.webp?h=630&w=1200,5274833367,"QE43Q7F 43"" QLED 4K Vision AI Smart TV Q7F (EU-Modell)",fernseher
b00403,Samsung QE43Q7F 2025,Electronis.de,295.79,Samsung,Fernseher,https://cdn.billiger.com/dynimg/n5bl8zN4hzZof0p75-xL_SlS2Kvum-BsahE8nUhH7Pc88MgR1b3VHcWvS03VxtgwA6K6Mgc7x-4GIiGP55gELC8Hp4GvMmF5nodTJ56KHMm/Samsung-QE43Q7F-43-QLED-4K-Vision-AI-Smart-TV-Q7F-EU-Modell.webp?h=630&w=1200,5274833367,"QE43Q7F 43"" QLED 4K Vision AI Smart TV Q7F (EU-Modell)",fernseher
b00404,"Samsung Fernseher QE43Q7FAAUXXH QLED 4K (43"", Q7F, QLED, 4K, EU), TV, Schwarz",Galaxus.de,297.50,Samsung,Fernseher,https://cdn.billiger.com/dynimg/n5bl8zN4hzZof0p75-xL_SlS2Kvum-BsahE8nUhH7Pc88MgR1b3VHcWvS03VxtgwA6K6Mgc7x-4GIiGP55gELC8Hp4GvMmF5nodTJ56KHMm/Samsung-QE43Q7F-43-QLED-4K-Vision-AI-Smart-TV-Q7F-EU-Modell.webp?h=630&w=1200,5274833367,"QE43Q7F 43"" QLED 4K Vision AI Smart TV Q7F (EU-Modell)",fernseher
b00405,Samsung Qe43q7faau 43 ́ ́ 4k Qled Tv - Black,Techinn DE,308.99,Samsung,Fernseher,https://cdn.billiger.com/dynimg/n5bl8zN4hzZof0p75-xL_SlS2Kvum-BsahE8nUhH7Pc88MgR1b3VHcWvS03VxtgwA6K6Mgc7x-4GIiGP55gELC8Hp4GvMmF5nodTJ56KHMm/Samsung-QE43Q7F-43-QLED-4K-Vision-AI-Smart-TV-Q7F-EU-Modell.webp?h=630&w=1200,5274833367,"QE43Q7F 43"" QLED 4K Vision AI Smart TV Q7F (EU-Modell)",fernseher
b00406,Samsung Q7F 43 Zoll QLED Smart TV Q43Q7FAAU (2025),Metro.de,334.12,Samsung,Fernseher,https://cdn.billiger.com/dynimg/n5bl8zN4hzZof0p75-xL_SlS2Kvum-BsahE8nUhH7Pc88MgR1b3VHcWvS03VxtgwA6K6Mgc7x-4GIiGP55gELC8Hp4GvMmF5nodTJ56KHMm/Samsung-QE43Q7F-43-QLED-4K-Vision-AI-Smart-TV-Q7F-EU-Modell.webp?h=630&w=1200,5274833367,"QE43Q7F 43"" QLED 4K Vision AI Smart TV Q7F (EU-Modell)",fernseher
b00407,"Samsung QE43Q7F Smart TV QLED 43"" 4K Ultra HD HDR Schwarz - Fernseher(QE43Q7FAAUXXH)",JACOB,347.12,Samsung,Fernseher,https://cdn.billiger.com/dynimg/n5bl8zN4hzZof0p75-xL_SlS2Kvum-BsahE8nUhH7Pc88MgR1b3VHcWvS03VxtgwA6K6Mgc7x-4GIiGP55gELC8Hp4GvMmF5nodTJ56KHMm/Samsung-QE43Q7F-43-QLED-4K-Vision-AI-Smart-TV-Q7F-EU-Modell.webp?h=630&w=1200,5274833367,"QE43Q7F 43"" QLED 4K Vision AI Smart TV Q7F (EU-Modell)",fernseher
b00408,Samsung S95F 55 Zoll OLED Smart TV Q55S95F (2025),gamingoase.de,1299.00,Samsung,Fernseher,https://cdn.billiger.com/dynimg/lO5MF8sALPdof0p75-xL_SjrTDc8KNNi6hE8nUhH7Pc88MgR1b3VHcWvS03VxtgwC9bsVJafO6FL347JECFSLn4EmTIoNiUT7OJVkzSmbni/Samsung-GQ55S95F-55-OLED-4K-Vision-AI-Smart-TV-S95F.webp?h=630&w=1200,5270742300,"GQ55S95F 55"" OLED 4K Vision AI Smart TV S95F",fernseher
b00409,"Samsung GQ55S95FAT OLED-Fernseher (138 cm/55 Zoll, 4K Ultra HD, Smart-TV, HDR Pro & Glare Free, Dolby Atmos & AI Sound, Gaming Hub, bis zu 165Hz) schwarz",OTTO,1399.00,Samsung,Fernseher,https://cdn.billiger.com/dynimg/lO5MF8sALPdof0p75-xL_SjrTDc8KNNi6hE8nUhH7Pc88MgR1b3VHcWvS03VxtgwC9bsVJafO6FL347JECFSLn4EmTIoNiUT7OJVkzSmbni/Samsung-GQ55S95F-55-OLED-4K-Vision-AI-Smart-TV-S95F.webp?h=630&w=1200,5270742300,"GQ55S95F 55"" OLED 4K Vision AI Smart TV S95F",fernseher
b00410,"SAMSUNG OLEDGQ55S95F OLED 4K Vision AI Smart TV (Flat, 55 Zoll / 138 cm, UHD 4K, SMART TV)",Media Markt Online Shop,1409.00,Samsung,Fernseher,https://cdn.billiger.com/dynimg/lO5MF8sALPdof0p75-xL_SjrTDc8KNNi6hE8nUhH7Pc88MgR1b3VHcWvS03VxtgwC9bsVJafO6FL347JECFSLn4EmTIoNiUT7OJVkzSmbni/Samsung-GQ55S95F-55-OLED-4K-Vision-AI-Smart-TV-S95F.webp?h=630&w=1200,5270742300,"GQ55S95F 55"" OLED 4K Vision AI Smart TV S95F",fernseher
b00411,"SAMSUNG OLEDGQ55S95F OLED 4K Vision AI Smart TV (Flat, 55 Zoll / 138 cm, UHD 4K, SMART TV)",Saturn Online Shop,1409.00,Samsung,Fernseher,https://cdn.billiger.com/dynimg/lO5MF8sALPdof0p75-xL_SjrTDc8KNNi6hE8nUhH7Pc88MgR1b3VHcWvS03VxtgwC9bsVJafO6FL347JECFSLn4EmTIoNiUT7OJVkzSmbni/Samsung-GQ55S95F-55-OLED-4K-Vision-AI-Smart-TV-S95F.webp?h=630&w=1200,5270742300,"GQ55S95F 55"" OLED 4K Vision AI Smart TV S95F",fernseher
b00412,"Samsung GQ55S95FATXZG 140cm / 55"" 4K OLED Vision AI Smart TV",Cyberport,1439.00,Samsung,Fernseher,https://cdn.billiger.com/dynimg/lO5MF8sALPdof0p75-xL_SjrTDc8KNNi6hE8nUhH7Pc88MgR1b3VHcWvS03VxtgwC9bsVJafO6FL347JECFSLn4EmTIoNiUT7OJVkzSmbni/Samsung-GQ55S95F-55-OLED-4K-Vision-AI-Smart-TV-S95F.webp?h=630&w=1200,5270742300,"GQ55S95F 55"" OLED 4K Vision AI Smart TV S95F",fernseher
b00413,GQ55S95FATXZG 4K Vision AI OLED TV,Expert,1449.00,Samsung,Fernseher,https://cdn.billiger.com/dynimg/lO5MF8sALPdof0p75-xL_SjrTDc8KNNi6hE8nUhH7Pc88MgR1b3VHcWvS03VxtgwC9bsVJafO6FL347JECFSLn4EmTIoNiUT7OJVkzSmbni/Samsung-GQ55S95F-55-OLED-4K-Vision-AI-Smart-TV-S95F.webp?h=630&w=1200,5270742300,"GQ55S95F 55"" OLED 4K Vision AI Smart TV S95F",fernseher
b00414,Samsung GQ55S95F (2025) – 55 Zoll 4K OLED Vision AI Smart TV S95F - Schwarz,Kaufland.de,1469.00,Samsung,Fernseher,https://cdn.billiger.com/dynimg/lO5MF8sALPdof0p75-xL_SjrTDc8KNNi6hE8nUhH7Pc88MgR1b3VHcWvS03VxtgwC9bsVJafO6FL347JECFSLn4EmTIoNiUT7OJVkzSmbni/Samsung-GQ55S95F-55-OLED-4K-Vision-AI-Smart-TV-S95F.webp?h=630&w=1200,5270742300,"GQ55S95F 55"" OLED 4K Vision AI Smart TV S95F",fernseher
b00415,Samsung OLED 55 Zoll Smart TV Fernseher GQ55S95FATXZG 4K HDR WLAN,ebay.de,1666.04,Samsung,Fernseher,https://cdn.billiger.com/dynimg/lO5MF8sALPdof0p75-xL_SjrTDc8KNNi6hE8nUhH7Pc88MgR1b3VHcWvS03VxtgwC9bsVJafO6FL347JECFSLn4EmTIoNiUT7OJVkzSmbni/Samsung-GQ55S95F-55-OLED-4K-Vision-AI-Smart-TV-S95F.webp?h=630&w=1200,5270742300,"GQ55S95F 55"" OLED 4K Vision AI Smart TV S95F",fernseher
b00416,"Samsung GQ55S95FATXZG 140cm / 55"" 4K OLED Vision AI Smart TV",computeruniverse.net,1669.00,Samsung,Fernseher,https://cdn.billiger.com/dynimg/lO5MF8sALPdof0p75-xL_SjrTDc8KNNi6hE8nUhH7Pc88MgR1b3VHcWvS03VxtgwC9bsVJafO6FL347JECFSLn4EmTIoNiUT7OJVkzSmbni/Samsung-GQ55S95F-55-OLED-4K-Vision-AI-Smart-TV-S95F.webp?h=630&w=1200,5270742300,"GQ55S95F 55"" OLED 4K Vision AI Smart TV S95F",fernseher
b00417,"Samsung GQ55S95FATXZG 140cm / 55"" 4K OLED Vision AI Smart TV [Energieklasse G] (GQ55S95FATXZG)",JACOB,1698.30,Samsung,Fernseher,https://cdn.billiger.com/dynimg/lO5MF8sALPdof0p75-xL_SjrTDc8KNNi6hE8nUhH7Pc88MgR1b3VHcWvS03VxtgwC9bsVJafO6FL347JECFSLn4EmTIoNiUT7OJVkzSmbni/Samsung-GQ55S95F-55-OLED-4K-Vision-AI-Smart-TV-S95F.webp?h=630&w=1200,5270742300,"GQ55S95F 55"" OLED 4K Vision AI Smart TV S95F",fernseher
b00418,Samsung S95F 65 Zoll OLED Smart TV Q65S95F (2025),gamingoase.de,1699.00,Samsung,Fernseher,https://cdn.billiger.com/dynimg/ZXwPU8KvWWSof0p75-xL_RMGV7ng5D-2ahE8nUhH7Pc88MgR1b3VHcWvS03VxtgwC9bsVJafO6FL347JECFSLn4EmTIoNiUT7OJVkzSmbni/Samsung-GQ65S95F-65-OLED-4K-Vision-AI-Smart-TV-S95F.webp?h=630&w=1200,5265819559,"GQ65S95F 65"" OLED 4K Vision AI Smart TV S95F",fernseher
b00419,"Samsung GQ65S95FAT - 163 cm (65"") Diagonalklasse S95F Series OLED-TV - Smart TV - Tizen OS - 4K UHD (2160p) - Schwarz",Kaufland.de,2035.24,Samsung,Fernseher,https://cdn.billiger.com/dynimg/ZXwPU8KvWWSof0p75-xL_RMGV7ng5D-2ahE8nUhH7Pc88MgR1b3VHcWvS03VxtgwC9bsVJafO6FL347JECFSLn4EmTIoNiUT7OJVkzSmbni/Samsung-GQ65S95F-65-OLED-4K-Vision-AI-Smart-TV-S95F.webp?h=630&w=1200,5265819559,"GQ65S95F 65"" OLED 4K Vision AI Smart TV S95F",fernseher
b00420,"Samsung GQ65S95FATXZG 165cm / 65"" 4K OLED Vision AI Smart TV [Energieklasse F] (GQ65S95FATXZG)",JACOB,2075.93,Samsung,Fernseher,https://cdn.billiger.com/dynimg/ZXwPU8KvWWSof0p75-xL_RMGV7ng5D-2ahE8nUhH7Pc88MgR1b3VHcWvS03VxtgwC9bsVJafO6FL347JECFSLn4EmTIoNiUT7OJVkzSmbni/Samsung-GQ65S95F-65-OLED-4K-Vision-AI-Smart-TV-S95F.webp?h=630&w=1200,5265819559,"GQ65S95F 65"" OLED 4K Vision AI Smart TV S95F",fernseher
b00421,Samsung QE65S95F 4K OLED Fernseher 65 Zoll 65S95F - Schwarz,Kaufland.de,1899.00,Samsung,Fernseher,https://cdn.billiger.com/dynimg/Gkado_Nnq9gof0p75-xL_Th6sVRNJerYahE8nUhH7Pc88MgR1b3VHcWvS03VxtgwM00fr8Bb524Sg6ybV40yuOwHVAwZWL4C2Ir-p0MSZXa/Samsung-QE65S95F-65-OLED-4K-Vision-AI-Smart-TV-S95F-EU-Modell.webp?h=630&w=1200,5338621144,"QE65S95F 65"" OLED 4K Vision AI Smart TV S95F (EU-Modell)",fernseher
b00422,Samsung QN90F 50 Zoll QLED Smart TV Q50QN90FAT (2025),gamingoase.de,699.00,Samsung,Fernseher,https://cdn.billiger.com/dynimg/9S6ZV032-eIof0p75-xL_QzmKX_2ehIQKhE8nUhH7Pc88MgR1b3VHcWvS03VxtgwPg-OOezNSaX47Hj_yE4hkWGZrhf6039NPkkdCIoY3jC/Samsung-GQ50QN90F-50-Neo-QLED-4K-Vision-AI-Smart-TV-QN90F.webp?h=630&w=1200,5262967954,"GQ50QN90F 50"" Neo QLED 4K Vision AI Smart TV QN90F",fernseher
b00423,Samsung Q50QN90FAT Neo QLED 4K QN90F 50 Zoll (125 cm) Mini LED Fernseher,ebay.de,820.00,Samsung,Fernseher,https://cdn.billiger.com/dynimg/9S6ZV032-eIof0p75-xL_QzmKX_2ehIQKhE8nUhH7Pc88MgR1b3VHcWvS03VxtgwPg-OOezNSaX47Hj_yE4hkWGZrhf6039NPkkdCIoY3jC/Samsung-GQ50QN90F-50-Neo-QLED-4K-Vision-AI-Smart-TV-QN90F.webp?h=630&w=1200,5262967954,"GQ50QN90F 50"" Neo QLED 4K Vision AI Smart TV QN90F",fernseher
b00424,"Samsung GQ50QN90FATXZG (50"", QN90F, Mini-LED, NeoQLED, 4K, 2025), TV, Schwarz",Galaxus.de,856.80,Samsung,Fernseher,https://cdn.billiger.com/dynimg/9S6ZV032-eIof0p75-xL_QzmKX_2ehIQKhE8nUhH7Pc88MgR1b3VHcWvS03VxtgwPg-OOezNSaX47Hj_yE4hkWGZrhf6039NPkkdCIoY3jC/Samsung-GQ50QN90F-50-Neo-QLED-4K-Vision-AI-Smart-TV-QN90F.webp?h=630&w=1200,5262967954,"GQ50QN90F 50"" Neo QLED 4K Vision AI Smart TV QN90F",fernseher
b00425,"GQ50QN90FATXZG (125 cm (50 Zoll), schwarz, UltraHD/4K, Neo-QLED, Mini-LED, PVR, Tripple-Twin-Tuner, 120Hz Panel) - Schwarz",Kaufland.de,896.68,Samsung,Fernseher,https://cdn.billiger.com/dynimg/9S6ZV032-eIof0p75-xL_QzmKX_2ehIQKhE8nUhH7Pc88MgR1b3VHcWvS03VxtgwPg-OOezNSaX47Hj_yE4hkWGZrhf6039NPkkdCIoY3jC/Samsung-GQ50QN90F-50-Neo-QLED-4K-Vision-AI-Smart-TV-QN90F.webp?h=630&w=1200,5262967954,"GQ50QN90F 50"" Neo QLED 4K Vision AI Smart TV QN90F",fernseher
b00426,"Samsung Neo QLED 4K QN90F 50 Zoll (125 cm) Mini LED Fernseher, Antireflexion, NQ4 AI Gen3 Prozessor, Neo Quantum HDR, 4K Upscaling Pro, Dolby Atmos, Knox Security, Samsung Vision AI Smart TV",amazon.de,899.00,Samsung,Fernseher,https://cdn.billiger.com/dynimg/9S6ZV032-eIof0p75-xL_QzmKX_2ehIQKhE8nUhH7Pc88MgR1b3VHcWvS03VxtgwPg-OOezNSaX47Hj_yE4hkWGZrhf6039NPkkdCIoY3jC/Samsung-GQ50QN90F-50-Neo-QLED-4K-Vision-AI-Smart-TV-QN90F.webp?h=630&w=1200,5262967954,"GQ50QN90F 50"" Neo QLED 4K Vision AI Smart TV QN90F",fernseher
b00427,"Samsung 50"" Neo QLED QN90F 4K (2025)",coolblue,899.00,Samsung,Fernseher,https://cdn.billiger.com/dynimg/9S6ZV032-eIof0p75-xL_QzmKX_2ehIQKhE8nUhH7Pc88MgR1b3VHcWvS03VxtgwPg-OOezNSaX47Hj_yE4hkWGZrhf6039NPkkdCIoY3jC/Samsung-GQ50QN90F-50-Neo-QLED-4K-Vision-AI-Smart-TV-QN90F.webp?h=630&w=1200,5262967954,"GQ50QN90F 50"" Neo QLED 4K Vision AI Smart TV QN90F",fernseher
b00428,"Samsung GQ50QN90FAT QLED-Fernseher (125 cm/50 Zoll, 4K Ultra HD, Smart-TV, NQ HDR, Glare Free, Upscaling Pro, Dolby Atmos & AI Sound, bis 165Hz) schwarz",OTTO,899.00,Samsung,Fernseher,https://cdn.billiger.com/dynimg/9S6ZV032-eIof0p75-xL_QzmKX_2ehIQKhE8nUhH7Pc88MgR1b3VHcWvS03VxtgwPg-OOezNSaX47Hj_yE4hkWGZrhf6039NPkkdCIoY3jC/Samsung-GQ50QN90F-50-Neo-QLED-4K-Vision-AI-Smart-TV-QN90F.webp?h=630&w=1200,5262967954,"GQ50QN90F 50"" Neo QLED 4K Vision AI Smart TV QN90F",fernseher
b00429,"Samsung Neo QLED 4K QN90F 50 Zoll (125 cm) Mini LED Fernseher, Antireflexion, NQ4 AI Gen3 Prozessor, Neo Quantum HDR, 4K Upscaling Pro, Dolby Atmos, Knox Security, Samsung Vision AI Smart TV",Amazon Marketplace CE,899.00,Samsung,Fernseher,https://cdn.billiger.com/dynimg/9S6ZV032-eIof0p75-xL_QzmKX_2ehIQKhE8nUhH7Pc88MgR1b3VHcWvS03VxtgwPg-OOezNSaX47Hj_yE4hkWGZrhf6039NPkkdCIoY3jC/Samsung-GQ50QN90F-50-Neo-QLED-4K-Vision-AI-Smart-TV-QN90F.webp?h=630&w=1200,5262967954,"GQ50QN90F 50"" Neo QLED 4K Vision AI Smart TV QN90F",fernseher
b00430,"SAMSUNG QLED-Fernseher ""GQ50QN90FAT QLED Mini LED-Fernseher"", Energieeffizienz: F (A-G), schwarz, 50, Fernseher, NQ HDR, Glare Free, Upscaling Pro, Dolby Atmos & AI Sound, bis 165Hz",baur.de,899.00,Samsung,Fernseher,https://cdn.billiger.com/dynimg/9S6ZV032-eIof0p75-xL_QzmKX_2ehIQKhE8nUhH7Pc88MgR1b3VHcWvS03VxtgwPg-OOezNSaX47Hj_yE4hkWGZrhf6039NPkkdCIoY3jC/Samsung-GQ50QN90F-50-Neo-QLED-4K-Vision-AI-Smart-TV-QN90F.webp?h=630&w=1200,5262967954,"GQ50QN90F 50"" Neo QLED 4K Vision AI Smart TV QN90F",fernseher
b00431,"SAMSUNG GQ50QN90F Mini LED / Neo QLED 4K TV (50 Zoll 125 cm, UHD 4K, SMART TV)",Media Markt Online Shop,949.00,Samsung,Fernseher,https://cdn.billiger.com/dynimg/9S6ZV032-eIof0p75-xL_QzmKX_2ehIQKhE8nUhH7Pc88MgR1b3VHcWvS03VxtgwPg-OOezNSaX47Hj_yE4hkWGZrhf6039NPkkdCIoY3jC/Samsung-GQ50QN90F-50-Neo-QLED-4K-Vision-AI-Smart-TV-QN90F.webp?h=630&w=1200,5262967954,"GQ50QN90F 50"" Neo QLED 4K Vision AI Smart TV QN90F",fernseher
b00432,"Samsung QE43QN90F 4K Neo QLED Fernseher 43 Zoll 43QN90F, Smart-TV, WLAN - Schwarz/Silber",Kaufland.de,709.00,Samsung,Fernseher,https://cdn.billiger.com/dynimg/L1Zdg-QEIGIof0p75-xL_R0gQ4qYfcBoahE8nUhH7Pc88MgR1b3VHcWvS03VxtgwMyitZID1V_QZuXkNOp6GC8mn_zlit1cnQbHjMJ6NrcD/Samsung-QE43QN90F-43-Neo-QLED-4K-Vision-AI-Smart-TV-QN90F-EU-Modell.webp?h=630&w=1200,5279022518,"QE43QN90F 43"" Neo QLED 4K Vision AI Smart TV QN90F (EU-Modell)",fernseher
b00433,"Samsung Neo QLED 4K QN90F 43 Zoll (108 cm) Mini LED Fernseher, NQ4 AI Gen2 Prozessor, Quantum Matrix Technology Slim, Motion Xcelerator 165Hz, AirSlim Design, Samsun...[Länderversion Ungarisch]",Amazon Marketplace CE,729.00,Samsung,Fernseher,https://cdn.billiger.com/dynimg/L1Zdg-QEIGIof0p75-xL_R0gQ4qYfcBoahE8nUhH7Pc88MgR1b3VHcWvS03VxtgwMyitZID1V_QZuXkNOp6GC8mn_zlit1cnQbHjMJ6NrcD/Samsung-QE43QN90F-43-Neo-QLED-4K-Vision-AI-Smart-TV-QN90F-EU-Modell.webp?h=630&w=1200,5279022518,"QE43QN90F 43"" Neo QLED 4K Vision AI Smart TV QN90F (EU-Modell)",fernseher
b00434,"Samsung Neo QLED 4K QN90F 50 Zoll (125 cm) Mini LED Fernseher, NQ4 AI Gen2 Prozessor, Quantum Matrix Technology Slim, Motion Xcelerator 165Hz, AirSlim Design, Samsun...[Länderversion Ungarisch]",Amazon Marketplace CE,739.00,Samsung,Fernseher,https://cdn.billiger.com/dynimg/21oFPiXCD9Zof0p75-xL_Q6JponNXZn9ahE8nUhH7Pc88MgR1b3VHcWvS03VxtgwHQgqioEjKaqB8i4c3TGZQ_d6B7DBH35rIGrl6-q4l8M/Samsung-QE50QN90F-50-Neo-QLED-4K-Vision-AI-Smart-TV-QN90F-EU-Modell.webp?h=630&w=1200,5274213760,"QE50QN90F 50"" Neo QLED 4K Vision AI Smart TV QN90F (EU-Modell)",fernseher
b00435,"Samsung QE50QN90F 4K Neo QLED Fernseher 50 Zoll 50QN90F, Smart-TV, WLAN - Schwarz/Silber",Kaufland.de,749.00,Samsung,Fernseher,https://cdn.billiger.com/dynimg/21oFPiXCD9Zof0p75-xL_Q6JponNXZn9ahE8nUhH7Pc88MgR1b3VHcWvS03VxtgwHQgqioEjKaqB8i4c3TGZQ_d6B7DBH35rIGrl6-q4l8M/Samsung-QE50QN90F-50-Neo-QLED-4K-Vision-AI-Smart-TV-QN90F-EU-Modell.webp?h=630&w=1200,5274213760,"QE50QN90F 50"" Neo QLED 4K Vision AI Smart TV QN90F (EU-Modell)",fernseher
b00436,Samsung QE50QN90FATXXN 4K Neo QLED Fernseher 50 Zoll,ebay.de,799.00,Samsung,Fernseher,https://cdn.billiger.com/dynimg/21oFPiXCD9Zof0p75-xL_Q6JponNXZn9ahE8nUhH7Pc88MgR1b3VHcWvS03VxtgwHQgqioEjKaqB8i4c3TGZQ_d6B7DBH35rIGrl6-q4l8M/Samsung-QE50QN90F-50-Neo-QLED-4K-Vision-AI-Smart-TV-QN90F-EU-Modell.webp?h=630&w=1200,5274213760,"QE50QN90F 50"" Neo QLED 4K Vision AI Smart TV QN90F (EU-Modell)",fernseher
b00437,"Samsung TV QE50QN90FATXXH Neo QLED miniLED (50"", QN90F, 4K, 2025), TV, Schwarz",Galaxus.de,803.25,Samsung,Fernseher,https://cdn.billiger.com/dynimg/21oFPiXCD9Zof0p75-xL_Q6JponNXZn9ahE8nUhH7Pc88MgR1b3VHcWvS03VxtgwHQgqioEjKaqB8i4c3TGZQ_d6B7DBH35rIGrl6-q4l8M/Samsung-QE50QN90F-50-Neo-QLED-4K-Vision-AI-Smart-TV-QN90F-EU-Modell.webp?h=630&w=1200,5274213760,"QE50QN90F 50"" Neo QLED 4K Vision AI Smart TV QN90F (EU-Modell)",fernseher
b00438,"Samsung OLED 4K S90F 42 Zoll (107 cm), UHD Fernseher, NQ4 AI Gen3 Prozessor, OLED HDR+, 4K Upscaling Pro, Dolby Atmos, Gaming Hub, Motion Xcelerator 144Hz, Samsung Vision AI Smart TV, 42S90F",Amazon Marketplace CE,699.00,Samsung,Fernseher,https://cdn.billiger.com/dynimg/w2__aNP6WNoof0p75-xL_QR5GssBIZ39qhE8nUhH7Pc88MgR1b3VHcWvS03VxtgwKh3VZyTXEAIPI7lDv6nOKoKgEkAc3M1_A4aBKuZfnr3/Samsung-QE42S90F-42-OLED-4K-Vision-AI-Smart-TV-S90F-EU-Modell.webp?h=630&w=1200,5373366499,"QE42S90F 42"" OLED 4K Vision AI Smart TV S90F (EU-Modell)",fernseher
b00439,"Samsung QE42S90F 4K OLED Fernseher 42 Zoll 42S90F, Smart-TV, WLAN - Schwarz",Kaufland.de,729.00,Samsung,Fernseher,https://cdn.billiger.com/dynimg/w2__aNP6WNoof0p75-xL_QR5GssBIZ39qhE8nUhH7Pc88MgR1b3VHcWvS03VxtgwKh3VZyTXEAIPI7lDv6nOKoKgEkAc3M1_A4aBKuZfnr3/Samsung-QE42S90F-42-OLED-4K-Vision-AI-Smart-TV-S90F-EU-Modell.webp?h=630&w=1200,5373366499,"QE42S90F 42"" OLED 4K Vision AI Smart TV S90F (EU-Modell)",fernseher
b00440,Samsung TV (QE42S90FAEXXH),JB-Computer,775.00,Samsung,Fernseher,https://cdn.billiger.com/dynimg/w2__aNP6WNoof0p75-xL_QR5GssBIZ39qhE8nUhH7Pc88MgR1b3VHcWvS03VxtgwKh3VZyTXEAIPI7lDv6nOKoKgEkAc3M1_A4aBKuZfnr3/Samsung-QE42S90F-42-OLED-4K-Vision-AI-Smart-TV-S90F-EU-Modell.webp?h=630&w=1200,5373366499,"QE42S90F 42"" OLED 4K Vision AI Smart TV S90F (EU-Modell)",fernseher
b00441,"Samsung QE42S90F OLED 4K S90F 42 Zoll (107 cm), UHD Fernseher",ebay.de,829.00,Samsung,Fernseher,https://cdn.billiger.com/dynimg/w2__aNP6WNoof0p75-xL_QR5GssBIZ39qhE8nUhH7Pc88MgR1b3VHcWvS03VxtgwKh3VZyTXEAIPI7lDv6nOKoKgEkAc3M1_A4aBKuZfnr3/Samsung-QE42S90F-42-OLED-4K-Vision-AI-Smart-TV-S90F-EU-Modell.webp?h=630&w=1200,5373366499,"QE42S90F 42"" OLED 4K Vision AI Smart TV S90F (EU-Modell)",fernseher
b00442,Samsung S90F 42 Zoll OLED Smart TV 42S90F (2025),gamingoase.de,735.00,Samsung,Fernseher,https://cdn.billiger.com/dynimg/1raJljJ-ppCof0p75-xL_SCDZytU8R-DKhE8nUhH7Pc88MgR1b3VHcWvS03VxtgwEeKWfv45szq342ouyYcxUCtCjJTM3bWe_7fK7BLYAJO/Samsung-GQ42S90F-42-OLED-4K-Vision-AI-Smart-TV-S90F.webp?h=630&w=1200,5401842225,"GQ42S90F 42"" OLED 4K Vision AI Smart TV S90F",fernseher
b00443,Samsung 42 Zoll OLED S90F 4K (2025) DE,coolblue,799.00,Samsung,Fernseher,https://cdn.billiger.com/dynimg/1raJljJ-ppCof0p75-xL_SCDZytU8R-DKhE8nUhH7Pc88MgR1b3VHcWvS03VxtgwEeKWfv45szq342ouyYcxUCtCjJTM3bWe_7fK7BLYAJO/Samsung-GQ42S90F-42-OLED-4K-Vision-AI-Smart-TV-S90F.webp?h=630&w=1200,5401842225,"GQ42S90F 42"" OLED 4K Vision AI Smart TV S90F",fernseher
b00444,Samsung Q42S90F 4K Vision AI Smart TV 42 Zoll,ebay.de,865.00,Samsung,Fernseher,https://cdn.billiger.com/dynimg/1raJljJ-ppCof0p75-xL_SCDZytU8R-DKhE8nUhH7Pc88MgR1b3VHcWvS03VxtgwEeKWfv45szq342ouyYcxUCtCjJTM3bWe_7fK7BLYAJO/Samsung-GQ42S90F-42-OLED-4K-Vision-AI-Smart-TV-S90F.webp?h=630&w=1200,5401842225,"GQ42S90F 42"" OLED 4K Vision AI Smart TV S90F",fernseher
b00445,"Samsung 42"" OLED S90F 4K Vision AI Smart TV (2025), 42 Black",Samsung DE,879.00,Samsung,Fernseher,https://cdn.billiger.com/dynimg/1raJljJ-ppCof0p75-xL_SCDZytU8R-DKhE8nUhH7Pc88MgR1b3VHcWvS03VxtgwEeKWfv45szq342ouyYcxUCtCjJTM3bWe_7fK7BLYAJO/Samsung-GQ42S90F-42-OLED-4K-Vision-AI-Smart-TV-S90F.webp?h=630&w=1200,5401842225,"GQ42S90F 42"" OLED 4K Vision AI Smart TV S90F",fernseher
b00446,"Samsung TV S90F (2025) 42"" OLED 4K - TQ42S90FAEXXC [Länderversion Französisch, Spanisch, Portugiesisch]...[Länderversion Französisch, Spanisch, Portugiesisch]",Amazon Marketplace CE,766.30,Samsung,Fernseher,https://cdn.billiger.com/dynimg/R2KIQwtvEs0of0p75-xL_Q4IV4EYLsLYKhE8nUhH7Pc88MgR1b3VHcWvS03VxtgwF6L7xfhsX9uBGgyRJAnhHNcwetXuoj57VEqxqIh_6bN/Samsung-TQ42S90F-42-OLED-4K-Vision-AI-Smart-TV-S90F-EU-Modell.webp?h=630&w=1200,5421603143,"TQ42S90F 42"" OLED 4K Vision AI Smart TV S90F (EU-Modell)",fernseher
b00447,"Samsung TQ42S90FAE, 106,7 cm (42""), 3840 x 2160 Pixel, OLED, Smart-TV, WLAN, Schwarz - Schwarz",Kaufland.de,815.00,Samsung,Fernseher,https://cdn.billiger.com/dynimg/R2KIQwtvEs0of0p75-xL_Q4IV4EYLsLYKhE8nUhH7Pc88MgR1b3VHcWvS03VxtgwF6L7xfhsX9uBGgyRJAnhHNcwetXuoj57VEqxqIh_6bN/Samsung-TQ42S90F-42-OLED-4K-Vision-AI-Smart-TV-S90F-EU-Modell.webp?h=630&w=1200,5421603143,"TQ42S90F 42"" OLED 4K Vision AI Smart TV S90F (EU-Modell)",fernseher
b00448,Samsung QN70F 55 Zoll QLED Smart TV Q55QN70FAU (2025),gamingoase.de,459.00,Samsung,Fernseher,https://cdn.billiger.com/dynimg/w5OTJj6lt9-of0p75-xL_Qq8na86mP1qahE8nUhH7Pc88MgR1b3VHcWvS03VxtgwL-ZkFoIBi738YtSPbAXgg_a2TZShS21YNufReDJf-M4/Samsung-GQ55QN70F-55-Neo-QLED-4K-Vision-AI-Smart-TV-QN70F.webp?h=630&w=1200,5265769194,"GQ55QN70F 55"" Neo QLED 4K Vision AI Smart TV QN70F",fernseher
b00449,"Samsung 55"" Neo QLED QN70F 4K Vision AI Smart TV (2025) - Schwarz",Kaufland.de,579.00,Samsung,Fernseher,https://cdn.billiger.com/dynimg/w5OTJj6lt9-of0p75-xL_Qq8na86mP1qahE8nUhH7Pc88MgR1b3VHcWvS03VxtgwL-ZkFoIBi738YtSPbAXgg_a2TZShS21YNufReDJf-M4/Samsung-GQ55QN70F-55-Neo-QLED-4K-Vision-AI-Smart-TV-QN70F.webp?h=630&w=1200,5265769194,"GQ55QN70F 55"" Neo QLED 4K Vision AI Smart TV QN70F",fernseher
b00450,"Samsung Neo QLED 4K QN70F 55 Zoll (138 cm) Mini LED Fernseher, Optimiert für Fussball, NQ4 AI Gen2 Prozessor, Quantum Matrix Technology Slim, Motion Xcelerator, Samsung Vision AI Smart TV",amazon.de,593.92,Samsung,Fernseher,https://cdn.billiger.com/dynimg/w5OTJj6lt9-of0p75-xL_Qq8na86mP1qahE8nUhH7Pc88MgR1b3VHcWvS03VxtgwL-ZkFoIBi738YtSPbAXgg_a2TZShS21YNufReDJf-M4/Samsung-GQ55QN70F-55-Neo-QLED-4K-Vision-AI-Smart-TV-QN70F.webp?h=630&w=1200,5265769194,"GQ55QN70F 55"" Neo QLED 4K Vision AI Smart TV QN70F",fernseher
b00451,"Samsung Neo QLED 4K QN70F 55 Zoll (138 cm) Mini LED TV, NQ4 AI Gen2 Prozessor, Quantum Matrix Technologie Slim, Motion Xcelerator 144Hz, AirSlim Design, Samsung Vision AI Smart TV [Energieklasse E]",Joybuy,593.92,Samsung,Fernseher,https://cdn.billiger.com/dynimg/w5OTJj6lt9-of0p75-xL_Qq8na86mP1qahE8nUhH7Pc88MgR1b3VHcWvS03VxtgwL-ZkFoIBi738YtSPbAXgg_a2TZShS21YNufReDJf-M4/Samsung-GQ55QN70F-55-Neo-QLED-4K-Vision-AI-Smart-TV-QN70F.webp?h=630&w=1200,5265769194,"GQ55QN70F 55"" Neo QLED 4K Vision AI Smart TV QN70F",fernseher
b00452,"Samsung GQ55QN70FAU QLED-Fernseher (138 cm/55 Zoll, 4K Ultra HD, Smart-TV, Neo Quantum HDR, 4K AI Upscaling, Gaming Hub, Motion Xcelerator 144Hz) schwarz",OTTO,599.00,Samsung,Fernseher,https://cdn.billiger.com/dynimg/w5OTJj6lt9-of0p75-xL_Qq8na86mP1qahE8nUhH7Pc88MgR1b3VHcWvS03VxtgwL-ZkFoIBi738YtSPbAXgg_a2TZShS21YNufReDJf-M4/Samsung-GQ55QN70F-55-Neo-QLED-4K-Vision-AI-Smart-TV-QN70F.webp?h=630&w=1200,5265769194,"GQ55QN70F 55"" Neo QLED 4K Vision AI Smart TV QN70F",fernseher
b00453,"SAMSUNG QLED-Fernseher ""GQ55QN70FAU QLED Mini LED-Fernseher"", Energieeffizienz: E, schwarz, 55 ′′, Fernseher, Neo Quantum HDR, 4K AI Upscaling, Gaming Hub, Motion Xcelerator 144Hz, QLED-Fernseher",Quelle,599.00,Samsung,Fernseher,https://cdn.billiger.com/dynimg/w5OTJj6lt9-of0p75-xL_Qq8na86mP1qahE8nUhH7Pc88MgR1b3VHcWvS03VxtgwL-ZkFoIBi738YtSPbAXgg_a2TZShS21YNufReDJf-M4/Samsung-GQ55QN70F-55-Neo-QLED-4K-Vision-AI-Smart-TV-QN70F.webp?h=630&w=1200,5265769194,"GQ55QN70F 55"" Neo QLED 4K Vision AI Smart TV QN70F",fernseher
b00454,"Samsung GQ55QN70F 138cm 55"" 4K Neo QLED 100 Hz Smart TV Fernseher",computeruniverse.net,599.00,Samsung,Fernseher,https://cdn.billiger.com/dynimg/w5OTJj6lt9-of0p75-xL_Qq8na86mP1qahE8nUhH7Pc88MgR1b3VHcWvS03VxtgwL-ZkFoIBi738YtSPbAXgg_a2TZShS21YNufReDJf-M4/Samsung-GQ55QN70F-55-Neo-QLED-4K-Vision-AI-Smart-TV-QN70F.webp?h=630&w=1200,5265769194,"GQ55QN70F 55"" Neo QLED 4K Vision AI Smart TV QN70F",fernseher
b00455,"Samsung GQ55QN70F 138cm 55"" 4K Neo QLED 100 Hz Smart TV Fernseher",Cyberport,599.00,Samsung,Fernseher,https://cdn.billiger.com/dynimg/w5OTJj6lt9-of0p75-xL_Qq8na86mP1qahE8nUhH7Pc88MgR1b3VHcWvS03VxtgwL-ZkFoIBi738YtSPbAXgg_a2TZShS21YNufReDJf-M4/Samsung-GQ55QN70F-55-Neo-QLED-4K-Vision-AI-Smart-TV-QN70F.webp?h=630&w=1200,5265769194,"GQ55QN70F 55"" Neo QLED 4K Vision AI Smart TV QN70F",fernseher
b00456,"Samsung GQ55QN70FAUXZG , QLED-Fernseher 138 cm (55 Zoll), schwarz, UltraHD/4K, Neo-QLED, PVR, 100Hz Panel (GQ55QN70FAUXZG)",JACOB,684.40,Samsung,Fernseher,https://cdn.billiger.com/dynimg/w5OTJj6lt9-of0p75-xL_Qq8na86mP1qahE8nUhH7Pc88MgR1b3VHcWvS03VxtgwL-ZkFoIBi738YtSPbAXgg_a2TZShS21YNufReDJf-M4/Samsung-GQ55QN70F-55-Neo-QLED-4K-Vision-AI-Smart-TV-QN70F.webp?h=630&w=1200,5265769194,"GQ55QN70F 55"" Neo QLED 4K Vision AI Smart TV QN70F",fernseher
b00457,Samsung 55 Zoll Neo QLED QN70F 4K Vision AI Smart TV (2025),ebay.de,728.10,Samsung,Fernseher,https://cdn.billiger.com/dynimg/w5OTJj6lt9-of0p75-xL_Qq8na86mP1qahE8nUhH7Pc88MgR1b3VHcWvS03VxtgwL-ZkFoIBi738YtSPbAXgg_a2TZShS21YNufReDJf-M4/Samsung-GQ55QN70F-55-Neo-QLED-4K-Vision-AI-Smart-TV-QN70F.webp?h=630&w=1200,5265769194,"GQ55QN70F 55"" Neo QLED 4K Vision AI Smart TV QN70F",fernseher
b00458,Samsung QE55QN70FAU 139 7 cm (55 ) 4K Ultra HD Smart-TV WLAN Schwarz - Schwarz,Kaufland.de,523.48,Samsung,Fernseher,https://cdn.billiger.com/dynimg/5FBrEcdj0vJof0p75-xL_RQ0gKGXWOyQ6hE8nUhH7Pc88MgR1b3VHcWvS03VxtgwHtrOCjO0pkh0GZU4_fNuwzSwKeliOVaQqCYoymC91xU/Samsung-QE55QN70F-55-Neo-QLED-4K-Vision-AI-Smart-TV-QN70F.webp?h=630&w=1200,5275953231,QE55QN70F 55'' Neo QLED 4K Vision AI Smart TV QN70F,fernseher
b00459,"Samsung 55QN70F Neo QLED Smart TV, Mini LED, 138 cm, 4K Ultra HD (2025)",Amazon Marketplace CE,569.90,Samsung,Fernseher,https://cdn.billiger.com/dynimg/5FBrEcdj0vJof0p75-xL_RQ0gKGXWOyQ6hE8nUhH7Pc88MgR1b3VHcWvS03VxtgwHtrOCjO0pkh0GZU4_fNuwzSwKeliOVaQqCYoymC91xU/Samsung-QE55QN70F-55-Neo-QLED-4K-Vision-AI-Smart-TV-QN70F.webp?h=630&w=1200,5275953231,QE55QN70F 55'' Neo QLED 4K Vision AI Smart TV QN70F,fernseher
b00460,Samsung Qe55qn70fau 55 ́ ́ 4k Qled Tv - Black,Techinn DE,582.99,Samsung,Fernseher,https://cdn.billiger.com/dynimg/5FBrEcdj0vJof0p75-xL_RQ0gKGXWOyQ6hE8nUhH7Pc88MgR1b3VHcWvS03VxtgwHtrOCjO0pkh0GZU4_fNuwzSwKeliOVaQqCYoymC91xU/Samsung-QE55QN70F-55-Neo-QLED-4K-Vision-AI-Smart-TV-QN70F.webp?h=630&w=1200,5275953231,QE55QN70F 55'' Neo QLED 4K Vision AI Smart TV QN70F,fernseher
b00461,Samsung QN70F 55 Zoll Neo QLED Smart TV Q55QN70FAU (2025),Metro.de,625.32,Samsung,Fernseher,https://cdn.billiger.com/dynimg/5FBrEcdj0vJof0p75-xL_RQ0gKGXWOyQ6hE8nUhH7Pc88MgR1b3VHcWvS03VxtgwHtrOCjO0pkh0GZU4_fNuwzSwKeliOVaQqCYoymC91xU/Samsung-QE55QN70F-55-Neo-QLED-4K-Vision-AI-Smart-TV-QN70F.webp?h=630&w=1200,5275953231,QE55QN70F 55'' Neo QLED 4K Vision AI Smart TV QN70F,fernseher
b00462,"Samsung QE55QN70FAU 139,7 cm (55"") 4K Ultra HD Smart-TV WLAN Schwarz [Energieklasse E] (QE55QN70FAUXXH)",JACOB,645.55,Samsung,Fernseher,https://cdn.billiger.com/dynimg/5FBrEcdj0vJof0p75-xL_RQ0gKGXWOyQ6hE8nUhH7Pc88MgR1b3VHcWvS03VxtgwHtrOCjO0pkh0GZU4_fNuwzSwKeliOVaQqCYoymC91xU/Samsung-QE55QN70F-55-Neo-QLED-4K-Vision-AI-Smart-TV-QN70F.webp?h=630&w=1200,5275953231,QE55QN70F 55'' Neo QLED 4K Vision AI Smart TV QN70F,fernseher
b00463,"""Samsung QE55QN70FAU 139,7 cm (55\"") 4K Ultra HD Smart-TV WLAN Schwarz""",voelkner Marktplatz,983.39,Samsung,Fernseher,https://cdn.billiger.com/dynimg/5FBrEcdj0vJof0p75-xL_RQ0gKGXWOyQ6hE8nUhH7Pc88MgR1b3VHcWvS03VxtgwHtrOCjO0pkh0GZU4_fNuwzSwKeliOVaQqCYoymC91xU/Samsung-QE55QN70F-55-Neo-QLED-4K-Vision-AI-Smart-TV-QN70F.webp?h=630&w=1200,5275953231,QE55QN70F 55'' Neo QLED 4K Vision AI Smart TV QN70F,fernseher
b00464,"Samsung TQ55QN70FAU, 139,7 cm (55""), 3840 x 2160 Pixel, Neo QLED, Smart-TV, WLAN, Schwarz - Schwarz",Kaufland.de,523.48,Samsung,Fernseher,https://cdn.billiger.com/dynimg/h45z0FedC85of0p75-xL_QzT4R2x6DNV6hE8nUhH7Pc88MgR1b3VHcWvS03VxtgwHtrOCjO0pkh0GZU4_fNuwzSwKeliOVaQqCYoymC91xU/Samsung-TQ55QN70FAU-55-Neo-QLED-4K-Vision-AI-Smart-TV-QN70F.webp?h=630&w=1200,5291884719,"TQ55QN70FAU 55"" Neo QLED 4K Vision AI Smart TV QN70F",fernseher
b00465,Samsung TV NeoQLED TQ55QN70F MiniLED TV 55 (140 cm) 4K UHD 3840 x 2160 144 Hz HDR10+ Smart TV Gaming Hub 3xHDMI WLAN [Länderversion Spanisch],Amazon Marketplace CE,569.90,Samsung,Fernseher,https://cdn.billiger.com/dynimg/h45z0FedC85of0p75-xL_QzT4R2x6DNV6hE8nUhH7Pc88MgR1b3VHcWvS03VxtgwHtrOCjO0pkh0GZU4_fNuwzSwKeliOVaQqCYoymC91xU/Samsung-TQ55QN70FAU-55-Neo-QLED-4K-Vision-AI-Smart-TV-QN70F.webp?h=630&w=1200,5291884719,"TQ55QN70FAU 55"" Neo QLED 4K Vision AI Smart TV QN70F",fernseher
b00466,Samsung Qn70f Tq55qn70fau 55 ́ ́ 4k Qled Tv - Black,Techinn DE,608.99,Samsung,Fernseher,https://cdn.billiger.com/dynimg/h45z0FedC85of0p75-xL_QzT4R2x6DNV6hE8nUhH7Pc88MgR1b3VHcWvS03VxtgwHtrOCjO0pkh0GZU4_fNuwzSwKeliOVaQqCYoymC91xU/Samsung-TQ55QN70FAU-55-Neo-QLED-4K-Vision-AI-Smart-TV-QN70F.webp?h=630&w=1200,5291884719,"TQ55QN70FAU 55"" Neo QLED 4K Vision AI Smart TV QN70F",fernseher
b00467,Samsung QN70F 55 Zoll Neo QLED Smart TV Q55QN70FAU (2025),Metro.de,619.00,Samsung,Fernseher,https://cdn.billiger.com/dynimg/h45z0FedC85of0p75-xL_QzT4R2x6DNV6hE8nUhH7Pc88MgR1b3VHcWvS03VxtgwHtrOCjO0pkh0GZU4_fNuwzSwKeliOVaQqCYoymC91xU/Samsung-TQ55QN70FAU-55-Neo-QLED-4K-Vision-AI-Smart-TV-QN70F.webp?h=630&w=1200,5291884719,"TQ55QN70FAU 55"" Neo QLED 4K Vision AI Smart TV QN70F",fernseher
b00468,Samsung Q8F 43 Zoll QLED Smart TV Q43Q8FAAU (2025),gamingoase.de,295.00,Samsung,Fernseher,https://cdn.billiger.com/dynimg/sIz0-WJ2lcAof0p75-xL_RDkjrfbQAJPahE8nUhH7Pc88MgR1b3VHcWvS03VxtgwLl8AK-Go75f8ySSC-UVwbZn1macqcHFSwD1AZqBIn5T/Samsung-GQ43Q8F-43-QLED-4K-Vision-AI-Smart-TV-Q8F.webp?h=630&w=1200,5282599035,"GQ43Q8F 43"" QLED 4K Vision AI Smart TV Q8F",fernseher
b00469,"GQ43Q8FAAUXZG (108 cm (43 Zoll), schwarz/grau, UltraHD/4K, Tripple Tuner, PVR) - Grau",Kaufland.de,407.84,Samsung,Fernseher,https://cdn.billiger.com/dynimg/sIz0-WJ2lcAof0p75-xL_RDkjrfbQAJPahE8nUhH7Pc88MgR1b3VHcWvS03VxtgwLl8AK-Go75f8ySSC-UVwbZn1macqcHFSwD1AZqBIn5T/Samsung-GQ43Q8F-43-QLED-4K-Vision-AI-Smart-TV-Q8F.webp?h=630&w=1200,5282599035,"GQ43Q8F 43"" QLED 4K Vision AI Smart TV Q8F",fernseher
b00470,Samsung QLED Fernseher 43 Zoll Smart TV GQ43Q8FAAUXZG 4K UHD HDR AI,ebay.de,445.00,Samsung,Fernseher,https://cdn.billiger.com/dynimg/sIz0-WJ2lcAof0p75-xL_RDkjrfbQAJPahE8nUhH7Pc88MgR1b3VHcWvS03VxtgwLl8AK-Go75f8ySSC-UVwbZn1macqcHFSwD1AZqBIn5T/Samsung-GQ43Q8F-43-QLED-4K-Vision-AI-Smart-TV-Q8F.webp?h=630&w=1200,5282599035,"GQ43Q8F 43"" QLED 4K Vision AI Smart TV Q8F",fernseher
b00471,"Samsung 43"" QLED Q8F 4K Vision AI Smart TV (2025), 43 Titanium Gray",Samsung DE,499.00,Samsung,Fernseher,https://cdn.billiger.com/dynimg/sIz0-WJ2lcAof0p75-xL_RDkjrfbQAJPahE8nUhH7Pc88MgR1b3VHcWvS03VxtgwLl8AK-Go75f8ySSC-UVwbZn1macqcHFSwD1AZqBIn5T/Samsung-GQ43Q8F-43-QLED-4K-Vision-AI-Smart-TV-Q8F.webp?h=630&w=1200,5282599035,"GQ43Q8F 43"" QLED 4K Vision AI Smart TV Q8F",fernseher
b00472,"Samsung GQ43Q8FAAU (43"", Q8F, LED, QLED, 4K, DE), TV, Grau",Galaxus.de,593.81,Samsung,Fernseher,https://cdn.billiger.com/dynimg/sIz0-WJ2lcAof0p75-xL_RDkjrfbQAJPahE8nUhH7Pc88MgR1b3VHcWvS03VxtgwLl8AK-Go75f8ySSC-UVwbZn1macqcHFSwD1AZqBIn5T/Samsung-GQ43Q8F-43-QLED-4K-Vision-AI-Smart-TV-Q8F.webp?h=630&w=1200,5282599035,"GQ43Q8F 43"" QLED 4K Vision AI Smart TV Q8F",fernseher
b00473,"Samsung Q8F QE43Q8FAAU 109,2 cm (43"") 4K Ultra HD Smart-TV WLAN Grau, Titan",JB-Computer,335.00,Samsung,Fernseher,https://cdn.billiger.com/dynimg/w3knxVATSBIof0p75-xL_SJYivJeZiNrKhE8nUhH7Pc88MgR1b3VHcWvS03VxtgwHTMqLZ-yO5X6Pb_iQkXhNJm1kHwwZuQ60w3OZLdNDnT/Samsung-QE43Q8F-43-QLED-4K-Vision-AI-Smart-TV-Q8F-EU-Modell.webp?h=630&w=1200,5297509186,"QE43Q8F 43"" QLED 4K Vision AI Smart TV Q8F (EU-Modell)",fernseher
b00474,Samsung Q8F QE43Q8FAAU 109 2 cm (43 ) 4K Ultra HD Smart-TV WLAN Grau Titan - Grau/Silber,Kaufland.de,335.00,Samsung,Fernseher,https://cdn.billiger.com/dynimg/w3knxVATSBIof0p75-xL_SJYivJeZiNrKhE8nUhH7Pc88MgR1b3VHcWvS03VxtgwHTMqLZ-yO5X6Pb_iQkXhNJm1kHwwZuQ60w3OZLdNDnT/Samsung-QE43Q8F-43-QLED-4K-Vision-AI-Smart-TV-Q8F-EU-Modell.webp?h=630&w=1200,5297509186,"QE43Q8F 43"" QLED 4K Vision AI Smart TV Q8F (EU-Modell)",fernseher
b00475,Samsung QE43Q8FA 108 cm (43 Zoll) 4K-QLED-TV 3840 x 2160 Pixel Smart-TV,ebay.de,336.49,Samsung,Fernseher,https://cdn.billiger.com/dynimg/w3knxVATSBIof0p75-xL_SJYivJeZiNrKhE8nUhH7Pc88MgR1b3VHcWvS03VxtgwHTMqLZ-yO5X6Pb_iQkXhNJm1kHwwZuQ60w3OZLdNDnT/Samsung-QE43Q8F-43-QLED-4K-Vision-AI-Smart-TV-Q8F-EU-Modell.webp?h=630&w=1200,5297509186,"QE43Q8F 43"" QLED 4K Vision AI Smart TV Q8F (EU-Modell)",fernseher
b00476,"Samsung TV TV QLED 43 Zoll QE43Q8FAAUXXH (43"", LED, QLED, 4K, 2025), TV, Grau",Galaxus.de,343.45,Samsung,Fernseher,https://cdn.billiger.com/dynimg/w3knxVATSBIof0p75-xL_SJYivJeZiNrKhE8nUhH7Pc88MgR1b3VHcWvS03VxtgwHTMqLZ-yO5X6Pb_iQkXhNJm1kHwwZuQ60w3OZLdNDnT/Samsung-QE43Q8F-43-QLED-4K-Vision-AI-Smart-TV-Q8F-EU-Modell.webp?h=630&w=1200,5297509186,"QE43Q8F 43"" QLED 4K Vision AI Smart TV Q8F (EU-Modell)",fernseher
b00477,"Samsung QE43Q8FA 43 Zoll (108 cm) QLED 4K UHD Smart TV, Edge LED, 3840 x 2160 Pixel, 60Hz, HDR10+, Q4 AI Prozessor, One UI Tizen, 16:9 [Länderversion Ungarisch]",Amazon Marketplace CE,362.80,Samsung,Fernseher,https://cdn.billiger.com/dynimg/w3knxVATSBIof0p75-xL_SJYivJeZiNrKhE8nUhH7Pc88MgR1b3VHcWvS03VxtgwHTMqLZ-yO5X6Pb_iQkXhNJm1kHwwZuQ60w3OZLdNDnT/Samsung-QE43Q8F-43-QLED-4K-Vision-AI-Smart-TV-Q8F-EU-Modell.webp?h=630&w=1200,5297509186,"QE43Q8F 43"" QLED 4K Vision AI Smart TV Q8F (EU-Modell)",fernseher
b00478,Samsung Qe43q8faau 43 ́ ́ 4k Qled Tv - Grey,Techinn DE,376.99,Samsung,Fernseher,https://cdn.billiger.com/dynimg/w3knxVATSBIof0p75-xL_SJYivJeZiNrKhE8nUhH7Pc88MgR1b3VHcWvS03VxtgwHTMqLZ-yO5X6Pb_iQkXhNJm1kHwwZuQ60w3OZLdNDnT/Samsung-QE43Q8F-43-QLED-4K-Vision-AI-Smart-TV-Q8F-EU-Modell.webp?h=630&w=1200,5297509186,"QE43Q8F 43"" QLED 4K Vision AI Smart TV Q8F (EU-Modell)",fernseher
b00479,"Samsung QE43Q8F QLED Smart TV 109,2 cm (43 Zoll) 4K Ultra HD WLAN Grau/Titan",JACOB,455.56,Samsung,Fernseher,https://cdn.billiger.com/dynimg/w3knxVATSBIof0p75-xL_SJYivJeZiNrKhE8nUhH7Pc88MgR1b3VHcWvS03VxtgwHTMqLZ-yO5X6Pb_iQkXhNJm1kHwwZuQ60w3OZLdNDnT/Samsung-QE43Q8F-43-QLED-4K-Vision-AI-Smart-TV-Q8F-EU-Modell.webp?h=630&w=1200,5297509186,"QE43Q8F 43"" QLED 4K Vision AI Smart TV Q8F (EU-Modell)",fernseher
b00480,"Samsung Q8F QE43Q8F 4K QLED 43"" HDR10+, Smart TV, WiFi - Schwarz",Kaufland.de,335.00,Samsung,Fernseher,https://cdn.billiger.com/dynimg/FMDGzyo7FDTof0p75-xL_QC1ITGnz1adahE8nUhH7Pc88MgR1b3VHcWvS03VxtgwPFEwS67ktuSbyZ5e49Tw6aJcijAa-L0rfcdWAZzjMRW/Samsung-QE43Q8F-43-4K-QLED-Smart-TV.webp?h=630&w=1200,5452403813,"QE43Q8F 43"" 4K QLED Smart TV",fernseher
b00481,Samsung QN80F 50 Zoll QLED Smart TV Q50QN80FAU (2025),gamingoase.de,429.00,Samsung,Fernseher,https://cdn.billiger.com/dynimg/_seqWKbhMxvof0p75-xL_T_mKHmHMPfSKhE8nUhH7Pc88MgR1b3VHcWvS03VxtgwKFHL4Ytl9CXh6UfqNmskEhBxHOXl6vc875xgh2CKBQw/Samsung-GQ50QN80F-50-Neo-QLED-4K-Vision-AI-Smart-TV-QN80F.webp?h=630&w=1200,5274825741,"GQ50QN80F 50"" Neo QLED 4K Vision AI Smart TV QN80F 		",fernseher
b00482,"GQ50QN80FAUXZG, QLED-Fernseher - 125 cm (50 Zoll), schwarz, UltraHD/4K, Neo-QLED, Mini-LED, PVR",Alternate,549.00,Samsung,Fernseher,https://cdn.billiger.com/dynimg/_seqWKbhMxvof0p75-xL_T_mKHmHMPfSKhE8nUhH7Pc88MgR1b3VHcWvS03VxtgwKFHL4Ytl9CXh6UfqNmskEhBxHOXl6vc875xgh2CKBQw/Samsung-GQ50QN80F-50-Neo-QLED-4K-Vision-AI-Smart-TV-QN80F.webp?h=630&w=1200,5274825741,"GQ50QN80F 50"" Neo QLED 4K Vision AI Smart TV QN80F 		",fernseher
b00483,"Samsung 50"" Neo QLED QN80F 4K Vision AI Smart TV (2025) (50"", QN80F, QLED, 4K, 2025), TV, Grau, Silber",Galaxus.de,591.78,Samsung,Fernseher,https://cdn.billiger.com/dynimg/_seqWKbhMxvof0p75-xL_T_mKHmHMPfSKhE8nUhH7Pc88MgR1b3VHcWvS03VxtgwKFHL4Ytl9CXh6UfqNmskEhBxHOXl6vc875xgh2CKBQw/Samsung-GQ50QN80F-50-Neo-QLED-4K-Vision-AI-Smart-TV-QN80F.webp?h=630&w=1200,5274825741,"GQ50QN80F 50"" Neo QLED 4K Vision AI Smart TV QN80F 		",fernseher
b00484,"Samsung GQ50QN80FAUXZG 127cm 50"" 4K Neo QLED 144 Hz Vision AI Smart TV Fernseher",computeruniverse.net,591.78,Samsung,Fernseher,https://cdn.billiger.com/dynimg/_seqWKbhMxvof0p75-xL_T_mKHmHMPfSKhE8nUhH7Pc88MgR1b3VHcWvS03VxtgwKFHL4Ytl9CXh6UfqNmskEhBxHOXl6vc875xgh2CKBQw/Samsung-GQ50QN80F-50-Neo-QLED-4K-Vision-AI-Smart-TV-QN80F.webp?h=630&w=1200,5274825741,"GQ50QN80F 50"" Neo QLED 4K Vision AI Smart TV QN80F 		",fernseher
b00485,"Samsung GQ50QN80FAUXZG 127cm 50"" 4K Neo QLED 144 Hz Vision AI Smart TV Fernseher",Cyberport,591.78,Samsung,Fernseher,https://cdn.billiger.com/dynimg/_seqWKbhMxvof0p75-xL_T_mKHmHMPfSKhE8nUhH7Pc88MgR1b3VHcWvS03VxtgwKFHL4Ytl9CXh6UfqNmskEhBxHOXl6vc875xgh2CKBQw/Samsung-GQ50QN80F-50-Neo-QLED-4K-Vision-AI-Smart-TV-QN80F.webp?h=630&w=1200,5274825741,"GQ50QN80F 50"" Neo QLED 4K Vision AI Smart TV QN80F 		",fernseher
b00486,Samsung Q50QN80FAU Neo QLED 4K QN80F 50 Zoll (125 cm) Mini LED Fernseher,ebay.de,599.00,Samsung,Fernseher,https://cdn.billiger.com/dynimg/_seqWKbhMxvof0p75-xL_T_mKHmHMPfSKhE8nUhH7Pc88MgR1b3VHcWvS03VxtgwKFHL4Ytl9CXh6UfqNmskEhBxHOXl6vc875xgh2CKBQw/Samsung-GQ50QN80F-50-Neo-QLED-4K-Vision-AI-Smart-TV-QN80F.webp?h=630&w=1200,5274825741,"GQ50QN80F 50"" Neo QLED 4K Vision AI Smart TV QN80F 		",fernseher
b00487,"GQ50QN80FAUXZG (125 cm (50 Zoll), schwarz, UltraHD/4K, Neo-QLED, Mini-LED, PVR) - Schwarz/Silber",Kaufland.de,656.82,Samsung,Fernseher,https://cdn.billiger.com/dynimg/_seqWKbhMxvof0p75-xL_T_mKHmHMPfSKhE8nUhH7Pc88MgR1b3VHcWvS03VxtgwKFHL4Ytl9CXh6UfqNmskEhBxHOXl6vc875xgh2CKBQw/Samsung-GQ50QN80F-50-Neo-QLED-4K-Vision-AI-Smart-TV-QN80F.webp?h=630&w=1200,5274825741,"GQ50QN80F 50"" Neo QLED 4K Vision AI Smart TV QN80F 		",fernseher
b00488,"Samsung GQ50QN80FAUXZG 127 cm (50"") Neo QLED 4K 144 Hz Vision AI Smart TV",JACOB,676.24,Samsung,Fernseher,https://cdn.billiger.com/dynimg/_seqWKbhMxvof0p75-xL_T_mKHmHMPfSKhE8nUhH7Pc88MgR1b3VHcWvS03VxtgwKFHL4Ytl9CXh6UfqNmskEhBxHOXl6vc875xgh2CKBQw/Samsung-GQ50QN80F-50-Neo-QLED-4K-Vision-AI-Smart-TV-QN80F.webp?h=630&w=1200,5274825741,"GQ50QN80F 50"" Neo QLED 4K Vision AI Smart TV QN80F 		",fernseher
b00489,"Samsung QE50QN80F 4K Neo QLED Fernseher 50 Zoll 50QN80F, Smart-TV, WLAN - Schwarz",Kaufland.de,509.00,Samsung,Fernseher,https://cdn.billiger.com/dynimg/cHZlW8M8eDTof0p75-xL_T43GFSM7RyS6hE8nUhH7Pc88MgR1b3VHcWvS03VxtgwFw-QZ8ox8cCgP6hkoWxdj4dm3nLjZlFlqphIcnWMz-j/Samsung-QE50QN80F-50-Neo-QLED-4K-Vision-AI-Smart-TV-QN80F.webp?h=630&w=1200,5366970478,"QE50QN80F 50"" Neo QLED 4K Vision AI Smart TV QN80F 		",fernseher
b00490,Samsung QE50QN80F 4K Neo QLED Fernseher 50 Zoll,ebay.de,619.00,Samsung,Fernseher,https://cdn.billiger.com/dynimg/cHZlW8M8eDTof0p75-xL_T43GFSM7RyS6hE8nUhH7Pc88MgR1b3VHcWvS03VxtgwFw-QZ8ox8cCgP6hkoWxdj4dm3nLjZlFlqphIcnWMz-j/Samsung-QE50QN80F-50-Neo-QLED-4K-Vision-AI-Smart-TV-QN80F.webp?h=630&w=1200,5366970478,"QE50QN80F 50"" Neo QLED 4K Vision AI Smart TV QN80F 		",fernseher
b00491,Samsung QN80F 55 Zoll QLED Smart TV Q55QN80FAU (2025),gamingoase.de,519.00,Samsung,Fernseher,https://cdn.billiger.com/dynimg/XVQ52EaFaGEof0p75-xL_Qtx1aIdM6nhKhE8nUhH7Pc88MgR1b3VHcWvS03VxtgwOtFPOIHaoB2iWhakYD1f5qv0eqML35WLW3i1xB7wObx/Samsung-GQ55QN80F-55-Neo-QLED-4K-Vision-AI-Smart-TV-QN80F.webp?h=630&w=1200,5255791569,"GQ55QN80F 55"" Neo QLED 4K Vision AI Smart TV QN80F",fernseher
b00492,"Samsung TQ55QN80FAU, 139,7 cm (55""), 3840 x 2160 Pixel, Neo QLED, Smart-TV, WLAN, Karbon - Schwarz",Kaufland.de,564.00,Samsung,Fernseher,https://cdn.billiger.com/dynimg/XVQ52EaFaGEof0p75-xL_Qtx1aIdM6nhKhE8nUhH7Pc88MgR1b3VHcWvS03VxtgwOtFPOIHaoB2iWhakYD1f5qv0eqML35WLW3i1xB7wObx/Samsung-GQ55QN80F-55-Neo-QLED-4K-Vision-AI-Smart-TV-QN80F.webp?h=630&w=1200,5255791569,"GQ55QN80F 55"" Neo QLED 4K Vision AI Smart TV QN80F",fernseher
b00493,"Samsung Neo QLED 4K QN80F 55 Zoll (138 cm) Mini LED Fernseher, NQ4 AI Gen2 Prozessor, Quantum Matrix Technology Core, 4K Upscaling, Dolby Atmos, Knox Security, Samsung Vision AI Smart TV",amazon.de,654.30,Samsung,Fernseher,https://cdn.billiger.com/dynimg/XVQ52EaFaGEof0p75-xL_Qtx1aIdM6nhKhE8nUhH7Pc88MgR1b3VHcWvS03VxtgwOtFPOIHaoB2iWhakYD1f5qv0eqML35WLW3i1xB7wObx/Samsung-GQ55QN80F-55-Neo-QLED-4K-Vision-AI-Smart-TV-QN80F.webp?h=630&w=1200,5255791569,"GQ55QN80F 55"" Neo QLED 4K Vision AI Smart TV QN80F",fernseher
b00494,"Samsung Neo QLED 4K QN80F 55 Zoll (138 cm) Mini LED Fernseher, NQ4 AI Gen2 Prozessor, Quantum Matrix Technology Core, 4K Upscaling, Dolby Atmos, Knox Security, Samsung Vision AI Smart TV",Amazon Marketplace CE,654.30,Samsung,Fernseher,https://cdn.billiger.com/dynimg/XVQ52EaFaGEof0p75-xL_Qtx1aIdM6nhKhE8nUhH7Pc88MgR1b3VHcWvS03VxtgwOtFPOIHaoB2iWhakYD1f5qv0eqML35WLW3i1xB7wObx/Samsung-GQ55QN80F-55-Neo-QLED-4K-Vision-AI-Smart-TV-QN80F.webp?h=630&w=1200,5255791569,"GQ55QN80F 55"" Neo QLED 4K Vision AI Smart TV QN80F",fernseher
b00495,"Samsung GQ55QN80FAUXZG 140cm 55"" 4K Neo QLED 144 Hz Vision AI Smart TV Fernseher",computeruniverse.net,655.29,Samsung,Fernseher,https://cdn.billiger.com/dynimg/XVQ52EaFaGEof0p75-xL_Qtx1aIdM6nhKhE8nUhH7Pc88MgR1b3VHcWvS03VxtgwOtFPOIHaoB2iWhakYD1f5qv0eqML35WLW3i1xB7wObx/Samsung-GQ55QN80F-55-Neo-QLED-4K-Vision-AI-Smart-TV-QN80F.webp?h=630&w=1200,5255791569,"GQ55QN80F 55"" Neo QLED 4K Vision AI Smart TV QN80F",fernseher
b00496,"Samsung GQ55QN80FAUXZG 140cm 55"" 4K Neo QLED 144 Hz Vision AI Smart TV Fernseher",Cyberport,655.29,Samsung,Fernseher,https://cdn.billiger.com/dynimg/XVQ52EaFaGEof0p75-xL_Qtx1aIdM6nhKhE8nUhH7Pc88MgR1b3VHcWvS03VxtgwOtFPOIHaoB2iWhakYD1f5qv0eqML35WLW3i1xB7wObx/Samsung-GQ55QN80F-55-Neo-QLED-4K-Vision-AI-Smart-TV-QN80F.webp?h=630&w=1200,5255791569,"GQ55QN80F 55"" Neo QLED 4K Vision AI Smart TV QN80F",fernseher
b00497,Samsung QN80F 55 Zoll Neo QLED Smart TV Q55QN80FAU (2025),Metro.de,668.99,Samsung,Fernseher,https://cdn.billiger.com/dynimg/XVQ52EaFaGEof0p75-xL_Qtx1aIdM6nhKhE8nUhH7Pc88MgR1b3VHcWvS03VxtgwOtFPOIHaoB2iWhakYD1f5qv0eqML35WLW3i1xB7wObx/Samsung-GQ55QN80F-55-Neo-QLED-4K-Vision-AI-Smart-TV-QN80F.webp?h=630&w=1200,5255791569,"GQ55QN80F 55"" Neo QLED 4K Vision AI Smart TV QN80F",fernseher
b00498,Samsung 55 Zoll Neo QLED QN80F 4K Vision AI Smart TV (2025),ebay.de,679.00,Samsung,Fernseher,https://cdn.billiger.com/dynimg/XVQ52EaFaGEof0p75-xL_Qtx1aIdM6nhKhE8nUhH7Pc88MgR1b3VHcWvS03VxtgwOtFPOIHaoB2iWhakYD1f5qv0eqML35WLW3i1xB7wObx/Samsung-GQ55QN80F-55-Neo-QLED-4K-Vision-AI-Smart-TV-QN80F.webp?h=630&w=1200,5255791569,"GQ55QN80F 55"" Neo QLED 4K Vision AI Smart TV QN80F",fernseher
b00499,"Samsung 55"" Neo QLED QN80F 4K Vision AI Smart TV (2025), 55 Silver",Samsung DE,679.00,Samsung,Fernseher,https://cdn.billiger.com/dynimg/XVQ52EaFaGEof0p75-xL_Qtx1aIdM6nhKhE8nUhH7Pc88MgR1b3VHcWvS03VxtgwOtFPOIHaoB2iWhakYD1f5qv0eqML35WLW3i1xB7wObx/Samsung-GQ55QN80F-55-Neo-QLED-4K-Vision-AI-Smart-TV-QN80F.webp?h=630&w=1200,5255791569,"GQ55QN80F 55"" Neo QLED 4K Vision AI Smart TV QN80F",fernseher
b00500,"Samsung 55"" Neo QLED QN80F 4K Vision AI Smart TV (2025) (55"", QN80F, QLED, 4K, 2025), TV, Grau, Silber",Galaxus.de,681.54,Samsung,Fernseher,https://cdn.billiger.com/dynimg/XVQ52EaFaGEof0p75-xL_Qtx1aIdM6nhKhE8nUhH7Pc88MgR1b3VHcWvS03VxtgwOtFPOIHaoB2iWhakYD1f5qv0eqML35WLW3i1xB7wObx/Samsung-GQ55QN80F-55-Neo-QLED-4K-Vision-AI-Smart-TV-QN80F.webp?h=630&w=1200,5255791569,"GQ55QN80F 55"" Neo QLED 4K Vision AI Smart TV QN80F",fernseher
b00501,"LG OLED48G59LS, 121,9 cm (48""), 3840 x 2160 Pixel, OLED, Smart-TV, WLAN, Schwarz - Schwarz",Kaufland.de,848.00,LG,Fernseher,https://cdn.billiger.com/dynimg/efoyCUFcByHof0p75-xL_RNtcvPzSbzLKhE8nUhH7Pc88MgR1b3VHcWvS03VxtgwG_p4jhrl37iahrq7UesodopGNNiM5ZxkYQGbxDMy-f5/LG-OLED48G59LS-48-4K-OLED-evo-AI-Smart-TV-G5.webp?h=630&w=1200,5235763200,"OLED48G59LS 48"" 4K OLED evo AI Smart TV G5",fernseher
b00502,LG OLED48G59LS 4K OLED evo Gallery Design,ebay.de,849.00,LG,Fernseher,https://cdn.billiger.com/dynimg/efoyCUFcByHof0p75-xL_RNtcvPzSbzLKhE8nUhH7Pc88MgR1b3VHcWvS03VxtgwG_p4jhrl37iahrq7UesodopGNNiM5ZxkYQGbxDMy-f5/LG-OLED48G59LS-48-4K-OLED-evo-AI-Smart-TV-G5.webp?h=630&w=1200,5235763200,"OLED48G59LS 48"" 4K OLED evo AI Smart TV G5",fernseher
b00503,OLED48G59LS evo AI TV OLED TV,Expert,849.00,LG,Fernseher,https://cdn.billiger.com/dynimg/efoyCUFcByHof0p75-xL_RNtcvPzSbzLKhE8nUhH7Pc88MgR1b3VHcWvS03VxtgwG_p4jhrl37iahrq7UesodopGNNiM5ZxkYQGbxDMy-f5/LG-OLED48G59LS-48-4K-OLED-evo-AI-Smart-TV-G5.webp?h=630&w=1200,5235763200,"OLED48G59LS 48"" 4K OLED evo AI Smart TV G5",fernseher
b00504,"LG OLED48G59LS evo 48 Zoll (Flat, UHD 4K, SMART TV, webOS) Modell 2025",gamingoase.de,879.00,LG,Fernseher,https://cdn.billiger.com/dynimg/efoyCUFcByHof0p75-xL_RNtcvPzSbzLKhE8nUhH7Pc88MgR1b3VHcWvS03VxtgwG_p4jhrl37iahrq7UesodopGNNiM5ZxkYQGbxDMy-f5/LG-OLED48G59LS-48-4K-OLED-evo-AI-Smart-TV-G5.webp?h=630&w=1200,5235763200,"OLED48G59LS 48"" 4K OLED evo AI Smart TV G5",fernseher
b00505,"OLED48G59LS OLED 121,9 cm (48 Zoll) Fernseher 4K Ultra HD VESA 300 x 200 mm",expert TechnoMarkt,899.00,LG,Fernseher,https://cdn.billiger.com/dynimg/efoyCUFcByHof0p75-xL_RNtcvPzSbzLKhE8nUhH7Pc88MgR1b3VHcWvS03VxtgwG_p4jhrl37iahrq7UesodopGNNiM5ZxkYQGbxDMy-f5/LG-OLED48G59LS-48-4K-OLED-evo-AI-Smart-TV-G5.webp?h=630&w=1200,5235763200,"OLED48G59LS 48"" 4K OLED evo AI Smart TV G5",fernseher
b00506,OLED55G59LS evo G5 OLED TV,Expert,1037.00,LG,Fernseher,https://cdn.billiger.com/dynimg/MEoj2me7ic0of0p75-xL_REAZvBHFL5UahE8nUhH7Pc88MgR1b3VHcWvS03VxtgwC6S8az9CjoQYLCG9O6c6ZaaZCiDTTQRyJ0FDAJY9dPQ/LG-OLED55G59LS-55-4K-OLED-evo-AI-Smart-TV-G5.webp?h=630&w=1200,5230218787,"OLED55G59LS 55"" 4K OLED evo AI Smart TV G5",fernseher
b00507,"LG OLED55G59LS evo 55 Zoll (Flat, UHD 4K, SMART TV, webOS) Modell 2025",gamingoase.de,1089.00,LG,Fernseher,https://cdn.billiger.com/dynimg/MEoj2me7ic0of0p75-xL_REAZvBHFL5UahE8nUhH7Pc88MgR1b3VHcWvS03VxtgwC6S8az9CjoQYLCG9O6c6ZaaZCiDTTQRyJ0FDAJY9dPQ/LG-OLED55G59LS-55-4K-OLED-evo-AI-Smart-TV-G5.webp?h=630&w=1200,5230218787,"OLED55G59LS 55"" 4K OLED evo AI Smart TV G5",fernseher
b00508,LG OLED55G59LS 139 cm  (55 Zoll) OLED,ebay.de,1099.00,LG,Fernseher,https://cdn.billiger.com/dynimg/MEoj2me7ic0of0p75-xL_REAZvBHFL5UahE8nUhH7Pc88MgR1b3VHcWvS03VxtgwC6S8az9CjoQYLCG9O6c6ZaaZCiDTTQRyJ0FDAJY9dPQ/LG-OLED55G59LS-55-4K-OLED-evo-AI-Smart-TV-G5.webp?h=630&w=1200,5230218787,"OLED55G59LS 55"" 4K OLED evo AI Smart TV G5",fernseher
b00509,LG OLED55G59LS 139 cm (55 Zoll) OLED evo AI TV - Schwarz,Kaufland.de,1105.00,LG,Fernseher,https://cdn.billiger.com/dynimg/MEoj2me7ic0of0p75-xL_REAZvBHFL5UahE8nUhH7Pc88MgR1b3VHcWvS03VxtgwC6S8az9CjoQYLCG9O6c6ZaaZCiDTTQRyJ0FDAJY9dPQ/LG-OLED55G59LS-55-4K-OLED-evo-AI-Smart-TV-G5.webp?h=630&w=1200,5230218787,"OLED55G59LS 55"" 4K OLED evo AI Smart TV G5",fernseher
b00510,"LG OLED55G59LS TV 55 Zoll (139 cm) 4K OLED evo AI TV (α11 Gen2 4K AI Prozessor, webOS 25, 120Hz (VRR bis zu 165Hz)) [Modelljahr 2025]",amazon.de,1111.00,LG,Fernseher,https://cdn.billiger.com/dynimg/MEoj2me7ic0of0p75-xL_REAZvBHFL5UahE8nUhH7Pc88MgR1b3VHcWvS03VxtgwC6S8az9CjoQYLCG9O6c6ZaaZCiDTTQRyJ0FDAJY9dPQ/LG-OLED55G59LS-55-4K-OLED-evo-AI-Smart-TV-G5.webp?h=630&w=1200,5230218787,"OLED55G59LS 55"" 4K OLED evo AI Smart TV G5",fernseher
b00511,"LG OLED55G59LS TV 55 Zoll (139 cm) 4K OLED evo AI TV (α11 Gen2 4K AI Prozessor, webOS 25, 120Hz (VRR bis zu 165Hz)) [Modelljahr 2025]",Amazon Marketplace CE,1111.00,LG,Fernseher,https://cdn.billiger.com/dynimg/MEoj2me7ic0of0p75-xL_REAZvBHFL5UahE8nUhH7Pc88MgR1b3VHcWvS03VxtgwC6S8az9CjoQYLCG9O6c6ZaaZCiDTTQRyJ0FDAJY9dPQ/LG-OLED55G59LS-55-4K-OLED-evo-AI-Smart-TV-G5.webp?h=630&w=1200,5230218787,"OLED55G59LS 55"" 4K OLED evo AI Smart TV G5",fernseher
b00512,"LG OLED65G59LS TV 65 Zoll (165 cm) 4K OLED evo AI TV (α11 Gen2 4K AI Prozessor, webOS 25, 120Hz (VRR bis zu 165Hz)) [Modelljahr 2025]",amazon.de,1499.00,LG,Fernseher,https://cdn.billiger.com/dynimg/zv5InV7TvUTof0p75-xL_TS3c7S2AfnRKhE8nUhH7Pc88MgR1b3VHcWvS03VxtgwCFaH87OqH9q-NiCTXxfF62_5Ccx92OYSq59PWG8HS9n/LG-OLED65G59LS-65-4K-OLED-evo-AI-Smart-TV-G5.webp?h=630&w=1200,5236376625,"OLED65G59LS 65"" 4K OLED evo AI Smart TV G5",fernseher
b00513,"LG OLED65G59LS, 165,1 cm (65""), 3840 x 2160 Pixel, OLED, Smart-TV, WLAN, Schwarz - Schwarz",Kaufland.de,1499.00,LG,Fernseher,https://cdn.billiger.com/dynimg/zv5InV7TvUTof0p75-xL_TS3c7S2AfnRKhE8nUhH7Pc88MgR1b3VHcWvS03VxtgwCFaH87OqH9q-NiCTXxfF62_5Ccx92OYSq59PWG8HS9n/LG-OLED65G59LS-65-4K-OLED-evo-AI-Smart-TV-G5.webp?h=630&w=1200,5236376625,"OLED65G59LS 65"" 4K OLED evo AI Smart TV G5",fernseher
b00514,LG OLED65G59LS 4K UHD OLED evo TV 65 Zo,ebay.de,1499.00,LG,Fernseher,https://cdn.billiger.com/dynimg/zv5InV7TvUTof0p75-xL_TS3c7S2AfnRKhE8nUhH7Pc88MgR1b3VHcWvS03VxtgwCFaH87OqH9q-NiCTXxfF62_5Ccx92OYSq59PWG8HS9n/LG-OLED65G59LS-65-4K-OLED-evo-AI-Smart-TV-G5.webp?h=630&w=1200,5236376625,"OLED65G59LS 65"" 4K OLED evo AI Smart TV G5",fernseher
b00515,OLED65G59LS OLED TV,Expert,1499.00,LG,Fernseher,https://cdn.billiger.com/dynimg/zv5InV7TvUTof0p75-xL_TS3c7S2AfnRKhE8nUhH7Pc88MgR1b3VHcWvS03VxtgwCFaH87OqH9q-NiCTXxfF62_5Ccx92OYSq59PWG8HS9n/LG-OLED65G59LS-65-4K-OLED-evo-AI-Smart-TV-G5.webp?h=630&w=1200,5236376625,"OLED65G59LS 65"" 4K OLED evo AI Smart TV G5",fernseher
b00516,"LG 65G59LS OLED-Fernseher (165 cm/65 Zoll, 4K Ultra HD, Smart-TV)",OTTO,1599.00,LG,Fernseher,https://cdn.billiger.com/dynimg/zv5InV7TvUTof0p75-xL_TS3c7S2AfnRKhE8nUhH7Pc88MgR1b3VHcWvS03VxtgwCFaH87OqH9q-NiCTXxfF62_5Ccx92OYSq59PWG8HS9n/LG-OLED65G59LS-65-4K-OLED-evo-AI-Smart-TV-G5.webp?h=630&w=1200,5236376625,"OLED65G59LS 65"" 4K OLED evo AI Smart TV G5",fernseher
b00517,LG Led-TV  OLED65G59LS Fernseher,sabi-online,2499.00,LG,Fernseher,https://cdn.billiger.com/dynimg/zv5InV7TvUTof0p75-xL_TS3c7S2AfnRKhE8nUhH7Pc88MgR1b3VHcWvS03VxtgwCFaH87OqH9q-NiCTXxfF62_5Ccx92OYSq59PWG8HS9n/LG-OLED65G59LS-65-4K-OLED-evo-AI-Smart-TV-G5.webp?h=630&w=1200,5236376625,"OLED65G59LS 65"" 4K OLED evo AI Smart TV G5",fernseher
b00518,42 Zoll LG OLED evo AI C5 4K Smart TV,ebay.de,599.00,LG,Fernseher,https://cdn.billiger.com/dynimg/Jq95FKCxsauof0p75-xL_QoBuvC4dWE2KhE8nUhH7Pc88MgR1b3VHcWvS03VxtgwB4aaxDTGwwJp7No__M_rqgJyfKXf9cinafv2eYofPF6/LG-OLED42C5ELB-42-4K-OLED-evo-AI-Smart-TV-C5.webp?h=630&w=1200,5238273649,"OLED42C5ELB 42"" 4K OLED evo AI Smart TV C5",fernseher
b00519,"LG OLED42C5ELB, 42 Zoll (106 cm), 4K OLED evo AI TV, α9 Gen8 Prozessor, webOS 25, 120Hz (VRR bis zu 144Hz), Modelljahr 2025",amazon.de,640.78,LG,Fernseher,https://cdn.billiger.com/dynimg/Jq95FKCxsauof0p75-xL_QoBuvC4dWE2KhE8nUhH7Pc88MgR1b3VHcWvS03VxtgwB4aaxDTGwwJp7No__M_rqgJyfKXf9cinafv2eYofPF6/LG-OLED42C5ELB-42-4K-OLED-evo-AI-Smart-TV-C5.webp?h=630&w=1200,5238273649,"OLED42C5ELB 42"" 4K OLED evo AI Smart TV C5",fernseher
b00520,"LG OLED42C5ELB, 42 Zoll (106 cm), 4K OLED evo AI TV, α9 Gen8 Prozessor, webOS 25, 120Hz (VRR bis zu 144Hz), Modelljahr 2025",Amazon Marketplace CE,640.78,LG,Fernseher,https://cdn.billiger.com/dynimg/Jq95FKCxsauof0p75-xL_QoBuvC4dWE2KhE8nUhH7Pc88MgR1b3VHcWvS03VxtgwB4aaxDTGwwJp7No__M_rqgJyfKXf9cinafv2eYofPF6/LG-OLED42C5ELB-42-4K-OLED-evo-AI-Smart-TV-C5.webp?h=630&w=1200,5238273649,"OLED42C5ELB 42"" 4K OLED evo AI Smart TV C5",fernseher
b00521,"LG OLED evo AI OLED42C5ELB.OUTLET, 106,7 cm (42""), 3840 x 2160 Pixel, 4K Ultra HD, OLED, Smart-TV, Schwarz - Schwarz",Kaufland.de,659.00,LG,Fernseher,https://cdn.billiger.com/dynimg/Jq95FKCxsauof0p75-xL_QoBuvC4dWE2KhE8nUhH7Pc88MgR1b3VHcWvS03VxtgwB4aaxDTGwwJp7No__M_rqgJyfKXf9cinafv2eYofPF6/LG-OLED42C5ELB-42-4K-OLED-evo-AI-Smart-TV-C5.webp?h=630&w=1200,5238273649,"OLED42C5ELB 42"" 4K OLED evo AI Smart TV C5",fernseher
b00522,"LG OLED42C5ELB 106cm 42"" 4K OLED Smart TV Fernseher",computeruniverse.net,679.00,LG,Fernseher,https://cdn.billiger.com/dynimg/Jq95FKCxsauof0p75-xL_QoBuvC4dWE2KhE8nUhH7Pc88MgR1b3VHcWvS03VxtgwB4aaxDTGwwJp7No__M_rqgJyfKXf9cinafv2eYofPF6/LG-OLED42C5ELB-42-4K-OLED-evo-AI-Smart-TV-C5.webp?h=630&w=1200,5238273649,"OLED42C5ELB 42"" 4K OLED evo AI Smart TV C5",fernseher
b00523,"LG OLED42C5ELB 106cm 42"" 4K OLED Smart TV Fernseher",Cyberport,679.00,LG,Fernseher,https://cdn.billiger.com/dynimg/Jq95FKCxsauof0p75-xL_QoBuvC4dWE2KhE8nUhH7Pc88MgR1b3VHcWvS03VxtgwB4aaxDTGwwJp7No__M_rqgJyfKXf9cinafv2eYofPF6/LG-OLED42C5ELB-42-4K-OLED-evo-AI-Smart-TV-C5.webp?h=630&w=1200,5238273649,"OLED42C5ELB 42"" 4K OLED evo AI Smart TV C5",fernseher
b00524,"LG 42"" OLED evo C5 4K (2025)",coolblue,699.00,LG,Fernseher,https://cdn.billiger.com/dynimg/Jq95FKCxsauof0p75-xL_QoBuvC4dWE2KhE8nUhH7Pc88MgR1b3VHcWvS03VxtgwB4aaxDTGwwJp7No__M_rqgJyfKXf9cinafv2eYofPF6/LG-OLED42C5ELB-42-4K-OLED-evo-AI-Smart-TV-C5.webp?h=630&w=1200,5238273649,"OLED42C5ELB 42"" 4K OLED evo AI Smart TV C5",fernseher
b00525,"LG OLED42C5ELB OLED-Fernseher (106 cm/42 Zoll, 4K Ultra HD, Smart-TV) grau|schwarz",OTTO,749.00,LG,Fernseher,https://cdn.billiger.com/dynimg/Jq95FKCxsauof0p75-xL_QoBuvC4dWE2KhE8nUhH7Pc88MgR1b3VHcWvS03VxtgwB4aaxDTGwwJp7No__M_rqgJyfKXf9cinafv2eYofPF6/LG-OLED42C5ELB-42-4K-OLED-evo-AI-Smart-TV-C5.webp?h=630&w=1200,5238273649,"OLED42C5ELB 42"" 4K OLED evo AI Smart TV C5",fernseher
b00526,"OLED42C5ELB.AEUD evo TV, OLED-Fernseher - 106 cm (42 Zoll), schwarz/grau, UltraHD/4K, Triple Tuner, HDR, 120Hz Panel",Alternate,749.00,LG,Fernseher,https://cdn.billiger.com/dynimg/Jq95FKCxsauof0p75-xL_QoBuvC4dWE2KhE8nUhH7Pc88MgR1b3VHcWvS03VxtgwB4aaxDTGwwJp7No__M_rqgJyfKXf9cinafv2eYofPF6/LG-OLED42C5ELB-42-4K-OLED-evo-AI-Smart-TV-C5.webp?h=630&w=1200,5238273649,"OLED42C5ELB 42"" 4K OLED evo AI Smart TV C5",fernseher
b00527,"LG OLED42C5ELB.AEUD evo TV, OLED-Fernseher 106 cm (42 Zoll), schwarz/grau, UltraHD/4K, Tripple Tuner, HDR, 120Hz Panel (OLED42C5ELB.AEUD)",JACOB,775.18,LG,Fernseher,https://cdn.billiger.com/dynimg/Jq95FKCxsauof0p75-xL_QoBuvC4dWE2KhE8nUhH7Pc88MgR1b3VHcWvS03VxtgwB4aaxDTGwwJp7No__M_rqgJyfKXf9cinafv2eYofPF6/LG-OLED42C5ELB-42-4K-OLED-evo-AI-Smart-TV-C5.webp?h=630&w=1200,5238273649,"OLED42C5ELB 42"" 4K OLED evo AI Smart TV C5",fernseher
b00528,"LG OLED48C5ELB 48"" OLED evo C5 4K TV mit α9 Gen8 & 4K 144Hz Gaming",ebay.de,659.00,LG,Fernseher,https://cdn.billiger.com/dynimg/DvbigqM_RVtof0p75-xL_ScmB3pMVRpCqhE8nUhH7Pc88MgR1b3VHcWvS03VxtgwDL5GvrWUudQCSRQ37fNeYkYk93mqlcsbHA-hr4ykl7H/LG-OLED48C5ELB-48-4K-OLED-evo-AI-Smart-TV-C5.webp?h=630&w=1200,5252906024,"OLED48C5ELB 48"" 4K OLED evo AI Smart TV C5",fernseher
b00529,"LG OLED48C5ELB, 48 Zoll (121 cm), 4K OLED evo AI TV, α9 Gen8 Prozessor, webOS 25, 120Hz (VRR bis zu 144Hz), Modelljahr 2025",amazon.de,698.99,LG,Fernseher,https://cdn.billiger.com/dynimg/DvbigqM_RVtof0p75-xL_ScmB3pMVRpCqhE8nUhH7Pc88MgR1b3VHcWvS03VxtgwDL5GvrWUudQCSRQ37fNeYkYk93mqlcsbHA-hr4ykl7H/LG-OLED48C5ELB-48-4K-OLED-evo-AI-Smart-TV-C5.webp?h=630&w=1200,5252906024,"OLED48C5ELB 48"" 4K OLED evo AI Smart TV C5",fernseher
b00530,"LG OLED48C5ELB, 48 Zoll (121 cm), 4K OLED evo AI TV, α9 Gen8 Prozessor, webOS 25, 120Hz (VRR bis zu 144Hz), Modelljahr 2025",Amazon Marketplace CE,698.99,LG,Fernseher,https://cdn.billiger.com/dynimg/DvbigqM_RVtof0p75-xL_ScmB3pMVRpCqhE8nUhH7Pc88MgR1b3VHcWvS03VxtgwDL5GvrWUudQCSRQ37fNeYkYk93mqlcsbHA-hr4ykl7H/LG-OLED48C5ELB-48-4K-OLED-evo-AI-Smart-TV-C5.webp?h=630&w=1200,5252906024,"OLED48C5ELB 48"" 4K OLED evo AI Smart TV C5",fernseher
b00531,"LG OLED48C5ELB 121cm 48"" 4K OLED Smart TV Fernseher",computeruniverse.net,699.00,LG,Fernseher,https://cdn.billiger.com/dynimg/DvbigqM_RVtof0p75-xL_ScmB3pMVRpCqhE8nUhH7Pc88MgR1b3VHcWvS03VxtgwDL5GvrWUudQCSRQ37fNeYkYk93mqlcsbHA-hr4ykl7H/LG-OLED48C5ELB-48-4K-OLED-evo-AI-Smart-TV-C5.webp?h=630&w=1200,5252906024,"OLED48C5ELB 48"" 4K OLED evo AI Smart TV C5",fernseher
b00532,"LG OLED48C5ELB 121cm 48"" 4K OLED Smart TV Fernseher",Cyberport,699.00,LG,Fernseher,https://cdn.billiger.com/dynimg/DvbigqM_RVtof0p75-xL_ScmB3pMVRpCqhE8nUhH7Pc88MgR1b3VHcWvS03VxtgwDL5GvrWUudQCSRQ37fNeYkYk93mqlcsbHA-hr4ykl7H/LG-OLED48C5ELB-48-4K-OLED-evo-AI-Smart-TV-C5.webp?h=630&w=1200,5252906024,"OLED48C5ELB 48"" 4K OLED evo AI Smart TV C5",fernseher
b00533,"LG 48"" OLED evo C5 4K (2025)",coolblue,749.00,LG,Fernseher,https://cdn.billiger.com/dynimg/DvbigqM_RVtof0p75-xL_ScmB3pMVRpCqhE8nUhH7Pc88MgR1b3VHcWvS03VxtgwDL5GvrWUudQCSRQ37fNeYkYk93mqlcsbHA-hr4ykl7H/LG-OLED48C5ELB-48-4K-OLED-evo-AI-Smart-TV-C5.webp?h=630&w=1200,5252906024,"OLED48C5ELB 48"" 4K OLED evo AI Smart TV C5",fernseher
b00534,"OLED48C5ELB.AEUD evo TV, OLED-Fernseher - 121 cm (48 Zoll), schwarz/grau, UltraHD/4K, Triple Tuner, HDR, 120Hz Panel",Alternate,789.00,LG,Fernseher,https://cdn.billiger.com/dynimg/DvbigqM_RVtof0p75-xL_ScmB3pMVRpCqhE8nUhH7Pc88MgR1b3VHcWvS03VxtgwDL5GvrWUudQCSRQ37fNeYkYk93mqlcsbHA-hr4ykl7H/LG-OLED48C5ELB-48-4K-OLED-evo-AI-Smart-TV-C5.webp?h=630&w=1200,5252906024,"OLED48C5ELB 48"" 4K OLED evo AI Smart TV C5",fernseher
b00535,"LG OLED48C5ELB.AEUD evo TV, OLED-Fernseher 121 cm (48 Zoll), schwarz/grau, UltraHD/4K, Tripple Tuner, HDR, 120Hz Panel (OLED48C5ELB.AEUD)",JACOB,794.55,LG,Fernseher,https://cdn.billiger.com/dynimg/DvbigqM_RVtof0p75-xL_ScmB3pMVRpCqhE8nUhH7Pc88MgR1b3VHcWvS03VxtgwDL5GvrWUudQCSRQ37fNeYkYk93mqlcsbHA-hr4ykl7H/LG-OLED48C5ELB-48-4K-OLED-evo-AI-Smart-TV-C5.webp?h=630&w=1200,5252906024,"OLED48C5ELB 48"" 4K OLED evo AI Smart TV C5",fernseher
b00536,"LG OLED48C5ELB OLED-Fernseher (121 cm/48 Zoll, 4K Ultra HD, Smart-TV) grau|schwarz",OTTO,799.00,LG,Fernseher,https://cdn.billiger.com/dynimg/DvbigqM_RVtof0p75-xL_ScmB3pMVRpCqhE8nUhH7Pc88MgR1b3VHcWvS03VxtgwDL5GvrWUudQCSRQ37fNeYkYk93mqlcsbHA-hr4ykl7H/LG-OLED48C5ELB-48-4K-OLED-evo-AI-Smart-TV-C5.webp?h=630&w=1200,5252906024,"OLED48C5ELB 48"" 4K OLED evo AI Smart TV C5",fernseher
b00537,"OLED48C5ELB.AEUD evo TV (121 cm (48 Zoll), schwarz/grau, UltraHD/4K, Tripple Tuner, HDR, 120Hz Panel) - Schwarz",Kaufland.de,863.62,LG,Fernseher,https://cdn.billiger.com/dynimg/DvbigqM_RVtof0p75-xL_ScmB3pMVRpCqhE8nUhH7Pc88MgR1b3VHcWvS03VxtgwDL5GvrWUudQCSRQ37fNeYkYk93mqlcsbHA-hr4ykl7H/LG-OLED48C5ELB-48-4K-OLED-evo-AI-Smart-TV-C5.webp?h=630&w=1200,5252906024,"OLED48C5ELB 48"" 4K OLED evo AI Smart TV C5",fernseher
b00538,"LG OLED55C5ELB TV 55 Zoll (139 cm) 4K OLED evo AI TV (α9 Gen8 4K AI Prozessor, webOS 25, 120Hz (VRR bis zu 144Hz)) [Modelljahr 2025]",amazon.de,859.00,LG,Fernseher,https://cdn.billiger.com/dynimg/CIjWRV93WUxof0p75-xL_SsPJYlh7vEQahE8nUhH7Pc88MgR1b3VHcWvS03VxtgwFQ2T52yd0MWLaJoc0XpHam74RNDBJYWLSoEK05_DLBo/LG-OLED55C5ELB-55-4K-OLED-evo-AI-Smart-TV-C5.webp?h=630&w=1200,5253006512,"OLED55C5ELB 55"" 4K OLED evo AI Smart TV C5",fernseher
b00539,"LG 55"" OLED evo C5 4K (2025)",coolblue,899.00,LG,Fernseher,https://cdn.billiger.com/dynimg/CIjWRV93WUxof0p75-xL_SsPJYlh7vEQahE8nUhH7Pc88MgR1b3VHcWvS03VxtgwFQ2T52yd0MWLaJoc0XpHam74RNDBJYWLSoEK05_DLBo/LG-OLED55C5ELB-55-4K-OLED-evo-AI-Smart-TV-C5.webp?h=630&w=1200,5253006512,"OLED55C5ELB 55"" 4K OLED evo AI Smart TV C5",fernseher
b00540,"LG OLED55C5ELB 139cm 55"" 4K OLED Smart TV Fernseher",computeruniverse.net,899.00,LG,Fernseher,https://cdn.billiger.com/dynimg/CIjWRV93WUxof0p75-xL_SsPJYlh7vEQahE8nUhH7Pc88MgR1b3VHcWvS03VxtgwFQ2T52yd0MWLaJoc0XpHam74RNDBJYWLSoEK05_DLBo/LG-OLED55C5ELB-55-4K-OLED-evo-AI-Smart-TV-C5.webp?h=630&w=1200,5253006512,"OLED55C5ELB 55"" 4K OLED evo AI Smart TV C5",fernseher
b00541,"LG OLED55C5ELB OLED-Fernseher (139 cm/55 Zoll, 4K Ultra HD, Smart-TV) grau|schwarz",OTTO,899.00,LG,Fernseher,https://cdn.billiger.com/dynimg/CIjWRV93WUxof0p75-xL_SsPJYlh7vEQahE8nUhH7Pc88MgR1b3VHcWvS03VxtgwFQ2T52yd0MWLaJoc0XpHam74RNDBJYWLSoEK05_DLBo/LG-OLED55C5ELB-55-4K-OLED-evo-AI-Smart-TV-C5.webp?h=630&w=1200,5253006512,"OLED55C5ELB 55"" 4K OLED evo AI Smart TV C5",fernseher
b00542,"LG OLED55C5ELB 139cm 55"" 4K OLED Smart TV Fernseher",Cyberport,899.00,LG,Fernseher,https://cdn.billiger.com/dynimg/CIjWRV93WUxof0p75-xL_SsPJYlh7vEQahE8nUhH7Pc88MgR1b3VHcWvS03VxtgwFQ2T52yd0MWLaJoc0XpHam74RNDBJYWLSoEK05_DLBo/LG-OLED55C5ELB-55-4K-OLED-evo-AI-Smart-TV-C5.webp?h=630&w=1200,5253006512,"OLED55C5ELB 55"" 4K OLED evo AI Smart TV C5",fernseher
b00543,"OLED55C5ELB.AEUD evo TV, OLED-Fernseher - 139 cm (55 Zoll), schwarz/grau, UltraHD/4K, Triple Tuner, HDR, 120Hz Panel",Alternate,899.00,LG,Fernseher,https://cdn.billiger.com/dynimg/CIjWRV93WUxof0p75-xL_SsPJYlh7vEQahE8nUhH7Pc88MgR1b3VHcWvS03VxtgwFQ2T52yd0MWLaJoc0XpHam74RNDBJYWLSoEK05_DLBo/LG-OLED55C5ELB-55-4K-OLED-evo-AI-Smart-TV-C5.webp?h=630&w=1200,5253006512,"OLED55C5ELB 55"" 4K OLED evo AI Smart TV C5",fernseher
b00544,LG 55 Zoll LG OLED evo AI C5 4K Smart TV OLED55C5ELB,ebay.de,959.00,LG,Fernseher,https://cdn.billiger.com/dynimg/CIjWRV93WUxof0p75-xL_SsPJYlh7vEQahE8nUhH7Pc88MgR1b3VHcWvS03VxtgwFQ2T52yd0MWLaJoc0XpHam74RNDBJYWLSoEK05_DLBo/LG-OLED55C5ELB-55-4K-OLED-evo-AI-Smart-TV-C5.webp?h=630&w=1200,5253006512,"OLED55C5ELB 55"" 4K OLED evo AI Smart TV C5",fernseher
b00545,"LG OLED55C5ELB.AEUD evo TV, OLED-Fernseher 165 cm (55 Zoll), schwarz/grau, UltraHD/4K, Tripple Tuner, HDR, 120Hz Panel (OLED55C5ELB.AEUD)",JACOB,1021.17,LG,Fernseher,https://cdn.billiger.com/dynimg/CIjWRV93WUxof0p75-xL_SsPJYlh7vEQahE8nUhH7Pc88MgR1b3VHcWvS03VxtgwFQ2T52yd0MWLaJoc0XpHam74RNDBJYWLSoEK05_DLBo/LG-OLED55C5ELB-55-4K-OLED-evo-AI-Smart-TV-C5.webp?h=630&w=1200,5253006512,"OLED55C5ELB 55"" 4K OLED evo AI Smart TV C5",fernseher
b00546,"LG OLED evo AI OLED55C5ELB, 139,7 cm (55""), 3840 x 2160 Pixel, OLED evo, Smart-TV, WLAN, Schwarz - Schwarz",Kaufland.de,1146.79,LG,Fernseher,https://cdn.billiger.com/dynimg/CIjWRV93WUxof0p75-xL_SsPJYlh7vEQahE8nUhH7Pc88MgR1b3VHcWvS03VxtgwFQ2T52yd0MWLaJoc0XpHam74RNDBJYWLSoEK05_DLBo/LG-OLED55C5ELB-55-4K-OLED-evo-AI-Smart-TV-C5.webp?h=630&w=1200,5253006512,"OLED55C5ELB 55"" 4K OLED evo AI Smart TV C5",fernseher
b00547,"GQ55QN85FAUXZG (138 cm (55 Zoll), silber, UltraHD/4K, Neo-QLED, Mini-LED, PVR, 100Hz Panel) - Silber",Kaufland.de,649.00,Samsung,Fernseher,https://cdn.billiger.com/dynimg/jqYx9iYItpfof0p75-xL_QxMI3j_0kNsahE8nUhH7Pc88MgR1b3VHcWvS03VxtgwAMLvBvX-mvlRqO5UHin_ASGNVllmu_jx4rui7cjaJR5/Samsung-GQ55QN85F-55-Neo-QLED-4K-Vision-AI-Smart-TV-QN85F.webp?h=630&w=1200,5286525666,"GQ55QN85F 55"" Neo QLED 4K Vision AI Smart TV QN85F",fernseher
b00548,"Samsung Neo QLED 4K QN85F 55 Zoll (138 cm) Mini LED Fernseher, NQ4 AI Gen2 Prozessor, Quantum Matrix Plus, Neo Quantum HDR+, Dolby Atmos, Knox Security, Samsung Vision AI Smart TV",Amazon Marketplace CE,649.00,Samsung,Fernseher,https://cdn.billiger.com/dynimg/jqYx9iYItpfof0p75-xL_QxMI3j_0kNsahE8nUhH7Pc88MgR1b3VHcWvS03VxtgwAMLvBvX-mvlRqO5UHin_ASGNVllmu_jx4rui7cjaJR5/Samsung-GQ55QN85F-55-Neo-QLED-4K-Vision-AI-Smart-TV-QN85F.webp?h=630&w=1200,5286525666,"GQ55QN85F 55"" Neo QLED 4K Vision AI Smart TV QN85F",fernseher
b00549,"Samsung GQ-55QN85F (55"", QLED, 4K, DE), TV, Silber",Galaxus.de,725.90,Samsung,Fernseher,https://cdn.billiger.com/dynimg/jqYx9iYItpfof0p75-xL_QxMI3j_0kNsahE8nUhH7Pc88MgR1b3VHcWvS03VxtgwAMLvBvX-mvlRqO5UHin_ASGNVllmu_jx4rui7cjaJR5/Samsung-GQ55QN85F-55-Neo-QLED-4K-Vision-AI-Smart-TV-QN85F.webp?h=630&w=1200,5286525666,"GQ55QN85F 55"" Neo QLED 4K Vision AI Smart TV QN85F",fernseher
b00550,Samsung QLED-TV GQ55QN85FAU,ebay.de,749.00,Samsung,Fernseher,https://cdn.billiger.com/dynimg/jqYx9iYItpfof0p75-xL_QxMI3j_0kNsahE8nUhH7Pc88MgR1b3VHcWvS03VxtgwAMLvBvX-mvlRqO5UHin_ASGNVllmu_jx4rui7cjaJR5/Samsung-GQ55QN85F-55-Neo-QLED-4K-Vision-AI-Smart-TV-QN85F.webp?h=630&w=1200,5286525666,"GQ55QN85F 55"" Neo QLED 4K Vision AI Smart TV QN85F",fernseher
b00551,Samsung QN85F 55 Zoll QLED Smart TV Q55QN85FAU (2025),gamingoase.de,749.00,Samsung,Fernseher,https://cdn.billiger.com/dynimg/jqYx9iYItpfof0p75-xL_QxMI3j_0kNsahE8nUhH7Pc88MgR1b3VHcWvS03VxtgwAMLvBvX-mvlRqO5UHin_ASGNVllmu_jx4rui7cjaJR5/Samsung-GQ55QN85F-55-Neo-QLED-4K-Vision-AI-Smart-TV-QN85F.webp?h=630&w=1200,5286525666,"GQ55QN85F 55"" Neo QLED 4K Vision AI Smart TV QN85F",fernseher
b00552,"Samsung GQ55QN85F 138cm 55"" 4K Neo QLED Smart TV Fernseher",computeruniverse.net,876.28,Samsung,Fernseher,https://cdn.billiger.com/dynimg/jqYx9iYItpfof0p75-xL_QxMI3j_0kNsahE8nUhH7Pc88MgR1b3VHcWvS03VxtgwAMLvBvX-mvlRqO5UHin_ASGNVllmu_jx4rui7cjaJR5/Samsung-GQ55QN85F-55-Neo-QLED-4K-Vision-AI-Smart-TV-QN85F.webp?h=630&w=1200,5286525666,"GQ55QN85F 55"" Neo QLED 4K Vision AI Smart TV QN85F",fernseher
b00553,"Samsung GQ55QN85F 138cm 55"" 4K Neo QLED Smart TV Fernseher",Cyberport,876.28,Samsung,Fernseher,https://cdn.billiger.com/dynimg/jqYx9iYItpfof0p75-xL_QxMI3j_0kNsahE8nUhH7Pc88MgR1b3VHcWvS03VxtgwAMLvBvX-mvlRqO5UHin_ASGNVllmu_jx4rui7cjaJR5/Samsung-GQ55QN85F-55-Neo-QLED-4K-Vision-AI-Smart-TV-QN85F.webp?h=630&w=1200,5286525666,"GQ55QN85F 55"" Neo QLED 4K Vision AI Smart TV QN85F",fernseher
b00554,"Samsung 55"" Neo QLED QN85F 4K (2025)",coolblue,893.90,Samsung,Fernseher,https://cdn.billiger.com/dynimg/jqYx9iYItpfof0p75-xL_QxMI3j_0kNsahE8nUhH7Pc88MgR1b3VHcWvS03VxtgwAMLvBvX-mvlRqO5UHin_ASGNVllmu_jx4rui7cjaJR5/Samsung-GQ55QN85F-55-Neo-QLED-4K-Vision-AI-Smart-TV-QN85F.webp?h=630&w=1200,5286525666,"GQ55QN85F 55"" Neo QLED 4K Vision AI Smart TV QN85F",fernseher
b00555,Samsung QN85F 55 Zoll Neo QLED Smart TV Q55QN85FAU (2025),Metro.de,690.12,Samsung,Fernseher,https://cdn.billiger.com/dynimg/imz0je_BAPdof0p75-xL_QcW8xvJOlHkKhE8nUhH7Pc88MgR1b3VHcWvS03VxtgwAyusAe1wIiZj1cd-Sarv-RofuPzRgUQEtmqdPay3rwT/Samsung-QE55QN85F-55-Neo-QLED-4K-Vision-AI-Smart-TV-QN85F-EU-Modell.webp?h=630&w=1200,5314595531,"QE55QN85F 55"" Neo QLED 4K Vision AI Smart TV QN85F (EU-Modell)",fernseher
b00556,"Samsung QE55QN85FAU 139 7 cm (55 ) 4K Ultra HD Smart-TV WLAN Silber (55"", QLED, 4K, 2025), TV, Silber",Galaxus.de,690.20,Samsung,Fernseher,https://cdn.billiger.com/dynimg/imz0je_BAPdof0p75-xL_QcW8xvJOlHkKhE8nUhH7Pc88MgR1b3VHcWvS03VxtgwAyusAe1wIiZj1cd-Sarv-RofuPzRgUQEtmqdPay3rwT/Samsung-QE55QN85F-55-Neo-QLED-4K-Vision-AI-Smart-TV-QN85F-EU-Modell.webp?h=630&w=1200,5314595531,"QE55QN85F 55"" Neo QLED 4K Vision AI Smart TV QN85F (EU-Modell)",fernseher
b00557,Samsung QE55QN85FAU 139 7 cm (55 ) 4K Ultra HD Smart-TV WLAN Silber - Silber,Kaufland.de,692.35,Samsung,Fernseher,https://cdn.billiger.com/dynimg/imz0je_BAPdof0p75-xL_QcW8xvJOlHkKhE8nUhH7Pc88MgR1b3VHcWvS03VxtgwAyusAe1wIiZj1cd-Sarv-RofuPzRgUQEtmqdPay3rwT/Samsung-QE55QN85F-55-Neo-QLED-4K-Vision-AI-Smart-TV-QN85F-EU-Modell.webp?h=630&w=1200,5314595531,"QE55QN85F 55"" Neo QLED 4K Vision AI Smart TV QN85F (EU-Modell)",fernseher
b00558,Samsung Qe55qn85fau 55 ́ ́ 4k Qled Tv - Grey,Techinn DE,709.99,Samsung,Fernseher,https://cdn.billiger.com/dynimg/imz0je_BAPdof0p75-xL_QcW8xvJOlHkKhE8nUhH7Pc88MgR1b3VHcWvS03VxtgwAyusAe1wIiZj1cd-Sarv-RofuPzRgUQEtmqdPay3rwT/Samsung-QE55QN85F-55-Neo-QLED-4K-Vision-AI-Smart-TV-QN85F-EU-Modell.webp?h=630&w=1200,5314595531,"QE55QN85F 55"" Neo QLED 4K Vision AI Smart TV QN85F (EU-Modell)",fernseher
b00559,"Samsung Neo QLED 4K QN85F 55 Zoll (138 cm) Mini LED Fernseher, NQ4 AI Gen2 Prozessor, Quantum Matrix Technology Slim, Motion Xcelerator 144Hz, AirSlim Design, Samsun...[Länderversion Ungarisch]",Amazon Marketplace CE,759.00,Samsung,Fernseher,https://cdn.billiger.com/dynimg/imz0je_BAPdof0p75-xL_QcW8xvJOlHkKhE8nUhH7Pc88MgR1b3VHcWvS03VxtgwAyusAe1wIiZj1cd-Sarv-RofuPzRgUQEtmqdPay3rwT/Samsung-QE55QN85F-55-Neo-QLED-4K-Vision-AI-Smart-TV-QN85F-EU-Modell.webp?h=630&w=1200,5314595531,"QE55QN85F 55"" Neo QLED 4K Vision AI Smart TV QN85F (EU-Modell)",fernseher
b00560,"Samsung Neo QLED 4K QN85F 65 Zoll (163 cm) Mini LED Fernseher, Optimiert für Fussball, NQ4 AI Gen2 Prozessor, Quantum Matrix Plus, Dolby Atmos, Knox Security, Samsung Vision AI Smart TV",amazon.de,799.00,Samsung,Fernseher,https://cdn.billiger.com/dynimg/dPW_trzhALwof0p75-xL_SHeD1rV55xUqhE8nUhH7Pc88MgR1b3VHcWvS03VxtgwBxK0B-z97AY3dGfhTa0hI5qA1_Kj_zZ6rB5j0NMixBo/Samsung-GQ65QN85F-65-Neo-QLED-4K-Vision-AI-Smart-TV-QN85F.webp?h=630&w=1200,5284626513,"GQ65QN85F 65"" Neo QLED 4K Vision AI Smart TV QN85F",fernseher
b00561,"Samsung GQ65QN85FAU (eclipsesilber) 163 cm (65"") Neo QLED-TV",xxl-deals.de,799.00,Samsung,Fernseher,https://cdn.billiger.com/dynimg/dPW_trzhALwof0p75-xL_SHeD1rV55xUqhE8nUhH7Pc88MgR1b3VHcWvS03VxtgwBxK0B-z97AY3dGfhTa0hI5qA1_Kj_zZ6rB5j0NMixBo/Samsung-GQ65QN85F-65-Neo-QLED-4K-Vision-AI-Smart-TV-QN85F.webp?h=630&w=1200,5284626513,"GQ65QN85F 65"" Neo QLED 4K Vision AI Smart TV QN85F",fernseher
b00562,"Samsung Neo QLED 4K QN85F 65 Zoll (163 cm) Mini LED Fernseher, Optimiert für Fussball, NQ4 AI Gen2 Prozessor, Quantum Matrix Plus, Dolby Atmos, Knox Security, Samsung Vision AI Smart TV",Amazon Marketplace CE,799.00,Samsung,Fernseher,https://cdn.billiger.com/dynimg/dPW_trzhALwof0p75-xL_SHeD1rV55xUqhE8nUhH7Pc88MgR1b3VHcWvS03VxtgwBxK0B-z97AY3dGfhTa0hI5qA1_Kj_zZ6rB5j0NMixBo/Samsung-GQ65QN85F-65-Neo-QLED-4K-Vision-AI-Smart-TV-QN85F.webp?h=630&w=1200,5284626513,"GQ65QN85F 65"" Neo QLED 4K Vision AI Smart TV QN85F",fernseher
b00563,"GQ65QN85FAUXZG (163 cm (65 Zoll), silber, UltraHD/4K, Neo-QLED, Mini-LED, PVR, 100Hz Panel) - Silber",Kaufland.de,799.00,Samsung,Fernseher,https://cdn.billiger.com/dynimg/dPW_trzhALwof0p75-xL_SHeD1rV55xUqhE8nUhH7Pc88MgR1b3VHcWvS03VxtgwBxK0B-z97AY3dGfhTa0hI5qA1_Kj_zZ6rB5j0NMixBo/Samsung-GQ65QN85F-65-Neo-QLED-4K-Vision-AI-Smart-TV-QN85F.webp?h=630&w=1200,5284626513,"GQ65QN85F 65"" Neo QLED 4K Vision AI Smart TV QN85F",fernseher
b00564,Samsung QN85F 65 Zoll QLED Smart TV Q65QN85FAU (2025),gamingoase.de,799.00,Samsung,Fernseher,https://cdn.billiger.com/dynimg/dPW_trzhALwof0p75-xL_SHeD1rV55xUqhE8nUhH7Pc88MgR1b3VHcWvS03VxtgwBxK0B-z97AY3dGfhTa0hI5qA1_Kj_zZ6rB5j0NMixBo/Samsung-GQ65QN85F-65-Neo-QLED-4K-Vision-AI-Smart-TV-QN85F.webp?h=630&w=1200,5284626513,"GQ65QN85F 65"" Neo QLED 4K Vision AI Smart TV QN85F",fernseher
b00565,"Samsung Mini LED-TV 60-69"" (152-175cm) GQ65QN85FAU",ebay.de,799.00,Samsung,Fernseher,https://cdn.billiger.com/dynimg/dPW_trzhALwof0p75-xL_SHeD1rV55xUqhE8nUhH7Pc88MgR1b3VHcWvS03VxtgwBxK0B-z97AY3dGfhTa0hI5qA1_Kj_zZ6rB5j0NMixBo/Samsung-GQ65QN85F-65-Neo-QLED-4K-Vision-AI-Smart-TV-QN85F.webp?h=630&w=1200,5284626513,"GQ65QN85F 65"" Neo QLED 4K Vision AI Smart TV QN85F",fernseher
b00566,"Samsung 65"" Neo QLED QN85F 4K Vision AI Smart TV (2025), 65 Silver",Samsung DE,1099.00,Samsung,Fernseher,https://cdn.billiger.com/dynimg/dPW_trzhALwof0p75-xL_SHeD1rV55xUqhE8nUhH7Pc88MgR1b3VHcWvS03VxtgwBxK0B-z97AY3dGfhTa0hI5qA1_Kj_zZ6rB5j0NMixBo/Samsung-GQ65QN85F-65-Neo-QLED-4K-Vision-AI-Smart-TV-QN85F.webp?h=630&w=1200,5284626513,"GQ65QN85F 65"" Neo QLED 4K Vision AI Smart TV QN85F",fernseher
b00567,"Samsung GQ65QN85FAU QLED-Fernseher (163 cm/65 Zoll, 4K Ultra HD, Smart-TV, NQ HDR+, 4K AI Upscaling, Dolby Atmos & AI Sound, Gaming bis zu 144Hz) schwarz",OTTO,1099.00,Samsung,Fernseher,https://cdn.billiger.com/dynimg/dPW_trzhALwof0p75-xL_SHeD1rV55xUqhE8nUhH7Pc88MgR1b3VHcWvS03VxtgwBxK0B-z97AY3dGfhTa0hI5qA1_Kj_zZ6rB5j0NMixBo/Samsung-GQ65QN85F-65-Neo-QLED-4K-Vision-AI-Smart-TV-QN85F.webp?h=630&w=1200,5284626513,"GQ65QN85F 65"" Neo QLED 4K Vision AI Smart TV QN85F",fernseher
b00568,"Samsung 65"" Neo QLED QN85F 4K (2025)",coolblue,1188.00,Samsung,Fernseher,https://cdn.billiger.com/dynimg/dPW_trzhALwof0p75-xL_SHeD1rV55xUqhE8nUhH7Pc88MgR1b3VHcWvS03VxtgwBxK0B-z97AY3dGfhTa0hI5qA1_Kj_zZ6rB5j0NMixBo/Samsung-GQ65QN85F-65-Neo-QLED-4K-Vision-AI-Smart-TV-QN85F.webp?h=630&w=1200,5284626513,"GQ65QN85F 65"" Neo QLED 4K Vision AI Smart TV QN85F",fernseher
b00569,"TCL 65C7K 65 Zoll QD-Mini LED Fernseher, 4K HDR Premium 2600, Smart Google TV mit 144Hz Motion Clarity Pro (Dolby Vision IQ & Atmos, CrystGlow HVA Panel, Audio von Bang & Olufsen, Game Master)",amazon.de,749.00,TCL,Fernseher,https://cdn.billiger.com/dynimg/kDDC6aViMLNof0p75-xL_TMdLIg7f0tqqhE8nUhH7Pc88MgR1b3VHcWvS03VxtgwO11wx_g0VucOFA5mqQGKCmHteZZRilcrW49_ORmOHVp/TCL-65C7K-65-Zoll-QD-MiniLED-4K-Google-TV.webp?h=630&w=1200,5265541096,65C7K 65 Zoll QD-MiniLED 4K Google TV,fernseher
b00570,"TCL 65C7K QLED Mini LED-Fernseher (165 cm/65 Zoll, 4K Ultra HD, Smart-TV)",OTTO,749.00,TCL,Fernseher,https://cdn.billiger.com/dynimg/kDDC6aViMLNof0p75-xL_TMdLIg7f0tqqhE8nUhH7Pc88MgR1b3VHcWvS03VxtgwO11wx_g0VucOFA5mqQGKCmHteZZRilcrW49_ORmOHVp/TCL-65C7K-65-Zoll-QD-MiniLED-4K-Google-TV.webp?h=630&w=1200,5265541096,65C7K 65 Zoll QD-MiniLED 4K Google TV,fernseher
b00571,"TCL 65C7K 65 Zoll QD-Mini LED Fernseher, 4K HDR Premium 2600, Smart Google TV mit 144Hz Motion Clarity Pro (Dolby Vision IQ & Atmos, CrystGlow HVA Panel, Audio von Bang & Olufsen, Game Master)",Amazon Marketplace CE,749.00,TCL,Fernseher,https://cdn.billiger.com/dynimg/kDDC6aViMLNof0p75-xL_TMdLIg7f0tqqhE8nUhH7Pc88MgR1b3VHcWvS03VxtgwO11wx_g0VucOFA5mqQGKCmHteZZRilcrW49_ORmOHVp/TCL-65C7K-65-Zoll-QD-MiniLED-4K-Google-TV.webp?h=630&w=1200,5265541096,65C7K 65 Zoll QD-MiniLED 4K Google TV,fernseher
b00572,"TCL 65C7K QD-Mini-LED Google TV (Flat, 65 Zoll / 164 cm, HDR 4K, SMART TV)",Media Markt Online Shop,749.00,TCL,Fernseher,https://cdn.billiger.com/dynimg/kDDC6aViMLNof0p75-xL_TMdLIg7f0tqqhE8nUhH7Pc88MgR1b3VHcWvS03VxtgwO11wx_g0VucOFA5mqQGKCmHteZZRilcrW49_ORmOHVp/TCL-65C7K-65-Zoll-QD-MiniLED-4K-Google-TV.webp?h=630&w=1200,5265541096,65C7K 65 Zoll QD-MiniLED 4K Google TV,fernseher
b00573,"TCL 65C7K QD-Mini-LED Google TV (Flat, 65 Zoll / 164 cm, HDR 4K, SMART TV)",Saturn Online Shop,749.00,TCL,Fernseher,https://cdn.billiger.com/dynimg/kDDC6aViMLNof0p75-xL_TMdLIg7f0tqqhE8nUhH7Pc88MgR1b3VHcWvS03VxtgwO11wx_g0VucOFA5mqQGKCmHteZZRilcrW49_ORmOHVp/TCL-65C7K-65-Zoll-QD-MiniLED-4K-Google-TV.webp?h=630&w=1200,5265541096,65C7K 65 Zoll QD-MiniLED 4K Google TV,fernseher
b00574,"TCL 65C7K, 165,1 cm (65""), 3840 x 2160 Pixel, QD-Mini LED, Smart-TV, WLAN, Metallisch - Silber",Kaufland.de,849.00,TCL,Fernseher,https://cdn.billiger.com/dynimg/kDDC6aViMLNof0p75-xL_TMdLIg7f0tqqhE8nUhH7Pc88MgR1b3VHcWvS03VxtgwO11wx_g0VucOFA5mqQGKCmHteZZRilcrW49_ORmOHVp/TCL-65C7K-65-Zoll-QD-MiniLED-4K-Google-TV.webp?h=630&w=1200,5265541096,65C7K 65 Zoll QD-MiniLED 4K Google TV,fernseher
b00575,"TCL 55C7K QD-Mini-LED Google TV (Flat, 55 Zoll / 138,8 cm, HDR 4K, SMART TV)",Media Markt Online Shop,799.00,TCL,Fernseher,https://cdn.billiger.com/dynimg/5oquPhYPr1yof0p75-xL_ST-hDFI9nz_6hE8nUhH7Pc88MgR1b3VHcWvS03VxtgwHmjeEjX3enptBF9M7kRrq3oerwNZKy-zbJ6WnC8OQGk/TCL-55C7K-55-Zoll-QD-MiniLED-4K-Google-TV.webp?h=630&w=1200,5268474104,55C7K 55 Zoll QD-MiniLED 4K Google TV,fernseher
b00576,"TCL 55C7K QD-Mini-LED Google TV (Flat, 55 Zoll / 138,8 cm, HDR 4K, SMART TV)",Saturn Online Shop,799.00,TCL,Fernseher,https://cdn.billiger.com/dynimg/5oquPhYPr1yof0p75-xL_ST-hDFI9nz_6hE8nUhH7Pc88MgR1b3VHcWvS03VxtgwHmjeEjX3enptBF9M7kRrq3oerwNZKy-zbJ6WnC8OQGk/TCL-55C7K-55-Zoll-QD-MiniLED-4K-Google-TV.webp?h=630&w=1200,5268474104,55C7K 55 Zoll QD-MiniLED 4K Google TV,fernseher
b00577,"TCL 75C7K QD-Mini-LED Google TV (Flat, 75 Zoll / 189 cm, HDR 4K, SMART TV)",Media Markt Online Shop,999.00,TCL,Fernseher,https://cdn.billiger.com/dynimg/CytJ25__dkUof0p75-xL_TOsu_v4Pi9oqhE8nUhH7Pc88MgR1b3VHcWvS03VxtgwL1YsnbaoSp1hr1hxhdsqWwE-0BT4ESe4BnhBsP_M70-/TCL-75C7K-75-Zoll-QD-MiniLED-4K-Google-TV.webp?h=630&w=1200,5265427468,75C7K 75 Zoll QD-MiniLED 4K Google TV,fernseher
b00578,"TCL 75C7K QD-Mini-LED Google TV (Flat, 75 Zoll / 189 cm, HDR 4K, SMART TV)",Saturn Online Shop,999.00,TCL,Fernseher,https://cdn.billiger.com/dynimg/CytJ25__dkUof0p75-xL_TOsu_v4Pi9oqhE8nUhH7Pc88MgR1b3VHcWvS03VxtgwL1YsnbaoSp1hr1hxhdsqWwE-0BT4ESe4BnhBsP_M70-/TCL-75C7K-75-Zoll-QD-MiniLED-4K-Google-TV.webp?h=630&w=1200,5265427468,75C7K 75 Zoll QD-MiniLED 4K Google TV,fernseher
b00579,"TCL 75C7K, 190,5 cm (75""), 3840 x 2160 Pixel, QD-Mini LED, Smart-TV, WLAN, Metallisch - Silber",Kaufland.de,1029.00,TCL,Fernseher,https://cdn.billiger.com/dynimg/CytJ25__dkUof0p75-xL_TOsu_v4Pi9oqhE8nUhH7Pc88MgR1b3VHcWvS03VxtgwL1YsnbaoSp1hr1hxhdsqWwE-0BT4ESe4BnhBsP_M70-/TCL-75C7K-75-Zoll-QD-MiniLED-4K-Google-TV.webp?h=630&w=1200,5265427468,75C7K 75 Zoll QD-MiniLED 4K Google TV,fernseher
b00580,"Apple AirPods 4 Kabellose Kopfhörer, Bluetooth Kopfhörer, Personalisiertes 3D Audio, Schutz vor Schweiß und Wasser, USB-C Ladecase, H2 Chip, bis zu 24 Std. Wiedergabe",amazon.de,116.00,Apple,Kopfhörer,https://cdn.billiger.com/dynimg/1rL4Fi5JoOpof0p75-xL_TedkQqD6smoqhE8nUhH7Pc88MgR1b3VHcWvS03VxtgwJ7CJQeZRk3b_t-gmd-LVErgXvtPa3jeZBviAmRHDDKf/Apple-AirPods-4.webp?h=630&w=1200,5047724735,AirPods 4,kopfhörer
b00581,"Apple AirPods 4 Kabellose Kopfhörer, Bluetooth Kopfhörer, Personalisiertes 3D Audio, Schutz vor Schweiß und Wasser, USB-C Ladecase, H2 Chip, bis zu 24 Std. Wiedergabe",Amazon Marketplace CE,116.00,Apple,Kopfhörer,https://cdn.billiger.com/dynimg/1rL4Fi5JoOpof0p75-xL_TedkQqD6smoqhE8nUhH7Pc88MgR1b3VHcWvS03VxtgwJ7CJQeZRk3b_t-gmd-LVErgXvtPa3jeZBviAmRHDDKf/Apple-AirPods-4.webp?h=630&w=1200,5047724735,AirPods 4,kopfhörer
b00582,Apple AirPods 4 In Ear Kopfhörer Ohne ANC - NEU,ebay.de,119.00,Apple,Kopfhörer,https://cdn.billiger.com/dynimg/1rL4Fi5JoOpof0p75-xL_TedkQqD6smoqhE8nUhH7Pc88MgR1b3VHcWvS03VxtgwJ7CJQeZRk3b_t-gmd-LVErgXvtPa3jeZBviAmRHDDKf/Apple-AirPods-4.webp?h=630&w=1200,5047724735,AirPods 4,kopfhörer
b00583,Apple - AirPods 4 - Weiß,Joybuy,124.00,Apple,Kopfhörer,https://cdn.billiger.com/dynimg/1rL4Fi5JoOpof0p75-xL_TedkQqD6smoqhE8nUhH7Pc88MgR1b3VHcWvS03VxtgwJ7CJQeZRk3b_t-gmd-LVErgXvtPa3jeZBviAmRHDDKf/Apple-AirPods-4.webp?h=630&w=1200,5047724735,AirPods 4,kopfhörer
b00584,"Apple Kopfhörer AirPods, 4. Generation, weiß, In-Ear, mit Mikrofon, USB-C-Ladecase, Bluetooth",bueromarkt-ag.de,125.74,Apple,Kopfhörer,https://cdn.billiger.com/dynimg/1rL4Fi5JoOpof0p75-xL_TedkQqD6smoqhE8nUhH7Pc88MgR1b3VHcWvS03VxtgwJ7CJQeZRk3b_t-gmd-LVErgXvtPa3jeZBviAmRHDDKf/Apple-AirPods-4.webp?h=630&w=1200,5047724735,AirPods 4,kopfhörer
b00585,AirPods 4,Expert,126.99,Apple,Kopfhörer,https://cdn.billiger.com/dynimg/1rL4Fi5JoOpof0p75-xL_TedkQqD6smoqhE8nUhH7Pc88MgR1b3VHcWvS03VxtgwJ7CJQeZRk3b_t-gmd-LVErgXvtPa3jeZBviAmRHDDKf/Apple-AirPods-4.webp?h=630&w=1200,5047724735,AirPods 4,kopfhörer
b00586,"APPLE AirPods 4, In-ear Kopfhörer Bluetooth Weiß",Saturn Online Shop,127.00,Apple,Kopfhörer,https://cdn.billiger.com/dynimg/1rL4Fi5JoOpof0p75-xL_TedkQqD6smoqhE8nUhH7Pc88MgR1b3VHcWvS03VxtgwJ7CJQeZRk3b_t-gmd-LVErgXvtPa3jeZBviAmRHDDKf/Apple-AirPods-4.webp?h=630&w=1200,5047724735,AirPods 4,kopfhörer
b00587,"Apple AirPods 4 (Keine Geräuschunterdrückung, 5 h, Kabellos), Kopfhörer, Weiss",Galaxus.de,127.86,Apple,Kopfhörer,https://cdn.billiger.com/dynimg/1rL4Fi5JoOpof0p75-xL_TedkQqD6smoqhE8nUhH7Pc88MgR1b3VHcWvS03VxtgwJ7CJQeZRk3b_t-gmd-LVErgXvtPa3jeZBviAmRHDDKf/Apple-AirPods-4.webp?h=630&w=1200,5047724735,AirPods 4,kopfhörer
b00588,Apple AirPods 4 - True Wireless-Kopfhörer mit Mikrofon,Cyberport,128.00,Apple,Kopfhörer,https://cdn.billiger.com/dynimg/1rL4Fi5JoOpof0p75-xL_TedkQqD6smoqhE8nUhH7Pc88MgR1b3VHcWvS03VxtgwJ7CJQeZRk3b_t-gmd-LVErgXvtPa3jeZBviAmRHDDKf/Apple-AirPods-4.webp?h=630&w=1200,5047724735,AirPods 4,kopfhörer
b00589,Apple AirPods 4 True Wireless Kopfhörer Weiß (MXP63LL/A),JACOB,128.23,Apple,Kopfhörer,https://cdn.billiger.com/dynimg/1rL4Fi5JoOpof0p75-xL_TedkQqD6smoqhE8nUhH7Pc88MgR1b3VHcWvS03VxtgwJ7CJQeZRk3b_t-gmd-LVErgXvtPa3jeZBviAmRHDDKf/Apple-AirPods-4.webp?h=630&w=1200,5047724735,AirPods 4,kopfhörer
b00590,Apple AirPods 4 ANC True Wireless Headset weiß original Bluetooth Kopfhörer,ebay.de,154.99,Apple,Kopfhörer,https://cdn.billiger.com/dynimg/J5EXPPo_cuRof0p75-xL_RfrokGXKW2uahE8nUhH7Pc88MgR1b3VHcWvS03VxtgwJ7CJQeZRk3b_t-gmd-LVErgXvtPa3jeZBviAmRHDDKf/Apple-AirPods-4-mit-Aktiver-Geraeuschunterdrueckung-ANC.webp?h=630&w=1200,5047724707,AirPods 4 mit Aktiver Geräuschunterdrückung (ANC),kopfhörer
b00591,Apple AirPods (4th generation) AirPods 4 Kopfhörer Kabellos im Ohr Anrufe/Musik/Sport/Alltag Bluetooth Weiß - Weiß,Kaufland.de,166.56,Apple,Kopfhörer,https://cdn.billiger.com/dynimg/J5EXPPo_cuRof0p75-xL_RfrokGXKW2uahE8nUhH7Pc88MgR1b3VHcWvS03VxtgwJ7CJQeZRk3b_t-gmd-LVErgXvtPa3jeZBviAmRHDDKf/Apple-AirPods-4-mit-Aktiver-Geraeuschunterdrueckung-ANC.webp?h=630&w=1200,5047724707,AirPods 4 mit Aktiver Geräuschunterdrückung (ANC),kopfhörer
b00592,"Apple Kopfhörer AirPods, 4. Generation, weiß, In-Ear, ANC, mit Mikrofon, USB-C Ladecase, Bluetooth",bueromarkt-ag.de,168.98,Apple,Kopfhörer,https://cdn.billiger.com/dynimg/J5EXPPo_cuRof0p75-xL_RfrokGXKW2uahE8nUhH7Pc88MgR1b3VHcWvS03VxtgwJ7CJQeZRk3b_t-gmd-LVErgXvtPa3jeZBviAmRHDDKf/Apple-AirPods-4-mit-Aktiver-Geraeuschunterdrueckung-ANC.webp?h=630&w=1200,5047724707,AirPods 4 mit Aktiver Geräuschunterdrückung (ANC),kopfhörer
b00593,AirPods 4 mit aktiver Geräuschunterdrückung,Expert,168.99,Apple,Kopfhörer,https://cdn.billiger.com/dynimg/J5EXPPo_cuRof0p75-xL_RfrokGXKW2uahE8nUhH7Pc88MgR1b3VHcWvS03VxtgwJ7CJQeZRk3b_t-gmd-LVErgXvtPa3jeZBviAmRHDDKf/Apple-AirPods-4-mit-Aktiver-Geraeuschunterdrueckung-ANC.webp?h=630&w=1200,5047724707,AirPods 4 mit Aktiver Geräuschunterdrückung (ANC),kopfhörer
b00594,"Apple AirPods 4 Kabellose Kopfhörer, Bluetooth Kopfhörer mit aktiver Geräuschunterdrückung, Adaptives Audio, Personalisiertes 3D Audio, Transparenzmodus, USB-C Ladecase, Kabelloses Laden",amazon.de,169.00,Apple,Kopfhörer,https://cdn.billiger.com/dynimg/J5EXPPo_cuRof0p75-xL_RfrokGXKW2uahE8nUhH7Pc88MgR1b3VHcWvS03VxtgwJ7CJQeZRk3b_t-gmd-LVErgXvtPa3jeZBviAmRHDDKf/Apple-AirPods-4-mit-Aktiver-Geraeuschunterdrueckung-ANC.webp?h=630&w=1200,5047724707,AirPods 4 mit Aktiver Geräuschunterdrückung (ANC),kopfhörer
b00595,"Apple AirPods 4 Kabellose Kopfhörer, Bluetooth Kopfhörer mit aktiver Geräuschunterdrückung, Adaptives Audio, Personalisiertes 3D Audio, Transparenzmodus, USB-C Ladecase, Kabelloses Laden",Amazon Marketplace CE,169.00,Apple,Kopfhörer,https://cdn.billiger.com/dynimg/J5EXPPo_cuRof0p75-xL_RfrokGXKW2uahE8nUhH7Pc88MgR1b3VHcWvS03VxtgwJ7CJQeZRk3b_t-gmd-LVErgXvtPa3jeZBviAmRHDDKf/Apple-AirPods-4-mit-Aktiver-Geraeuschunterdrueckung-ANC.webp?h=630&w=1200,5047724707,AirPods 4 mit Aktiver Geräuschunterdrückung (ANC),kopfhörer
b00596,Apple AirPods 4. Generation mit aktiver Geräuschunterdrückung,Joybuy,169.00,Apple,Kopfhörer,https://cdn.billiger.com/dynimg/J5EXPPo_cuRof0p75-xL_RfrokGXKW2uahE8nUhH7Pc88MgR1b3VHcWvS03VxtgwJ7CJQeZRk3b_t-gmd-LVErgXvtPa3jeZBviAmRHDDKf/Apple-AirPods-4-mit-Aktiver-Geraeuschunterdrueckung-ANC.webp?h=630&w=1200,5047724707,AirPods 4 mit Aktiver Geräuschunterdrückung (ANC),kopfhörer
b00597,"Apple AirPods 4 (ANC, 4 h, Kabellos), Kopfhörer, Weiss",Galaxus.de,171.66,Apple,Kopfhörer,https://cdn.billiger.com/dynimg/J5EXPPo_cuRof0p75-xL_RfrokGXKW2uahE8nUhH7Pc88MgR1b3VHcWvS03VxtgwJ7CJQeZRk3b_t-gmd-LVErgXvtPa3jeZBviAmRHDDKf/Apple-AirPods-4-mit-Aktiver-Geraeuschunterdrueckung-ANC.webp?h=630&w=1200,5047724707,AirPods 4 mit Aktiver Geräuschunterdrückung (ANC),kopfhörer
b00598,Apple AirPods 4 ANC Weiß,Gomibo.de,174.95,Apple,Kopfhörer,https://cdn.billiger.com/dynimg/J5EXPPo_cuRof0p75-xL_RfrokGXKW2uahE8nUhH7Pc88MgR1b3VHcWvS03VxtgwJ7CJQeZRk3b_t-gmd-LVErgXvtPa3jeZBviAmRHDDKf/Apple-AirPods-4-mit-Aktiver-Geraeuschunterdrueckung-ANC.webp?h=630&w=1200,5047724707,AirPods 4 mit Aktiver Geräuschunterdrückung (ANC),kopfhörer
b00599,Apple AirPods 4 mit Aktiver Geräuschunterdrückung,Cyberport,175.00,Apple,Kopfhörer,https://cdn.billiger.com/dynimg/J5EXPPo_cuRof0p75-xL_RfrokGXKW2uahE8nUhH7Pc88MgR1b3VHcWvS03VxtgwJ7CJQeZRk3b_t-gmd-LVErgXvtPa3jeZBviAmRHDDKf/Apple-AirPods-4-mit-Aktiver-Geraeuschunterdrueckung-ANC.webp?h=630&w=1200,5047724707,AirPods 4 mit Aktiver Geräuschunterdrückung (ANC),kopfhörer
b00600,"Apple AirPods Pro 3 Kabellose In‐Ear Kopfhörer, Aktive Geräuschunterdrückung, Herzfrequenzmessung, Hörgerätefunktion, Bluetooth Kopfhörer, 3D Audio, Hi‐Fi Sound, Laden über USB‐C",amazon.de,209.00,Apple,Kopfhörer,https://cdn.billiger.com/dynimg/oVS-KQ8Wyvcof0p75-xL_Q1AJ8oQcsrrahE8nUhH7Pc88MgR1b3VHcWvS03VxtgwC3GXkjwRK5yqE2w7PIoXJm-730NP3T3mI-KYN1Ckirb/Apple-AirPods-Pro-3.webp?h=630&w=1200,5378386537,AirPods Pro 3,kopfhörer
b00601,"Apple AirPods Pro 3 Kabellose In‐Ear Kopfhörer, Aktive Geräuschunterdrückung, Herzfrequenzmessung, Hörgerätefunktion, Bluetooth Kopfhörer, 3D Audio, Hi‐Fi Sound, Laden über USB‐C",Amazon Marketplace CE,209.00,Apple,Kopfhörer,https://cdn.billiger.com/dynimg/oVS-KQ8Wyvcof0p75-xL_Q1AJ8oQcsrrahE8nUhH7Pc88MgR1b3VHcWvS03VxtgwC3GXkjwRK5yqE2w7PIoXJm-730NP3T3mI-KYN1Ckirb/Apple-AirPods-Pro-3.webp?h=630&w=1200,5378386537,AirPods Pro 3,kopfhörer
b00602,"Apple AirPods Pro 3, kabellose In-Ear-Bluetooth-Kopfhörer, aktive Geräuschunterdrückung, 3D-Audio, Aufladen über USB-C",Joybuy,209.00,Apple,Kopfhörer,https://cdn.billiger.com/dynimg/oVS-KQ8Wyvcof0p75-xL_Q1AJ8oQcsrrahE8nUhH7Pc88MgR1b3VHcWvS03VxtgwC3GXkjwRK5yqE2w7PIoXJm-730NP3T3mI-KYN1Ckirb/Apple-AirPods-Pro-3.webp?h=630&w=1200,5378386537,AirPods Pro 3,kopfhörer
b00603,"Apple AirPods Pro 3 (ANC, 8 h, Kabellos), Kopfhörer, Weiss",Galaxus.de,213.15,Apple,Kopfhörer,https://cdn.billiger.com/dynimg/oVS-KQ8Wyvcof0p75-xL_Q1AJ8oQcsrrahE8nUhH7Pc88MgR1b3VHcWvS03VxtgwC3GXkjwRK5yqE2w7PIoXJm-730NP3T3mI-KYN1Ckirb/Apple-AirPods-Pro-3.webp?h=630&w=1200,5378386537,AirPods Pro 3,kopfhörer
b00604,AirPods Pro 3,Proshop.de,216.90,Apple,Kopfhörer,https://cdn.billiger.com/dynimg/oVS-KQ8Wyvcof0p75-xL_Q1AJ8oQcsrrahE8nUhH7Pc88MgR1b3VHcWvS03VxtgwC3GXkjwRK5yqE2w7PIoXJm-730NP3T3mI-KYN1Ckirb/Apple-AirPods-Pro-3.webp?h=630&w=1200,5378386537,AirPods Pro 3,kopfhörer
b00605,Apple AirPods Pro 3 mit MagSafe Case (USB-C) MFHP4ZM/A,Cyberport,218.29,Apple,Kopfhörer,https://cdn.billiger.com/dynimg/oVS-KQ8Wyvcof0p75-xL_Q1AJ8oQcsrrahE8nUhH7Pc88MgR1b3VHcWvS03VxtgwC3GXkjwRK5yqE2w7PIoXJm-730NP3T3mI-KYN1Ckirb/Apple-AirPods-Pro-3.webp?h=630&w=1200,5378386537,AirPods Pro 3,kopfhörer
b00606,Apple AirPods Pro 3 mit MagSafe Case (USB-C) MFHP4ZM/A,computeruniverse.net,218.89,Apple,Kopfhörer,https://cdn.billiger.com/dynimg/oVS-KQ8Wyvcof0p75-xL_Q1AJ8oQcsrrahE8nUhH7Pc88MgR1b3VHcWvS03VxtgwC3GXkjwRK5yqE2w7PIoXJm-730NP3T3mI-KYN1Ckirb/Apple-AirPods-Pro-3.webp?h=630&w=1200,5378386537,AirPods Pro 3,kopfhörer
b00607,Apple AirPods Pro 3 True Wireless MagSafe Charging Case USB-C Kopfhörer weiß,ebay.de,218.90,Apple,Kopfhörer,https://cdn.billiger.com/dynimg/oVS-KQ8Wyvcof0p75-xL_Q1AJ8oQcsrrahE8nUhH7Pc88MgR1b3VHcWvS03VxtgwC3GXkjwRK5yqE2w7PIoXJm-730NP3T3mI-KYN1Ckirb/Apple-AirPods-Pro-3.webp?h=630&w=1200,5378386537,AirPods Pro 3,kopfhörer
b00608,Apple AirPods Pro 3,Gomibo.de,218.95,Apple,Kopfhörer,https://cdn.billiger.com/dynimg/oVS-KQ8Wyvcof0p75-xL_Q1AJ8oQcsrrahE8nUhH7Pc88MgR1b3VHcWvS03VxtgwC3GXkjwRK5yqE2w7PIoXJm-730NP3T3mI-KYN1Ckirb/Apple-AirPods-Pro-3.webp?h=630&w=1200,5378386537,AirPods Pro 3,kopfhörer
b00609,"APPLE AirPods Pro 3, In-ear Kopfhörer Bluetooth White",Media Markt Online Shop,219.00,Apple,Kopfhörer,https://cdn.billiger.com/dynimg/oVS-KQ8Wyvcof0p75-xL_Q1AJ8oQcsrrahE8nUhH7Pc88MgR1b3VHcWvS03VxtgwC3GXkjwRK5yqE2w7PIoXJm-730NP3T3mI-KYN1Ckirb/Apple-AirPods-Pro-3.webp?h=630&w=1200,5378386537,AirPods Pro 3,kopfhörer
b00610,Apple AirPods Pro 2 mit USB-C MagSafe Case weiß,ebay.de,184.00,Apple,Kopfhörer,https://cdn.billiger.com/dynimg/QIwK6IarlIyof0p75-xL_Qt3fgVug3hj6hE8nUhH7Pc88MgR1b3VHcWvS03VxtgwEL3FR9a38uyUDyMcdB4PT9CiYLDWR99sKxOAZDCS_XL/Apple-AirPods-Pro-USB-C-2-Generation.webp?h=630&w=1200,4608351568,AirPods Pro USB-C (2. Generation),kopfhörer
b00611,"Apple AirPods Pro 2nd Gen mit kabellosem Magsafe Ladecase (USB-C) White, MTJV3HN/A (MTJV3HN/A)",JACOB,201.93,Apple,Kopfhörer,https://cdn.billiger.com/dynimg/QIwK6IarlIyof0p75-xL_Qt3fgVug3hj6hE8nUhH7Pc88MgR1b3VHcWvS03VxtgwEL3FR9a38uyUDyMcdB4PT9CiYLDWR99sKxOAZDCS_XL/Apple-AirPods-Pro-USB-C-2-Generation.webp?h=630&w=1200,4608351568,AirPods Pro USB-C (2. Generation),kopfhörer
b00612,"Apple Kopfhörer AirPods Pro 2. Gen 2023, weiß, In-Ear, mit Mikrofon, MagSafe-Ladecase, Bluetooth",bueromarkt-ag.de,205.48,Apple,Kopfhörer,https://cdn.billiger.com/dynimg/QIwK6IarlIyof0p75-xL_Qt3fgVug3hj6hE8nUhH7Pc88MgR1b3VHcWvS03VxtgwEL3FR9a38uyUDyMcdB4PT9CiYLDWR99sKxOAZDCS_XL/Apple-AirPods-Pro-USB-C-2-Generation.webp?h=630&w=1200,4608351568,AirPods Pro USB-C (2. Generation),kopfhörer
b00613,"Apple AirPods Pro (2nd Gen.) MagSafe USB-C (ANC, 6 h, Kabellos), Kopfhörer, Weiss",Galaxus.de,213.81,Apple,Kopfhörer,https://cdn.billiger.com/dynimg/QIwK6IarlIyof0p75-xL_Qt3fgVug3hj6hE8nUhH7Pc88MgR1b3VHcWvS03VxtgwEL3FR9a38uyUDyMcdB4PT9CiYLDWR99sKxOAZDCS_XL/Apple-AirPods-Pro-USB-C-2-Generation.webp?h=630&w=1200,4608351568,AirPods Pro USB-C (2. Generation),kopfhörer
b00614,Apple AirPods Pro 2. Generation mit MagSafe Case (USB-C),computeruniverse.net,216.50,Apple,Kopfhörer,https://cdn.billiger.com/dynimg/QIwK6IarlIyof0p75-xL_Qt3fgVug3hj6hE8nUhH7Pc88MgR1b3VHcWvS03VxtgwEL3FR9a38uyUDyMcdB4PT9CiYLDWR99sKxOAZDCS_XL/Apple-AirPods-Pro-USB-C-2-Generation.webp?h=630&w=1200,4608351568,AirPods Pro USB-C (2. Generation),kopfhörer
b00615,Apple AirPods Pro 2. Generation mit MagSafe Case (USB-C),Cyberport,216.50,Apple,Kopfhörer,https://cdn.billiger.com/dynimg/QIwK6IarlIyof0p75-xL_Qt3fgVug3hj6hE8nUhH7Pc88MgR1b3VHcWvS03VxtgwEL3FR9a38uyUDyMcdB4PT9CiYLDWR99sKxOAZDCS_XL/Apple-AirPods-Pro-USB-C-2-Generation.webp?h=630&w=1200,4608351568,AirPods Pro USB-C (2. Generation),kopfhörer
b00616,AirPods Pro (2. Generation) mit MagSafe Case (USB-C),Expert,229.99,Apple,Kopfhörer,https://cdn.billiger.com/dynimg/QIwK6IarlIyof0p75-xL_Qt3fgVug3hj6hE8nUhH7Pc88MgR1b3VHcWvS03VxtgwEL3FR9a38uyUDyMcdB4PT9CiYLDWR99sKxOAZDCS_XL/Apple-AirPods-Pro-USB-C-2-Generation.webp?h=630&w=1200,4608351568,AirPods Pro USB-C (2. Generation),kopfhörer
b00617,Apple Airpods Pro (2.Generation) inkl MagSafe Case      MTJV3ZM/A - Weiß,Kaufland.de,234.99,Apple,Kopfhörer,https://cdn.billiger.com/dynimg/QIwK6IarlIyof0p75-xL_Qt3fgVug3hj6hE8nUhH7Pc88MgR1b3VHcWvS03VxtgwEL3FR9a38uyUDyMcdB4PT9CiYLDWR99sKxOAZDCS_XL/Apple-AirPods-Pro-USB-C-2-Generation.webp?h=630&w=1200,4608351568,AirPods Pro USB-C (2. Generation),kopfhörer
b00618,"Apple AirPods Pro (2nd Gen.) + MagSafe Charging Case USB-C AirPods Bluetooth® Stereo Weiß Noise Cancelling Headset, Ladecase, Schweißresistent, Wa",voelkner Marktplatz,250.96,Apple,Kopfhörer,https://cdn.billiger.com/dynimg/QIwK6IarlIyof0p75-xL_Qt3fgVug3hj6hE8nUhH7Pc88MgR1b3VHcWvS03VxtgwEL3FR9a38uyUDyMcdB4PT9CiYLDWR99sKxOAZDCS_XL/Apple-AirPods-Pro-USB-C-2-Generation.webp?h=630&w=1200,4608351568,AirPods Pro USB-C (2. Generation),kopfhörer
b00619,Apple AirPods Pro 2 In-ear Kopfhörer Aktive Geräuschunterdrückung Weiß,Viking,273.69,Apple,Kopfhörer,https://cdn.billiger.com/dynimg/QIwK6IarlIyof0p75-xL_Qt3fgVug3hj6hE8nUhH7Pc88MgR1b3VHcWvS03VxtgwEL3FR9a38uyUDyMcdB4PT9CiYLDWR99sKxOAZDCS_XL/Apple-AirPods-Pro-USB-C-2-Generation.webp?h=630&w=1200,4608351568,AirPods Pro USB-C (2. Generation),kopfhörer
b00620,Samsung Galaxy Buds3 Pro SM-R640NZKAXEF Schwarz - True Wireless Earbuds mit ANC und IP57,JACOB,181.52,Samsung,Kopfhörer,https://cdn.billiger.com/dynimg/bYt3Bp6TUSnof0p75-xL_SXA_Zjak5OfqhE8nUhH7Pc88MgR1b3VHcWvS03VxtgwMOOvtiZxPRkCl0sa3C5dmgILSkQg6mjSVemNw4obHPC/Samsung-Galaxy-Buds4-Pro-Schwarz.webp?h=630&w=1200,5566932282,Galaxy Buds4 Pro Schwarz,kopfhörer
b00621,Samsung Galaxy Buds 4 Pro Schwarz,Gomibo.de,186.95,Samsung,Kopfhörer,https://cdn.billiger.com/dynimg/bYt3Bp6TUSnof0p75-xL_SXA_Zjak5OfqhE8nUhH7Pc88MgR1b3VHcWvS03VxtgwMOOvtiZxPRkCl0sa3C5dmgILSkQg6mjSVemNw4obHPC/Samsung-Galaxy-Buds4-Pro-Schwarz.webp?h=630&w=1200,5566932282,Galaxy Buds4 Pro Schwarz,kopfhörer
b00622,Samsung R640 Galaxy Buds4 Pro schwarz,Electronis.de,187.78,Samsung,Kopfhörer,https://cdn.billiger.com/dynimg/bYt3Bp6TUSnof0p75-xL_SXA_Zjak5OfqhE8nUhH7Pc88MgR1b3VHcWvS03VxtgwMOOvtiZxPRkCl0sa3C5dmgILSkQg6mjSVemNw4obHPC/Samsung-Galaxy-Buds4-Pro-Schwarz.webp?h=630&w=1200,5566932282,Galaxy Buds4 Pro Schwarz,kopfhörer
b00623,Samsung Galaxy Buds4 Pro SM-R640 True Wireless Bluetooth InEar Kopfhörer Schwarz,ebay.de,189.90,Samsung,Kopfhörer,https://cdn.billiger.com/dynimg/bYt3Bp6TUSnof0p75-xL_SXA_Zjak5OfqhE8nUhH7Pc88MgR1b3VHcWvS03VxtgwMOOvtiZxPRkCl0sa3C5dmgILSkQg6mjSVemNw4obHPC/Samsung-Galaxy-Buds4-Pro-Schwarz.webp?h=630&w=1200,5566932282,Galaxy Buds4 Pro Schwarz,kopfhörer
b00624,"Galaxy Buds 4 Pro, Kopfhörer - schwarz",Alternate,189.90,Samsung,Kopfhörer,https://cdn.billiger.com/dynimg/bYt3Bp6TUSnof0p75-xL_SXA_Zjak5OfqhE8nUhH7Pc88MgR1b3VHcWvS03VxtgwMOOvtiZxPRkCl0sa3C5dmgILSkQg6mjSVemNw4obHPC/Samsung-Galaxy-Buds4-Pro-Schwarz.webp?h=630&w=1200,5566932282,Galaxy Buds4 Pro Schwarz,kopfhörer
b00625,"Samsung Galaxy Buds4 Pro, black - Schwarz",Kaufland.de,200.78,Samsung,Kopfhörer,https://cdn.billiger.com/dynimg/bYt3Bp6TUSnof0p75-xL_SXA_Zjak5OfqhE8nUhH7Pc88MgR1b3VHcWvS03VxtgwMOOvtiZxPRkCl0sa3C5dmgILSkQg6mjSVemNw4obHPC/Samsung-Galaxy-Buds4-Pro-Schwarz.webp?h=630&w=1200,5566932282,Galaxy Buds4 Pro Schwarz,kopfhörer
b00626,Samsung Galaxy SM-R640 Kopfhörer True Wireless Stereo (TWS) im Ohr Anrufe/Musik Bluetooth Schwarz,JB-Computer,206.91,Samsung,Kopfhörer,https://cdn.billiger.com/dynimg/bYt3Bp6TUSnof0p75-xL_SXA_Zjak5OfqhE8nUhH7Pc88MgR1b3VHcWvS03VxtgwMOOvtiZxPRkCl0sa3C5dmgILSkQg6mjSVemNw4obHPC/Samsung-Galaxy-Buds4-Pro-Schwarz.webp?h=630&w=1200,5566932282,Galaxy Buds4 Pro Schwarz,kopfhörer
b00627,"Samsung Galaxy Buds4 Pro (ANC, 6 h, Kabellos), Kopfhörer, Schwarz",Galaxus.de,209.00,Samsung,Kopfhörer,https://cdn.billiger.com/dynimg/bYt3Bp6TUSnof0p75-xL_SXA_Zjak5OfqhE8nUhH7Pc88MgR1b3VHcWvS03VxtgwMOOvtiZxPRkCl0sa3C5dmgILSkQg6mjSVemNw4obHPC/Samsung-Galaxy-Buds4-Pro-Schwarz.webp?h=630&w=1200,5566932282,Galaxy Buds4 Pro Schwarz,kopfhörer
b00628,"SAMSUNG Galaxy Buds4 Pro, schwarz",e-tec,209.40,Samsung,Kopfhörer,https://cdn.billiger.com/dynimg/bYt3Bp6TUSnof0p75-xL_SXA_Zjak5OfqhE8nUhH7Pc88MgR1b3VHcWvS03VxtgwMOOvtiZxPRkCl0sa3C5dmgILSkQg6mjSVemNw4obHPC/Samsung-Galaxy-Buds4-Pro-Schwarz.webp?h=630&w=1200,5566932282,Galaxy Buds4 Pro Schwarz,kopfhörer
b00629,"Samsung Galaxy Buds4 Pro SM-R640, Black",Amazon Marketplace CE,210.99,Samsung,Kopfhörer,https://cdn.billiger.com/dynimg/bYt3Bp6TUSnof0p75-xL_SXA_Zjak5OfqhE8nUhH7Pc88MgR1b3VHcWvS03VxtgwMOOvtiZxPRkCl0sa3C5dmgILSkQg6mjSVemNw4obHPC/Samsung-Galaxy-Buds4-Pro-Schwarz.webp?h=630&w=1200,5566932282,Galaxy Buds4 Pro Schwarz,kopfhörer
b00630,Samsung Galaxy Buds 4 Pro white,ebay.de,182.99,Samsung,Kopfhörer,https://cdn.billiger.com/dynimg/sETNnso4Lw-of0p75-xL_R8aVWSOcMCxqhE8nUhH7Pc88MgR1b3VHcWvS03VxtgwNuHbYq-sTX8MNn673RwKisEs0BrjoxqbxDue1idAPps/Samsung-Galaxy-Buds4-Pro-Weiss.webp?h=630&w=1200,5566932337,Galaxy Buds4 Pro Weiß,kopfhörer
b00631,Samsung Galaxy Buds4 Pro SM-R640NZWAEUE weiß True Wireless In-Ear-Kopfhörer ANC IP57 Hi-Res Audio,JACOB,187.64,Samsung,Kopfhörer,https://cdn.billiger.com/dynimg/sETNnso4Lw-of0p75-xL_R8aVWSOcMCxqhE8nUhH7Pc88MgR1b3VHcWvS03VxtgwNuHbYq-sTX8MNn673RwKisEs0BrjoxqbxDue1idAPps/Samsung-Galaxy-Buds4-Pro-Weiss.webp?h=630&w=1200,5566932337,Galaxy Buds4 Pro Weiß,kopfhörer
b00632,Samsung R640 Galaxy Buds4 Pro weiß,Electronis.de,191.69,Samsung,Kopfhörer,https://cdn.billiger.com/dynimg/sETNnso4Lw-of0p75-xL_R8aVWSOcMCxqhE8nUhH7Pc88MgR1b3VHcWvS03VxtgwNuHbYq-sTX8MNn673RwKisEs0BrjoxqbxDue1idAPps/Samsung-Galaxy-Buds4-Pro-Weiss.webp?h=630&w=1200,5566932337,Galaxy Buds4 Pro Weiß,kopfhörer
b00633,Samsung Galaxy Buds 4 Pro Weiß,Gomibo.de,191.95,Samsung,Kopfhörer,https://cdn.billiger.com/dynimg/sETNnso4Lw-of0p75-xL_R8aVWSOcMCxqhE8nUhH7Pc88MgR1b3VHcWvS03VxtgwNuHbYq-sTX8MNn673RwKisEs0BrjoxqbxDue1idAPps/Samsung-Galaxy-Buds4-Pro-Weiss.webp?h=630&w=1200,5566932337,Galaxy Buds4 Pro Weiß,kopfhörer
b00634,"Samsung Galaxy Buds4 Pro SM-R640, weiß - Weiß",Kaufland.de,195.57,Samsung,Kopfhörer,https://cdn.billiger.com/dynimg/sETNnso4Lw-of0p75-xL_R8aVWSOcMCxqhE8nUhH7Pc88MgR1b3VHcWvS03VxtgwNuHbYq-sTX8MNn673RwKisEs0BrjoxqbxDue1idAPps/Samsung-Galaxy-Buds4-Pro-Weiss.webp?h=630&w=1200,5566932337,Galaxy Buds4 Pro Weiß,kopfhörer
b00635,Samsung Galaxy Buds 4 Pro Kabellose Kopfhörer - White - One Size,Dressinn DE,200.49,Samsung,Kopfhörer,https://cdn.billiger.com/dynimg/sETNnso4Lw-of0p75-xL_R8aVWSOcMCxqhE8nUhH7Pc88MgR1b3VHcWvS03VxtgwNuHbYq-sTX8MNn673RwKisEs0BrjoxqbxDue1idAPps/Samsung-Galaxy-Buds4-Pro-Weiss.webp?h=630&w=1200,5566932337,Galaxy Buds4 Pro Weiß,kopfhörer
b00636,Samsung Galaxy Buds4 Pro Kopfhörer True Wireless Stereo (TWS) im Ohr Anrufe/Musik USB Typ-C Bluetooth Weiß,JB-Computer,211.99,Samsung,Kopfhörer,https://cdn.billiger.com/dynimg/sETNnso4Lw-of0p75-xL_R8aVWSOcMCxqhE8nUhH7Pc88MgR1b3VHcWvS03VxtgwNuHbYq-sTX8MNn673RwKisEs0BrjoxqbxDue1idAPps/Samsung-Galaxy-Buds4-Pro-Weiss.webp?h=630&w=1200,5566932337,Galaxy Buds4 Pro Weiß,kopfhörer
b00637,"Samsung Galaxy Buds4 Pro (ANC, 6 h, Kabellos), Kopfhörer, Weiss",Galaxus.de,214.89,Samsung,Kopfhörer,https://cdn.billiger.com/dynimg/sETNnso4Lw-of0p75-xL_R8aVWSOcMCxqhE8nUhH7Pc88MgR1b3VHcWvS03VxtgwNuHbYq-sTX8MNn673RwKisEs0BrjoxqbxDue1idAPps/Samsung-Galaxy-Buds4-Pro-Weiss.webp?h=630&w=1200,5566932337,Galaxy Buds4 Pro Weiß,kopfhörer
b00638,"SAMSUNG Galaxy Buds4 Pro, weiß",e-tec,215.95,Samsung,Kopfhörer,https://cdn.billiger.com/dynimg/sETNnso4Lw-of0p75-xL_R8aVWSOcMCxqhE8nUhH7Pc88MgR1b3VHcWvS03VxtgwNuHbYq-sTX8MNn673RwKisEs0BrjoxqbxDue1idAPps/Samsung-Galaxy-Buds4-Pro-Weiss.webp?h=630&w=1200,5566932337,Galaxy Buds4 Pro Weiß,kopfhörer
b00639,Galaxy Buds4 Pro - White,Proshop.de,219.00,Samsung,Kopfhörer,https://cdn.billiger.com/dynimg/sETNnso4Lw-of0p75-xL_R8aVWSOcMCxqhE8nUhH7Pc88MgR1b3VHcWvS03VxtgwNuHbYq-sTX8MNn673RwKisEs0BrjoxqbxDue1idAPps/Samsung-Galaxy-Buds4-Pro-Weiss.webp?h=630&w=1200,5566932337,Galaxy Buds4 Pro Weiß,kopfhörer
b00640,"Apple AirPods Max Kabellose Kopfhörer, aktive Geräuschunterdrückung auf Pro Level, Transparenzmodus, personalisiertes 3D Audio, USB-C Ladecase, Blau",amazon.de,399.00,Apple,Kopfhörer,https://cdn.billiger.com/dynimg/bXm77aI4x9lof0p75-xL_Tx-p1b0F3sMKhE8nUhH7Pc88MgR1b3VHcWvS03VxtgwDMKf-dGLfYgNJR6H8-o9KeGbTGqnS_Gl3je137hvfMN/Apple-AirPods-Max-USB-C-blue.webp?h=630&w=1200,5047810265,AirPods Max USB-C blue,kopfhörer
b00641,"Apple AirPods Max Kabellose Kopfhörer, aktive Geräuschunterdrückung auf Pro Level, Transparenzmodus, personalisiertes 3D Audio, USB-C Ladecase, Blau",Amazon Marketplace CE,399.00,Apple,Kopfhörer,https://cdn.billiger.com/dynimg/bXm77aI4x9lof0p75-xL_Tx-p1b0F3sMKhE8nUhH7Pc88MgR1b3VHcWvS03VxtgwDMKf-dGLfYgNJR6H8-o9KeGbTGqnS_Gl3je137hvfMN/Apple-AirPods-Max-USB-C-blue.webp?h=630&w=1200,5047810265,AirPods Max USB-C blue,kopfhörer
b00642,"Apple AirPods Max kabellose Kopfhörer, Pro-Level Aktiver Geräuschunterdrückung, Transparenzmodus, personalisiertes 3D Audio, USB-C-Ladecase – Blau",Joybuy,399.00,Apple,Kopfhörer,https://cdn.billiger.com/dynimg/bXm77aI4x9lof0p75-xL_Tx-p1b0F3sMKhE8nUhH7Pc88MgR1b3VHcWvS03VxtgwDMKf-dGLfYgNJR6H8-o9KeGbTGqnS_Gl3je137hvfMN/Apple-AirPods-Max-USB-C-blue.webp?h=630&w=1200,5047810265,AirPods Max USB-C blue,kopfhörer
b00643,"Apple AirPods Max 2024 (ANC, 20 h, Kabellos), Kopfhörer, Blau",Galaxus.de,406.04,Apple,Kopfhörer,https://cdn.billiger.com/dynimg/bXm77aI4x9lof0p75-xL_Tx-p1b0F3sMKhE8nUhH7Pc88MgR1b3VHcWvS03VxtgwDMKf-dGLfYgNJR6H8-o9KeGbTGqnS_Gl3je137hvfMN/Apple-AirPods-Max-USB-C-blue.webp?h=630&w=1200,5047810265,AirPods Max USB-C blue,kopfhörer
b00644,Apple Air Pods Max Drahtloser Kopfhörer -  Blau - 2024,ebay.de,410.55,Apple,Kopfhörer,https://cdn.billiger.com/dynimg/bXm77aI4x9lof0p75-xL_Tx-p1b0F3sMKhE8nUhH7Pc88MgR1b3VHcWvS03VxtgwDMKf-dGLfYgNJR6H8-o9KeGbTGqnS_Gl3je137hvfMN/Apple-AirPods-Max-USB-C-blue.webp?h=630&w=1200,5047810265,AirPods Max USB-C blue,kopfhörer
b00645,Apple AirPods Max - Blue (MWW63ZM/A),JACOB,438.59,Apple,Kopfhörer,https://cdn.billiger.com/dynimg/bXm77aI4x9lof0p75-xL_Tx-p1b0F3sMKhE8nUhH7Pc88MgR1b3VHcWvS03VxtgwDMKf-dGLfYgNJR6H8-o9KeGbTGqnS_Gl3je137hvfMN/Apple-AirPods-Max-USB-C-blue.webp?h=630&w=1200,5047810265,AirPods Max USB-C blue,kopfhörer
b00646,Apple AirPods Max - Blau MWW63ZM/A Kopfhörer,notebooksbilliger,439.00,Apple,Kopfhörer,https://cdn.billiger.com/dynimg/bXm77aI4x9lof0p75-xL_Tx-p1b0F3sMKhE8nUhH7Pc88MgR1b3VHcWvS03VxtgwDMKf-dGLfYgNJR6H8-o9KeGbTGqnS_Gl3je137hvfMN/Apple-AirPods-Max-USB-C-blue.webp?h=630&w=1200,5047810265,AirPods Max USB-C blue,kopfhörer
b00647,Apple AirPods Max Blau,coolblue,449.00,Apple,Kopfhörer,https://cdn.billiger.com/dynimg/bXm77aI4x9lof0p75-xL_Tx-p1b0F3sMKhE8nUhH7Pc88MgR1b3VHcWvS03VxtgwDMKf-dGLfYgNJR6H8-o9KeGbTGqnS_Gl3je137hvfMN/Apple-AirPods-Max-USB-C-blue.webp?h=630&w=1200,5047810265,AirPods Max USB-C blue,kopfhörer
b00648,Apple AirPods Max USB-C Blau,Gomibo.de,464.95,Apple,Kopfhörer,https://cdn.billiger.com/dynimg/bXm77aI4x9lof0p75-xL_Tx-p1b0F3sMKhE8nUhH7Pc88MgR1b3VHcWvS03VxtgwDMKf-dGLfYgNJR6H8-o9KeGbTGqnS_Gl3je137hvfMN/Apple-AirPods-Max-USB-C-blue.webp?h=630&w=1200,5047810265,AirPods Max USB-C blue,kopfhörer
b00649,Apple AirPods Max - Kopfhörer mit Mikrofon - Blau,Kaufland.de,479.00,Apple,Kopfhörer,https://cdn.billiger.com/dynimg/bXm77aI4x9lof0p75-xL_Tx-p1b0F3sMKhE8nUhH7Pc88MgR1b3VHcWvS03VxtgwDMKf-dGLfYgNJR6H8-o9KeGbTGqnS_Gl3je137hvfMN/Apple-AirPods-Max-USB-C-blue.webp?h=630&w=1200,5047810265,AirPods Max USB-C blue,kopfhörer
b00650,AirPods Max - USB C - Schwarz - NEU & OVP - A3184 - BLITZVERSAND✅,ebay.de,412.99,Apple,Kopfhörer,https://cdn.billiger.com/dynimg/BP_WsaXxXIOof0p75-xL_SYURksrwbDPKhE8nUhH7Pc88MgR1b3VHcWvS03VxtgwA-jRA2MsvS0bJWZF2b2ZKIdW4K3VzrnjZnsHv-Gu-Ab/Apple-AirPods-Max-USB-C-midnight.webp?h=630&w=1200,5047791840,AirPods Max USB-C midnight,kopfhörer
b00651,"Apple AirPods Max Kabellose Kopfhörer, aktive Geräuschunterdrückung auf Pro Level, Transparenzmodus, personalisiertes 3D Audio, USB-C Ladecase, Mitternacht",amazon.de,419.00,Apple,Kopfhörer,https://cdn.billiger.com/dynimg/BP_WsaXxXIOof0p75-xL_SYURksrwbDPKhE8nUhH7Pc88MgR1b3VHcWvS03VxtgwA-jRA2MsvS0bJWZF2b2ZKIdW4K3VzrnjZnsHv-Gu-Ab/Apple-AirPods-Max-USB-C-midnight.webp?h=630&w=1200,5047791840,AirPods Max USB-C midnight,kopfhörer
b00652,"Apple AirPods Max Kabellose Kopfhörer, aktive Geräuschunterdrückung auf Pro Level, Transparenzmodus, personalisiertes 3D Audio, USB-C Ladecase, Mitternacht",Amazon Marketplace CE,419.00,Apple,Kopfhörer,https://cdn.billiger.com/dynimg/BP_WsaXxXIOof0p75-xL_SYURksrwbDPKhE8nUhH7Pc88MgR1b3VHcWvS03VxtgwA-jRA2MsvS0bJWZF2b2ZKIdW4K3VzrnjZnsHv-Gu-Ab/Apple-AirPods-Max-USB-C-midnight.webp?h=630&w=1200,5047791840,AirPods Max USB-C midnight,kopfhörer
b00653,"Apple AirPods Max kabellose Kopfhörer, Pro-Level Aktiver Geräuschunterdrückung, Transparenzmodus, personalisiertes 3D Audio, USB-C-Ladecase – Mitternacht",Joybuy,419.00,Apple,Kopfhörer,https://cdn.billiger.com/dynimg/BP_WsaXxXIOof0p75-xL_SYURksrwbDPKhE8nUhH7Pc88MgR1b3VHcWvS03VxtgwA-jRA2MsvS0bJWZF2b2ZKIdW4K3VzrnjZnsHv-Gu-Ab/Apple-AirPods-Max-USB-C-midnight.webp?h=630&w=1200,5047791840,AirPods Max USB-C midnight,kopfhörer
b00654,Apple AirPods Max USB-C Schwarz,Gomibo.de,422.95,Apple,Kopfhörer,https://cdn.billiger.com/dynimg/BP_WsaXxXIOof0p75-xL_SYURksrwbDPKhE8nUhH7Pc88MgR1b3VHcWvS03VxtgwA-jRA2MsvS0bJWZF2b2ZKIdW4K3VzrnjZnsHv-Gu-Ab/Apple-AirPods-Max-USB-C-midnight.webp?h=630&w=1200,5047791840,AirPods Max USB-C midnight,kopfhörer
b00655,"Apple AirPods Max – Mitternacht, Kabellos, Anrufe/Musik, 386,2 g, Kopfhörer, Schwarz - Schwarz",Kaufland.de,429.00,Apple,Kopfhörer,https://cdn.billiger.com/dynimg/BP_WsaXxXIOof0p75-xL_SYURksrwbDPKhE8nUhH7Pc88MgR1b3VHcWvS03VxtgwA-jRA2MsvS0bJWZF2b2ZKIdW4K3VzrnjZnsHv-Gu-Ab/Apple-AirPods-Max-USB-C-midnight.webp?h=630&w=1200,5047791840,AirPods Max USB-C midnight,kopfhörer
b00656,Apple AirPods Max Mitternacht,computeruniverse.net,439.00,Apple,Kopfhörer,https://cdn.billiger.com/dynimg/BP_WsaXxXIOof0p75-xL_SYURksrwbDPKhE8nUhH7Pc88MgR1b3VHcWvS03VxtgwA-jRA2MsvS0bJWZF2b2ZKIdW4K3VzrnjZnsHv-Gu-Ab/Apple-AirPods-Max-USB-C-midnight.webp?h=630&w=1200,5047791840,AirPods Max USB-C midnight,kopfhörer
b00657,Apple AirPods Max Mitternacht,Cyberport,439.00,Apple,Kopfhörer,https://cdn.billiger.com/dynimg/BP_WsaXxXIOof0p75-xL_SYURksrwbDPKhE8nUhH7Pc88MgR1b3VHcWvS03VxtgwA-jRA2MsvS0bJWZF2b2ZKIdW4K3VzrnjZnsHv-Gu-Ab/Apple-AirPods-Max-USB-C-midnight.webp?h=630&w=1200,5047791840,AirPods Max USB-C midnight,kopfhörer
b00658,Apple AirPods Max - Mitternacht MWW43ZM/A Kopfhörer,notebooksbilliger,443.00,Apple,Kopfhörer,https://cdn.billiger.com/dynimg/BP_WsaXxXIOof0p75-xL_SYURksrwbDPKhE8nUhH7Pc88MgR1b3VHcWvS03VxtgwA-jRA2MsvS0bJWZF2b2ZKIdW4K3VzrnjZnsHv-Gu-Ab/Apple-AirPods-Max-USB-C-midnight.webp?h=630&w=1200,5047791840,AirPods Max USB-C midnight,kopfhörer
b00659,Apple AirPods Max - Midnight (MWW43ZM/A),JACOB,449.61,Apple,Kopfhörer,https://cdn.billiger.com/dynimg/BP_WsaXxXIOof0p75-xL_SYURksrwbDPKhE8nUhH7Pc88MgR1b3VHcWvS03VxtgwA-jRA2MsvS0bJWZF2b2ZKIdW4K3VzrnjZnsHv-Gu-Ab/Apple-AirPods-Max-USB-C-midnight.webp?h=630&w=1200,5047791840,AirPods Max USB-C midnight,kopfhörer
b00660,"Apple AirPods Max Kabellose Kopfhörer, aktive Geräuschunterdrückung auf Pro Level, Transparenzmodus, personalisiertes 3D Audio, USB-C Ladecase, Violett",amazon.de,419.00,Apple,Kopfhörer,https://cdn.billiger.com/dynimg/6wizOz95ORbof0p75-xL_QP4MGpvT96XahE8nUhH7Pc88MgR1b3VHcWvS03VxtgwAXu9LhGp5FZimLaiCNN4FleG2taSL6InOfg_oN3rPxk/Apple-AirPods-Max-USB-C-purple.webp?h=630&w=1200,5047787005,AirPods Max USB-C purple,kopfhörer
b00661,"Apple AirPods Max Kabellose Kopfhörer, aktive Geräuschunterdrückung auf Pro Level, Transparenzmodus, personalisiertes 3D Audio, USB-C Ladecase, Violett",Amazon Marketplace CE,419.00,Apple,Kopfhörer,https://cdn.billiger.com/dynimg/6wizOz95ORbof0p75-xL_QP4MGpvT96XahE8nUhH7Pc88MgR1b3VHcWvS03VxtgwAXu9LhGp5FZimLaiCNN4FleG2taSL6InOfg_oN3rPxk/Apple-AirPods-Max-USB-C-purple.webp?h=630&w=1200,5047787005,AirPods Max USB-C purple,kopfhörer
b00662,Apple AirPods Max - Violett MWW83ZM/A Kopfhörer,notebooksbilliger,439.00,Apple,Kopfhörer,https://cdn.billiger.com/dynimg/6wizOz95ORbof0p75-xL_QP4MGpvT96XahE8nUhH7Pc88MgR1b3VHcWvS03VxtgwAXu9LhGp5FZimLaiCNN4FleG2taSL6InOfg_oN3rPxk/Apple-AirPods-Max-USB-C-purple.webp?h=630&w=1200,5047787005,AirPods Max USB-C purple,kopfhörer
b00663,"Apple Kopfhörer AirPods Max, violett, Over-Ear, mit Mikrofon, Bluetooth",bueromarkt-ag.de,442.94,Apple,Kopfhörer,https://cdn.billiger.com/dynimg/6wizOz95ORbof0p75-xL_QP4MGpvT96XahE8nUhH7Pc88MgR1b3VHcWvS03VxtgwAXu9LhGp5FZimLaiCNN4FleG2taSL6InOfg_oN3rPxk/Apple-AirPods-Max-USB-C-purple.webp?h=630&w=1200,5047787005,AirPods Max USB-C purple,kopfhörer
b00664,Apple AirPods Max USB-C Lila,Gomibo.de,442.95,Apple,Kopfhörer,https://cdn.billiger.com/dynimg/6wizOz95ORbof0p75-xL_QP4MGpvT96XahE8nUhH7Pc88MgR1b3VHcWvS03VxtgwAXu9LhGp5FZimLaiCNN4FleG2taSL6InOfg_oN3rPxk/Apple-AirPods-Max-USB-C-purple.webp?h=630&w=1200,5047787005,AirPods Max USB-C purple,kopfhörer
b00665,Apple AirPods Max Violett,coolblue,449.00,Apple,Kopfhörer,https://cdn.billiger.com/dynimg/6wizOz95ORbof0p75-xL_QP4MGpvT96XahE8nUhH7Pc88MgR1b3VHcWvS03VxtgwAXu9LhGp5FZimLaiCNN4FleG2taSL6InOfg_oN3rPxk/Apple-AirPods-Max-USB-C-purple.webp?h=630&w=1200,5047787005,AirPods Max USB-C purple,kopfhörer
b00666,Apple AirPods Max Bluetooth-Kopfhörer violett Headset Over-Ear Kopfbügel ANC NEU,ebay.de,459.90,Apple,Kopfhörer,https://cdn.billiger.com/dynimg/6wizOz95ORbof0p75-xL_QP4MGpvT96XahE8nUhH7Pc88MgR1b3VHcWvS03VxtgwAXu9LhGp5FZimLaiCNN4FleG2taSL6InOfg_oN3rPxk/Apple-AirPods-Max-USB-C-purple.webp?h=630&w=1200,5047787005,AirPods Max USB-C purple,kopfhörer
b00667,"Apple AirPods Max 2024 (ANC, 20 h, Kabellos), Kopfhörer, Violett",Galaxus.de,476.34,Apple,Kopfhörer,https://cdn.billiger.com/dynimg/6wizOz95ORbof0p75-xL_QP4MGpvT96XahE8nUhH7Pc88MgR1b3VHcWvS03VxtgwAXu9LhGp5FZimLaiCNN4FleG2taSL6InOfg_oN3rPxk/Apple-AirPods-Max-USB-C-purple.webp?h=630&w=1200,5047787005,AirPods Max USB-C purple,kopfhörer
b00668,Apple AirPods Max - Purple (MWW83ZM/A),JACOB,490.18,Apple,Kopfhörer,https://cdn.billiger.com/dynimg/6wizOz95ORbof0p75-xL_QP4MGpvT96XahE8nUhH7Pc88MgR1b3VHcWvS03VxtgwAXu9LhGp5FZimLaiCNN4FleG2taSL6InOfg_oN3rPxk/Apple-AirPods-Max-USB-C-purple.webp?h=630&w=1200,5047787005,AirPods Max USB-C purple,kopfhörer
b00669,Apple AirPods Max - Kopfhörer mit Mikrofon - Violett,Kaufland.de,497.90,Apple,Kopfhörer,https://cdn.billiger.com/dynimg/6wizOz95ORbof0p75-xL_QP4MGpvT96XahE8nUhH7Pc88MgR1b3VHcWvS03VxtgwAXu9LhGp5FZimLaiCNN4FleG2taSL6InOfg_oN3rPxk/Apple-AirPods-Max-USB-C-purple.webp?h=630&w=1200,5047787005,AirPods Max USB-C purple,kopfhörer
b00670,Sony WH-1000XM5 Black Bluetooth NC Kopfhörer Over-Ear mit Softtasche NEU,ebay.de,178.59,Sony,Kopfhörer,https://cdn.billiger.com/dynimg/DcPNBw9GrDBof0p75-xL_QAIwM8-fhwTahE8nUhH7Pc88MgR1b3VHcWvS03VxtgwOdr6SaJzzS1ctNTKQxdyLMmO4qhYr9Bum_iO16N0PJ1/Sony-WH-1000XM5-Schwarz-inkl-Softcase.webp?h=630&w=1200,5296558979,WH-1000XM5 Schwarz inkl. Softcase,kopfhörer
b00671,"WH-1000XM5 SA inkl. Leichter Schutzhülle, Kabelloser Premium-Kopfhörer mit Noise Cancelling, Bluetooth, kristallklare Anrufqualität, Hi-Res-Audio, bis zu 30 Std Akkulaufzeit, iOS & Android - Schwarz",amazon.de,179.00,Sony,Kopfhörer,https://cdn.billiger.com/dynimg/DcPNBw9GrDBof0p75-xL_QAIwM8-fhwTahE8nUhH7Pc88MgR1b3VHcWvS03VxtgwOdr6SaJzzS1ctNTKQxdyLMmO4qhYr9Bum_iO16N0PJ1/Sony-WH-1000XM5-Schwarz-inkl-Softcase.webp?h=630&w=1200,5296558979,WH-1000XM5 Schwarz inkl. Softcase,kopfhörer
b00672,"Sony WH1000XM5 Over-Ear-Kopfhörer (Freisprechfunktion, Hi-Res, Multi-Point-Verbindung, Noise-Cancelling, Rauschunterdrückung, Sprachsteuerung, Alexa, Google Assistant, A2DP Bluetooth, Bluetooth, HFP, HSP, AVRCP Bluetooth, inkl. Leichter Schutzhülle (Soft-Case) schwarz",OTTO,179.00,Sony,Kopfhörer,https://cdn.billiger.com/dynimg/DcPNBw9GrDBof0p75-xL_QAIwM8-fhwTahE8nUhH7Pc88MgR1b3VHcWvS03VxtgwOdr6SaJzzS1ctNTKQxdyLMmO4qhYr9Bum_iO16N0PJ1/Sony-WH-1000XM5-Schwarz-inkl-Softcase.webp?h=630&w=1200,5296558979,WH-1000XM5 Schwarz inkl. Softcase,kopfhörer
b00673,WH-1000XM5SA Over Ear Bluetooth Kopfhörer kabelgebunden&kabellos 30 h Laufzeit USB Typ-C  (Schwarz) (Versandkostenfrei),expert TechnoMarkt,179.00,Sony,Kopfhörer,https://cdn.billiger.com/dynimg/DcPNBw9GrDBof0p75-xL_QAIwM8-fhwTahE8nUhH7Pc88MgR1b3VHcWvS03VxtgwOdr6SaJzzS1ctNTKQxdyLMmO4qhYr9Bum_iO16N0PJ1/Sony-WH-1000XM5-Schwarz-inkl-Softcase.webp?h=630&w=1200,5296558979,WH-1000XM5 Schwarz inkl. Softcase,kopfhörer
b00674,"WH-1000XM5 SA inkl. Leichter Schutzhülle, Kabelloser Premium-Kopfhörer mit Noise Cancelling, Bluetooth, kristallklare Anrufqualität, Hi-Res-Audio, bis zu 30 Std Akkulaufzeit, iOS & Android - Schwarz",Amazon Marketplace CE,179.00,Sony,Kopfhörer,https://cdn.billiger.com/dynimg/DcPNBw9GrDBof0p75-xL_QAIwM8-fhwTahE8nUhH7Pc88MgR1b3VHcWvS03VxtgwOdr6SaJzzS1ctNTKQxdyLMmO4qhYr9Bum_iO16N0PJ1/Sony-WH-1000XM5-Schwarz-inkl-Softcase.webp?h=630&w=1200,5296558979,WH-1000XM5 Schwarz inkl. Softcase,kopfhörer
b00675,Sony WH-1000XM5 Kopfhörer Verkabelt & Kabellos Kopfband Anrufe/Musik Bluetooth Schwarz - Schwarz,Kaufland.de,193.90,Sony,Kopfhörer,https://cdn.billiger.com/dynimg/DcPNBw9GrDBof0p75-xL_QAIwM8-fhwTahE8nUhH7Pc88MgR1b3VHcWvS03VxtgwOdr6SaJzzS1ctNTKQxdyLMmO4qhYr9Bum_iO16N0PJ1/Sony-WH-1000XM5-Schwarz-inkl-Softcase.webp?h=630&w=1200,5296558979,WH-1000XM5 Schwarz inkl. Softcase,kopfhörer
b00676,WH-1000XM5 SA Softcase schwarz Premium Noise Cancelling Wireless Over-Ear Kopfhörer,Expert,199.00,Sony,Kopfhörer,https://cdn.billiger.com/dynimg/DcPNBw9GrDBof0p75-xL_QAIwM8-fhwTahE8nUhH7Pc88MgR1b3VHcWvS03VxtgwOdr6SaJzzS1ctNTKQxdyLMmO4qhYr9Bum_iO16N0PJ1/Sony-WH-1000XM5-Schwarz-inkl-Softcase.webp?h=630&w=1200,5296558979,WH-1000XM5 Schwarz inkl. Softcase,kopfhörer
b00677,Sony WH-1000XM5SA Wireless Noise Cancelling Kopfhörer + Schutzhülle schwarz,Electronis.de,203.88,Sony,Kopfhörer,https://cdn.billiger.com/dynimg/DcPNBw9GrDBof0p75-xL_QAIwM8-fhwTahE8nUhH7Pc88MgR1b3VHcWvS03VxtgwOdr6SaJzzS1ctNTKQxdyLMmO4qhYr9Bum_iO16N0PJ1/Sony-WH-1000XM5-Schwarz-inkl-Softcase.webp?h=630&w=1200,5296558979,WH-1000XM5 Schwarz inkl. Softcase,kopfhörer
b00678,Sony WH-1000XM5SA Kopfhörer Verkabelt & Kabellos Kopfband Musik USB Typ-C Bluetooth Schwarz,JB-Computer,210.78,Sony,Kopfhörer,https://cdn.billiger.com/dynimg/DcPNBw9GrDBof0p75-xL_QAIwM8-fhwTahE8nUhH7Pc88MgR1b3VHcWvS03VxtgwOdr6SaJzzS1ctNTKQxdyLMmO4qhYr9Bum_iO16N0PJ1/Sony-WH-1000XM5-Schwarz-inkl-Softcase.webp?h=630&w=1200,5296558979,WH-1000XM5 Schwarz inkl. Softcase,kopfhörer
b00679,Sony Wh-1000xm5sa Kabellose Kopfhörer - Black - One Size,Dressinn DE,225.99,Sony,Kopfhörer,https://cdn.billiger.com/dynimg/DcPNBw9GrDBof0p75-xL_QAIwM8-fhwTahE8nUhH7Pc88MgR1b3VHcWvS03VxtgwOdr6SaJzzS1ctNTKQxdyLMmO4qhYr9Bum_iO16N0PJ1/Sony-WH-1000XM5-Schwarz-inkl-Softcase.webp?h=630&w=1200,5296558979,WH-1000XM5 Schwarz inkl. Softcase,kopfhörer
b00680,"Apple AirPods Max 2 kabellose Over-Ear Kopfhörer, Aktive Geräuschunterdrückung, Adaptives Audio, Personalisiertes 3D Audio, Live Übersetzung – Orange ​​​​​​​",amazon.de,518.00,Apple,Kopfhörer,https://cdn.billiger.com/dynimg/3Tdiv71vPo2of0p75-xL_SPeEfycMcB7KhE8nUhH7Pc88MgR1b3VHcWvS03VxtgwLUeGJoIFoE-81J7r3OCf87ScemIAp1GZFZCnFY5Ni2U/Apple-AirPods-Max-2-Orange.webp?h=630&w=1200,5604690897,AirPods Max 2 Orange,kopfhörer
b00681,"Apple AirPods Max 2 (ANC, 20 h, Kabellos), Kopfhörer, Orange",Galaxus.de,518.00,Apple,Kopfhörer,https://cdn.billiger.com/dynimg/3Tdiv71vPo2of0p75-xL_SPeEfycMcB7KhE8nUhH7Pc88MgR1b3VHcWvS03VxtgwLUeGJoIFoE-81J7r3OCf87ScemIAp1GZFZCnFY5Ni2U/Apple-AirPods-Max-2-Orange.webp?h=630&w=1200,5604690897,AirPods Max 2 Orange,kopfhörer
b00682,"Apple AirPods Max 2 kabellose Over-Ear Kopfhörer, Aktive Geräuschunterdrückung, Adaptives Audio, Personalisiertes 3D Audio, Live Übersetzung – Orange ​​​​​​​",Amazon Marketplace CE,518.00,Apple,Kopfhörer,https://cdn.billiger.com/dynimg/3Tdiv71vPo2of0p75-xL_SPeEfycMcB7KhE8nUhH7Pc88MgR1b3VHcWvS03VxtgwLUeGJoIFoE-81J7r3OCf87ScemIAp1GZFZCnFY5Ni2U/Apple-AirPods-Max-2-Orange.webp?h=630&w=1200,5604690897,AirPods Max 2 Orange,kopfhörer
b00683,Apple AirPods Max 2 Orange,computeruniverse.net,518.00,Apple,Kopfhörer,https://cdn.billiger.com/dynimg/3Tdiv71vPo2of0p75-xL_SPeEfycMcB7KhE8nUhH7Pc88MgR1b3VHcWvS03VxtgwLUeGJoIFoE-81J7r3OCf87ScemIAp1GZFZCnFY5Ni2U/Apple-AirPods-Max-2-Orange.webp?h=630&w=1200,5604690897,AirPods Max 2 Orange,kopfhörer
b00684,Apple AirPods Max 2 Orange,Cyberport,518.00,Apple,Kopfhörer,https://cdn.billiger.com/dynimg/3Tdiv71vPo2of0p75-xL_SPeEfycMcB7KhE8nUhH7Pc88MgR1b3VHcWvS03VxtgwLUeGJoIFoE-81J7r3OCf87ScemIAp1GZFZCnFY5Ni2U/Apple-AirPods-Max-2-Orange.webp?h=630&w=1200,5604690897,AirPods Max 2 Orange,kopfhörer
b00685,Apple AirPods Max 2 - Orange MHWN4ZM/A Kopfhörer,notebooksbilliger,518.00,Apple,Kopfhörer,https://cdn.billiger.com/dynimg/3Tdiv71vPo2of0p75-xL_SPeEfycMcB7KhE8nUhH7Pc88MgR1b3VHcWvS03VxtgwLUeGJoIFoE-81J7r3OCf87ScemIAp1GZFZCnFY5Ni2U/Apple-AirPods-Max-2-Orange.webp?h=630&w=1200,5604690897,AirPods Max 2 Orange,kopfhörer
b00686,Apple AirPods Max 2 Orange,Gomibo.de,528.95,Apple,Kopfhörer,https://cdn.billiger.com/dynimg/3Tdiv71vPo2of0p75-xL_SPeEfycMcB7KhE8nUhH7Pc88MgR1b3VHcWvS03VxtgwLUeGJoIFoE-81J7r3OCf87ScemIAp1GZFZCnFY5Ni2U/Apple-AirPods-Max-2-Orange.webp?h=630&w=1200,5604690897,AirPods Max 2 Orange,kopfhörer
b00687,"APPLE AirPods Max 2, Over-ear Kopfhörer Bluetooth Orange",Media Markt Online Shop,535.00,Apple,Kopfhörer,https://cdn.billiger.com/dynimg/3Tdiv71vPo2of0p75-xL_SPeEfycMcB7KhE8nUhH7Pc88MgR1b3VHcWvS03VxtgwLUeGJoIFoE-81J7r3OCf87ScemIAp1GZFZCnFY5Ni2U/Apple-AirPods-Max-2-Orange.webp?h=630&w=1200,5604690897,AirPods Max 2 Orange,kopfhörer
b00688,"APPLE AirPods Max 2, Over-ear Kopfhörer Bluetooth Orange",Saturn Online Shop,535.00,Apple,Kopfhörer,https://cdn.billiger.com/dynimg/3Tdiv71vPo2of0p75-xL_SPeEfycMcB7KhE8nUhH7Pc88MgR1b3VHcWvS03VxtgwLUeGJoIFoE-81J7r3OCf87ScemIAp1GZFZCnFY5Ni2U/Apple-AirPods-Max-2-Orange.webp?h=630&w=1200,5604690897,AirPods Max 2 Orange,kopfhörer
b00689,"APPLE AirPods Max 2, Over-ear Kopfhörer Bluetooth Orange",ebay.de,535.00,Apple,Kopfhörer,https://cdn.billiger.com/dynimg/3Tdiv71vPo2of0p75-xL_SPeEfycMcB7KhE8nUhH7Pc88MgR1b3VHcWvS03VxtgwLUeGJoIFoE-81J7r3OCf87ScemIAp1GZFZCnFY5Ni2U/Apple-AirPods-Max-2-Orange.webp?h=630&w=1200,5604690897,AirPods Max 2 Orange,kopfhörer
b00690,"Apple AirPods Max 2 kabellose Over-Ear Kopfhörer, Aktive Geräuschunterdrückung, Adaptives Audio, Personalisiertes 3D Audio, Live Übersetzung – Mitternacht ​​​​​​​",amazon.de,518.00,Apple,Kopfhörer,https://cdn.billiger.com/dynimg/NyZAizB77EUof0p75-xL_SDr5Y8YAoXeKhE8nUhH7Pc88MgR1b3VHcWvS03VxtgwA0LwrnEDNsO5F7HgXD1PFDMQ7TcmPtWo0w1FoaN5Yfe/Apple-AirPods-Max-2-Mitternacht.webp?h=630&w=1200,5604694296,AirPods Max 2 Mitternacht,kopfhörer
b00691,"Apple AirPods Max 2 (ANC, 20 h, Kabellos), Kopfhörer, Blau",Galaxus.de,518.00,Apple,Kopfhörer,https://cdn.billiger.com/dynimg/NyZAizB77EUof0p75-xL_SDr5Y8YAoXeKhE8nUhH7Pc88MgR1b3VHcWvS03VxtgwA0LwrnEDNsO5F7HgXD1PFDMQ7TcmPtWo0w1FoaN5Yfe/Apple-AirPods-Max-2-Mitternacht.webp?h=630&w=1200,5604694296,AirPods Max 2 Mitternacht,kopfhörer
b00692,"Apple AirPods Max 2 kabellose Over-Ear Kopfhörer, Aktive Geräuschunterdrückung, Adaptives Audio, Personalisiertes 3D Audio, Live Übersetzung – Mitternacht ​​​​​​​",Amazon Marketplace CE,518.00,Apple,Kopfhörer,https://cdn.billiger.com/dynimg/NyZAizB77EUof0p75-xL_SDr5Y8YAoXeKhE8nUhH7Pc88MgR1b3VHcWvS03VxtgwA0LwrnEDNsO5F7HgXD1PFDMQ7TcmPtWo0w1FoaN5Yfe/Apple-AirPods-Max-2-Mitternacht.webp?h=630&w=1200,5604694296,AirPods Max 2 Mitternacht,kopfhörer
b00693,Apple AirPods Max 2 - Mitternacht,Joybuy,518.00,Apple,Kopfhörer,https://cdn.billiger.com/dynimg/NyZAizB77EUof0p75-xL_SDr5Y8YAoXeKhE8nUhH7Pc88MgR1b3VHcWvS03VxtgwA0LwrnEDNsO5F7HgXD1PFDMQ7TcmPtWo0w1FoaN5Yfe/Apple-AirPods-Max-2-Mitternacht.webp?h=630&w=1200,5604694296,AirPods Max 2 Mitternacht,kopfhörer
b00694,Apple AirPods Max 2 Schwarz,Gomibo.de,518.95,Apple,Kopfhörer,https://cdn.billiger.com/dynimg/NyZAizB77EUof0p75-xL_SDr5Y8YAoXeKhE8nUhH7Pc88MgR1b3VHcWvS03VxtgwA0LwrnEDNsO5F7HgXD1PFDMQ7TcmPtWo0w1FoaN5Yfe/Apple-AirPods-Max-2-Mitternacht.webp?h=630&w=1200,5604694296,AirPods Max 2 Mitternacht,kopfhörer
b00695,Apple AirPods Max 2 Mitternacht,computeruniverse.net,523.00,Apple,Kopfhörer,https://cdn.billiger.com/dynimg/NyZAizB77EUof0p75-xL_SDr5Y8YAoXeKhE8nUhH7Pc88MgR1b3VHcWvS03VxtgwA0LwrnEDNsO5F7HgXD1PFDMQ7TcmPtWo0w1FoaN5Yfe/Apple-AirPods-Max-2-Mitternacht.webp?h=630&w=1200,5604694296,AirPods Max 2 Mitternacht,kopfhörer
b00696,Apple AirPods Max 2 Mitternacht,Cyberport,524.00,Apple,Kopfhörer,https://cdn.billiger.com/dynimg/NyZAizB77EUof0p75-xL_SDr5Y8YAoXeKhE8nUhH7Pc88MgR1b3VHcWvS03VxtgwA0LwrnEDNsO5F7HgXD1PFDMQ7TcmPtWo0w1FoaN5Yfe/Apple-AirPods-Max-2-Mitternacht.webp?h=630&w=1200,5604694296,AirPods Max 2 Mitternacht,kopfhörer
b00697,Apple AirPods Max 2 - Mitternacht MHWK4ZM/A Kopfhörer,notebooksbilliger,525.00,Apple,Kopfhörer,https://cdn.billiger.com/dynimg/NyZAizB77EUof0p75-xL_SDr5Y8YAoXeKhE8nUhH7Pc88MgR1b3VHcWvS03VxtgwA0LwrnEDNsO5F7HgXD1PFDMQ7TcmPtWo0w1FoaN5Yfe/Apple-AirPods-Max-2-Mitternacht.webp?h=630&w=1200,5604694296,AirPods Max 2 Mitternacht,kopfhörer
b00698,Apple AirPods Max 2 - Kopfhörer mit Mikrofon - Navy,Kaufland.de,529.00,Apple,Kopfhörer,https://cdn.billiger.com/dynimg/NyZAizB77EUof0p75-xL_SDr5Y8YAoXeKhE8nUhH7Pc88MgR1b3VHcWvS03VxtgwA0LwrnEDNsO5F7HgXD1PFDMQ7TcmPtWo0w1FoaN5Yfe/Apple-AirPods-Max-2-Mitternacht.webp?h=630&w=1200,5604694296,AirPods Max 2 Mitternacht,kopfhörer
b00699,"APPLE AirPods Max 2, Over-ear Kopfhörer Bluetooth Mitternacht",Media Markt Online Shop,535.00,Apple,Kopfhörer,https://cdn.billiger.com/dynimg/NyZAizB77EUof0p75-xL_SDr5Y8YAoXeKhE8nUhH7Pc88MgR1b3VHcWvS03VxtgwA0LwrnEDNsO5F7HgXD1PFDMQ7TcmPtWo0w1FoaN5Yfe/Apple-AirPods-Max-2-Mitternacht.webp?h=630&w=1200,5604694296,AirPods Max 2 Mitternacht,kopfhörer
b00700,"Apple AirPods Max 2 kabellose Over-Ear Kopfhörer, Aktive Geräuschunterdrückung, Adaptives Audio, Personalisiertes 3D Audio, Live Übersetzung – Violett ​​​​​​​",amazon.de,518.00,Apple,Kopfhörer,https://cdn.billiger.com/dynimg/0gpAq9gMjePof0p75-xL_R7jM5s7mbvE6hE8nUhH7Pc88MgR1b3VHcWvS03VxtgwJtaO4MOJsX9LJ9OmGNhYR341F5RFilHuD2nnvuLbEu9/Apple-AirPods-Max-2-Violett.webp?h=630&w=1200,5604694306,AirPods Max 2 Violett,kopfhörer
b00701,"Apple AirPods Max 2 (ANC, 20 h, Kabellos), Kopfhörer, Violett",Galaxus.de,518.00,Apple,Kopfhörer,https://cdn.billiger.com/dynimg/0gpAq9gMjePof0p75-xL_R7jM5s7mbvE6hE8nUhH7Pc88MgR1b3VHcWvS03VxtgwJtaO4MOJsX9LJ9OmGNhYR341F5RFilHuD2nnvuLbEu9/Apple-AirPods-Max-2-Violett.webp?h=630&w=1200,5604694306,AirPods Max 2 Violett,kopfhörer
b00702,"Apple AirPods Max 2 kabellose Over-Ear Kopfhörer, Aktive Geräuschunterdrückung, Adaptives Audio, Personalisiertes 3D Audio, Live Übersetzung – Violett ​​​​​​​",Amazon Marketplace CE,518.00,Apple,Kopfhörer,https://cdn.billiger.com/dynimg/0gpAq9gMjePof0p75-xL_R7jM5s7mbvE6hE8nUhH7Pc88MgR1b3VHcWvS03VxtgwJtaO4MOJsX9LJ9OmGNhYR341F5RFilHuD2nnvuLbEu9/Apple-AirPods-Max-2-Violett.webp?h=630&w=1200,5604694306,AirPods Max 2 Violett,kopfhörer
b00703,Apple AirPods Max 2 - Violett MHWP4ZM/A Kopfhörer,notebooksbilliger,518.00,Apple,Kopfhörer,https://cdn.billiger.com/dynimg/0gpAq9gMjePof0p75-xL_R7jM5s7mbvE6hE8nUhH7Pc88MgR1b3VHcWvS03VxtgwJtaO4MOJsX9LJ9OmGNhYR341F5RFilHuD2nnvuLbEu9/Apple-AirPods-Max-2-Violett.webp?h=630&w=1200,5604694306,AirPods Max 2 Violett,kopfhörer
b00704,Apple AirPods Max 2 Violett,computeruniverse.net,521.00,Apple,Kopfhörer,https://cdn.billiger.com/dynimg/0gpAq9gMjePof0p75-xL_R7jM5s7mbvE6hE8nUhH7Pc88MgR1b3VHcWvS03VxtgwJtaO4MOJsX9LJ9OmGNhYR341F5RFilHuD2nnvuLbEu9/Apple-AirPods-Max-2-Violett.webp?h=630&w=1200,5604694306,AirPods Max 2 Violett,kopfhörer
b00705,Apple AirPods Max 2 Lila,Gomibo.de,528.95,Apple,Kopfhörer,https://cdn.billiger.com/dynimg/0gpAq9gMjePof0p75-xL_R7jM5s7mbvE6hE8nUhH7Pc88MgR1b3VHcWvS03VxtgwJtaO4MOJsX9LJ9OmGNhYR341F5RFilHuD2nnvuLbEu9/Apple-AirPods-Max-2-Violett.webp?h=630&w=1200,5604694306,AirPods Max 2 Violett,kopfhörer
b00706,"Apple Kopfhörer AirPods Max 2, violett, Over-Ear, mit Mikrofon, Bluetooth, USB-C",bueromarkt-ag.de,528.99,Apple,Kopfhörer,https://cdn.billiger.com/dynimg/0gpAq9gMjePof0p75-xL_R7jM5s7mbvE6hE8nUhH7Pc88MgR1b3VHcWvS03VxtgwJtaO4MOJsX9LJ9OmGNhYR341F5RFilHuD2nnvuLbEu9/Apple-AirPods-Max-2-Violett.webp?h=630&w=1200,5604694306,AirPods Max 2 Violett,kopfhörer
b00707,"AirPods Max 2, Headset - lila",Alternate,536.00,Apple,Kopfhörer,https://cdn.billiger.com/dynimg/0gpAq9gMjePof0p75-xL_R7jM5s7mbvE6hE8nUhH7Pc88MgR1b3VHcWvS03VxtgwJtaO4MOJsX9LJ9OmGNhYR341F5RFilHuD2nnvuLbEu9/Apple-AirPods-Max-2-Violett.webp?h=630&w=1200,5604694306,AirPods Max 2 Violett,kopfhörer
b00708,Apple AirPods Max 2 Purple Over-Ear Kopfhörer Bluetooth 5.3 ANC H2-Chip,JACOB,536.50,Apple,Kopfhörer,https://cdn.billiger.com/dynimg/0gpAq9gMjePof0p75-xL_R7jM5s7mbvE6hE8nUhH7Pc88MgR1b3VHcWvS03VxtgwJtaO4MOJsX9LJ9OmGNhYR341F5RFilHuD2nnvuLbEu9/Apple-AirPods-Max-2-Violett.webp?h=630&w=1200,5604694306,AirPods Max 2 Violett,kopfhörer
b00709,"AirPods Max 2 Violett 2,5 - 4 W Kabellos",Shifter,540.00,Apple,Kopfhörer,https://cdn.billiger.com/dynimg/0gpAq9gMjePof0p75-xL_R7jM5s7mbvE6hE8nUhH7Pc88MgR1b3VHcWvS03VxtgwJtaO4MOJsX9LJ9OmGNhYR341F5RFilHuD2nnvuLbEu9/Apple-AirPods-Max-2-Violett.webp?h=630&w=1200,5604694306,AirPods Max 2 Violett,kopfhörer
b00710,"BOSE QuietComfort Ultra (2. Gen.) kabellose Noise-Cancelling, Over-ear Kopfhörer",ebay.de,335.49,Bose,Kopfhörer,https://cdn.billiger.com/dynimg/GGD-TqYVLBAof0p75-xL_QWAHG8eXrwLahE8nUhH7Pc88MgR1b3VHcWvS03VxtgwNdZ16hQsrjarLgH88P2hMEfhdtTYxZGzm1sElqkGEVh/Bose-QuietComfort-Ultra-2-Gen-Weiss.webp?h=630&w=1200,5380370835,QuietComfort Ultra (2. Gen.) Weiß,kopfhörer
b00711,Bose QuietComfort Ultra Headphones 2. Gen weiß,Electronis.de,343.99,Bose,Kopfhörer,https://cdn.billiger.com/dynimg/GGD-TqYVLBAof0p75-xL_QWAHG8eXrwLahE8nUhH7Pc88MgR1b3VHcWvS03VxtgwNdZ16hQsrjarLgH88P2hMEfhdtTYxZGzm1sElqkGEVh/Bose-QuietComfort-Ultra-2-Gen-Weiss.webp?h=630&w=1200,5380370835,QuietComfort Ultra (2. Gen.) Weiß,kopfhörer
b00712,"Bose QuietComfort Ultra Bluetooth-Kopfhörer (2. Gen.), kabellose Kopfhörer mit räumlichem Klang, Over-Ear-Noise-Cancelling mit Mikrofon, bis zu 30 Stunden Wiedergabedauer, Rauchweiß",amazon.de,344.00,Bose,Kopfhörer,https://cdn.billiger.com/dynimg/GGD-TqYVLBAof0p75-xL_QWAHG8eXrwLahE8nUhH7Pc88MgR1b3VHcWvS03VxtgwNdZ16hQsrjarLgH88P2hMEfhdtTYxZGzm1sElqkGEVh/Bose-QuietComfort-Ultra-2-Gen-Weiss.webp?h=630&w=1200,5380370835,QuietComfort Ultra (2. Gen.) Weiß,kopfhörer
b00713,Bose QuietComfort Ultra Headphones (2. Gen) Weiß,coolblue,344.00,Bose,Kopfhörer,https://cdn.billiger.com/dynimg/GGD-TqYVLBAof0p75-xL_QWAHG8eXrwLahE8nUhH7Pc88MgR1b3VHcWvS03VxtgwNdZ16hQsrjarLgH88P2hMEfhdtTYxZGzm1sElqkGEVh/Bose-QuietComfort-Ultra-2-Gen-Weiss.webp?h=630&w=1200,5380370835,QuietComfort Ultra (2. Gen.) Weiß,kopfhörer
b00714,"Bose QuietComfort Ultra Headphone (2nd Gen) Over-Ear-Kopfhörer (Rauschunterdrückung, integrierte Steuerung für Anrufe und Musik, kompatibel mit Siri, Bluetooth) weiß",OTTO,344.00,Bose,Kopfhörer,https://cdn.billiger.com/dynimg/GGD-TqYVLBAof0p75-xL_QWAHG8eXrwLahE8nUhH7Pc88MgR1b3VHcWvS03VxtgwNdZ16hQsrjarLgH88P2hMEfhdtTYxZGzm1sElqkGEVh/Bose-QuietComfort-Ultra-2-Gen-Weiss.webp?h=630&w=1200,5380370835,QuietComfort Ultra (2. Gen.) Weiß,kopfhörer
b00715,"Bose QuietComfort Ultra Bluetooth-Kopfhörer (2. Gen.), kabellose Kopfhörer mit räumlichem Klang, Over-Ear-Noise-Cancelling mit Mikrofon, bis zu 30 Stunden Wiedergabedauer, Rauchweiß",Amazon Marketplace CE,344.00,Bose,Kopfhörer,https://cdn.billiger.com/dynimg/GGD-TqYVLBAof0p75-xL_QWAHG8eXrwLahE8nUhH7Pc88MgR1b3VHcWvS03VxtgwNdZ16hQsrjarLgH88P2hMEfhdtTYxZGzm1sElqkGEVh/Bose-QuietComfort-Ultra-2-Gen-Weiss.webp?h=630&w=1200,5380370835,QuietComfort Ultra (2. Gen.) Weiß,kopfhörer
b00716,BOSE QuietComfort Ultra Headphones (2. Gen) weiß,e-tec,349.90,Bose,Kopfhörer,https://cdn.billiger.com/dynimg/GGD-TqYVLBAof0p75-xL_QWAHG8eXrwLahE8nUhH7Pc88MgR1b3VHcWvS03VxtgwNdZ16hQsrjarLgH88P2hMEfhdtTYxZGzm1sElqkGEVh/Bose-QuietComfort-Ultra-2-Gen-Weiss.webp?h=630&w=1200,5380370835,QuietComfort Ultra (2. Gen.) Weiß,kopfhörer
b00717,Bose QuietComfort Ultra Headphones (2nd Gen) Weiß,Gomibo.de,364.95,Bose,Kopfhörer,https://cdn.billiger.com/dynimg/GGD-TqYVLBAof0p75-xL_QWAHG8eXrwLahE8nUhH7Pc88MgR1b3VHcWvS03VxtgwNdZ16hQsrjarLgH88P2hMEfhdtTYxZGzm1sElqkGEVh/Bose-QuietComfort-Ultra-2-Gen-Weiss.webp?h=630&w=1200,5380370835,QuietComfort Ultra (2. Gen.) Weiß,kopfhörer
b00718,"BOSE QuietComfort Ultra (2. Gen.) kabellose Noise-Cancelling, Over-ear Kopfhörer White",Media Markt Online Shop,379.00,Bose,Kopfhörer,https://cdn.billiger.com/dynimg/GGD-TqYVLBAof0p75-xL_QWAHG8eXrwLahE8nUhH7Pc88MgR1b3VHcWvS03VxtgwNdZ16hQsrjarLgH88P2hMEfhdtTYxZGzm1sElqkGEVh/Bose-QuietComfort-Ultra-2-Gen-Weiss.webp?h=630&w=1200,5380370835,QuietComfort Ultra (2. Gen.) Weiß,kopfhörer
b00719,"BOSE QuietComfort Ultra (2. Gen.) kabellose Noise-Cancelling, Over-ear Kopfhörer White",Saturn Online Shop,379.00,Bose,Kopfhörer,https://cdn.billiger.com/dynimg/GGD-TqYVLBAof0p75-xL_QWAHG8eXrwLahE8nUhH7Pc88MgR1b3VHcWvS03VxtgwNdZ16hQsrjarLgH88P2hMEfhdtTYxZGzm1sElqkGEVh/Bose-QuietComfort-Ultra-2-Gen-Weiss.webp?h=630&w=1200,5380370835,QuietComfort Ultra (2. Gen.) Weiß,kopfhörer
b00720,Bose QuietComfort Ultra (2. Generation) Midnight Violet,ebay.de,340.00,Bose,Kopfhörer,https://cdn.billiger.com/dynimg/RZ8cM-iHECbof0p75-xL_QGbVfxIehNr6hE8nUhH7Pc88MgR1b3VHcWvS03VxtgwI5B_vLVO3DOJnKiOXL_PzEOQZjIw0hsR1-FeiZ9EjO0/Bose-QuietComfort-Ultra-2-Gen-Dunkelviolett.webp?h=630&w=1200,5452524131,QuietComfort Ultra (2. Gen.) Dunkelviolett,kopfhörer
b00721,Bose QuietComfort Ultra Headphones (2. Gen) Lila,coolblue,349.00,Bose,Kopfhörer,https://cdn.billiger.com/dynimg/RZ8cM-iHECbof0p75-xL_QGbVfxIehNr6hE8nUhH7Pc88MgR1b3VHcWvS03VxtgwI5B_vLVO3DOJnKiOXL_PzEOQZjIw0hsR1-FeiZ9EjO0/Bose-QuietComfort-Ultra-2-Gen-Dunkelviolett.webp?h=630&w=1200,5452524131,QuietComfort Ultra (2. Gen.) Dunkelviolett,kopfhörer
b00722,"Bose QuietComfort Ultra Headphone (2nd Gen) Over-Ear-Kopfhörer (Rauschunterdrückung, integrierte Steuerung für Anrufe und Musik, kompatibel mit Siri, Bluetooth) lila",OTTO,349.95,Bose,Kopfhörer,https://cdn.billiger.com/dynimg/RZ8cM-iHECbof0p75-xL_QGbVfxIehNr6hE8nUhH7Pc88MgR1b3VHcWvS03VxtgwI5B_vLVO3DOJnKiOXL_PzEOQZjIw0hsR1-FeiZ9EjO0/Bose-QuietComfort-Ultra-2-Gen-Dunkelviolett.webp?h=630&w=1200,5452524131,QuietComfort Ultra (2. Gen.) Dunkelviolett,kopfhörer
b00723,"Bose QuietComfort Ultra Bluetooth-Kopfhörer (2. Gen.), kabellose Kopfhörer mit räumlichem Klang, Over-Ear-Noise-Cancelling mit Mikrofon, bis zu 30h Wiedergabedauer, Dunkelviolett - Limited Edition",Amazon Marketplace CE,386.44,Bose,Kopfhörer,https://cdn.billiger.com/dynimg/RZ8cM-iHECbof0p75-xL_QGbVfxIehNr6hE8nUhH7Pc88MgR1b3VHcWvS03VxtgwI5B_vLVO3DOJnKiOXL_PzEOQZjIw0hsR1-FeiZ9EjO0/Bose-QuietComfort-Ultra-2-Gen-Dunkelviolett.webp?h=630&w=1200,5452524131,QuietComfort Ultra (2. Gen.) Dunkelviolett,kopfhörer
b00724,"Bose QuietComfort Ultra Headphone (2nd Gen) Over-Ear-Kopfhörer (Rauschunterdrückung, integrierte Steuerung für Anrufe und Musik, kompatibel mit Siri, Bluetooth) schwarz",OTTO,344.00,Bose,Kopfhörer,https://cdn.billiger.com/dynimg/EdX4EfaPDKIof0p75-xL_QlKCtA6hFfnqhE8nUhH7Pc88MgR1b3VHcWvS03VxtgwER5dEoqwapIvCE762sLSYvAAqJE8MLzENwxDTJg8LD_/Bose-QuietComfort-Ultra-2-Gen-Schwarz.webp?h=630&w=1200,5379949903,QuietComfort Ultra (2. Gen.) Schwarz,kopfhörer
b00725,Bose QuietComfort Ultra Headphones 2. Gen schwarz,Electronis.de,344.99,Bose,Kopfhörer,https://cdn.billiger.com/dynimg/EdX4EfaPDKIof0p75-xL_QlKCtA6hFfnqhE8nUhH7Pc88MgR1b3VHcWvS03VxtgwER5dEoqwapIvCE762sLSYvAAqJE8MLzENwxDTJg8LD_/Bose-QuietComfort-Ultra-2-Gen-Schwarz.webp?h=630&w=1200,5379949903,QuietComfort Ultra (2. Gen.) Schwarz,kopfhörer
b00726,Bose QuietComfort Ultra Headphones (2. Gen) Schwarz,coolblue,345.00,Bose,Kopfhörer,https://cdn.billiger.com/dynimg/EdX4EfaPDKIof0p75-xL_QlKCtA6hFfnqhE8nUhH7Pc88MgR1b3VHcWvS03VxtgwER5dEoqwapIvCE762sLSYvAAqJE8MLzENwxDTJg8LD_/Bose-QuietComfort-Ultra-2-Gen-Schwarz.webp?h=630&w=1200,5379949903,QuietComfort Ultra (2. Gen.) Schwarz,kopfhörer
b00727,Bose QuietComfort Ultra (2. Generation) Black,ebay.de,377.99,Bose,Kopfhörer,https://cdn.billiger.com/dynimg/EdX4EfaPDKIof0p75-xL_QlKCtA6hFfnqhE8nUhH7Pc88MgR1b3VHcWvS03VxtgwER5dEoqwapIvCE762sLSYvAAqJE8MLzENwxDTJg8LD_/Bose-QuietComfort-Ultra-2-Gen-Schwarz.webp?h=630&w=1200,5379949903,QuietComfort Ultra (2. Gen.) Schwarz,kopfhörer
b00728,"BOSE QuietComfort Ultra Kopfhörer (2. Gen.) – kabellose Noise-Cancelling, Over-ear Black",Media Markt Online Shop,379.00,Bose,Kopfhörer,https://cdn.billiger.com/dynimg/EdX4EfaPDKIof0p75-xL_QlKCtA6hFfnqhE8nUhH7Pc88MgR1b3VHcWvS03VxtgwER5dEoqwapIvCE762sLSYvAAqJE8MLzENwxDTJg8LD_/Bose-QuietComfort-Ultra-2-Gen-Schwarz.webp?h=630&w=1200,5379949903,QuietComfort Ultra (2. Gen.) Schwarz,kopfhörer
b00729,"BOSE QuietComfort Ultra Kopfhörer (2. Gen.) – kabellose Noise-Cancelling, Over-ear Black",Saturn Online Shop,379.00,Bose,Kopfhörer,https://cdn.billiger.com/dynimg/EdX4EfaPDKIof0p75-xL_QlKCtA6hFfnqhE8nUhH7Pc88MgR1b3VHcWvS03VxtgwER5dEoqwapIvCE762sLSYvAAqJE8MLzENwxDTJg8LD_/Bose-QuietComfort-Ultra-2-Gen-Schwarz.webp?h=630&w=1200,5379949903,QuietComfort Ultra (2. Gen.) Schwarz,kopfhörer
b00730,QuietComfort Ultra (Gen 2) - Black,Proshop.de,379.72,Bose,Kopfhörer,https://cdn.billiger.com/dynimg/EdX4EfaPDKIof0p75-xL_QlKCtA6hFfnqhE8nUhH7Pc88MgR1b3VHcWvS03VxtgwER5dEoqwapIvCE762sLSYvAAqJE8MLzENwxDTJg8LD_/Bose-QuietComfort-Ultra-2-Gen-Schwarz.webp?h=630&w=1200,5379949903,QuietComfort Ultra (2. Gen.) Schwarz,kopfhörer
b00731,Bose QuietComfort Ultra 2. Generation schwarz,Joybuy,379.95,Bose,Kopfhörer,https://cdn.billiger.com/dynimg/EdX4EfaPDKIof0p75-xL_QlKCtA6hFfnqhE8nUhH7Pc88MgR1b3VHcWvS03VxtgwER5dEoqwapIvCE762sLSYvAAqJE8MLzENwxDTJg8LD_/Bose-QuietComfort-Ultra-2-Gen-Schwarz.webp?h=630&w=1200,5379949903,QuietComfort Ultra (2. Gen.) Schwarz,kopfhörer
b00732,Bose QuietComfort Ultra 2.Gen black - Schwarz,Kaufland.de,393.42,Bose,Kopfhörer,https://cdn.billiger.com/dynimg/EdX4EfaPDKIof0p75-xL_QlKCtA6hFfnqhE8nUhH7Pc88MgR1b3VHcWvS03VxtgwER5dEoqwapIvCE762sLSYvAAqJE8MLzENwxDTJg8LD_/Bose-QuietComfort-Ultra-2-Gen-Schwarz.webp?h=630&w=1200,5379949903,QuietComfort Ultra (2. Gen.) Schwarz,kopfhörer
b00733,"Bose QuietComfort Ultra 2nd Gen. (ANC, 30 h, Kabellos), Kopfhörer, Schwarz",Galaxus.de,394.44,Bose,Kopfhörer,https://cdn.billiger.com/dynimg/EdX4EfaPDKIof0p75-xL_QlKCtA6hFfnqhE8nUhH7Pc88MgR1b3VHcWvS03VxtgwER5dEoqwapIvCE762sLSYvAAqJE8MLzENwxDTJg8LD_/Bose-QuietComfort-Ultra-2-Gen-Schwarz.webp?h=630&w=1200,5379949903,QuietComfort Ultra (2. Gen.) Schwarz,kopfhörer
b00734,Sony WH-1000XM6 kabellose Noise Cancelling-Kopfhörer – Silber,ebay.de,324.99,Sony,Kopfhörer,https://cdn.billiger.com/dynimg/WpmD_6y048_of0p75-xL_TF5rO3hGy3AKhE8nUhH7Pc88MgR1b3VHcWvS03VxtgwPDKgMl5w9Sxzv03ZauC5WnCRKUW61UAoSyC2emB40OB/Sony-WH-1000XM6-Platinsilber.webp?h=630&w=1200,5289673456,WH-1000XM6 Platinsilber,kopfhörer
b00735,"SONY WH-1000XM6 Premium Noise Cancelling, Over-ear Kopfhörer Bluetooth Silber",Media Markt Online Shop,349.00,Sony,Kopfhörer,https://cdn.billiger.com/dynimg/WpmD_6y048_of0p75-xL_TF5rO3hGy3AKhE8nUhH7Pc88MgR1b3VHcWvS03VxtgwPDKgMl5w9Sxzv03ZauC5WnCRKUW61UAoSyC2emB40OB/Sony-WH-1000XM6-Platinsilber.webp?h=630&w=1200,5289673456,WH-1000XM6 Platinsilber,kopfhörer
b00736,"SONY WH-1000XM6 Premium Noise Cancelling, Over-ear Kopfhörer Bluetooth Silber",Saturn Online Shop,349.00,Sony,Kopfhörer,https://cdn.billiger.com/dynimg/WpmD_6y048_of0p75-xL_TF5rO3hGy3AKhE8nUhH7Pc88MgR1b3VHcWvS03VxtgwPDKgMl5w9Sxzv03ZauC5WnCRKUW61UAoSyC2emB40OB/Sony-WH-1000XM6-Platinsilber.webp?h=630&w=1200,5289673456,WH-1000XM6 Platinsilber,kopfhörer
b00737,WH-1000XM6 Over Ear Bluetooth Kopfhörer kabelgebunden&kabellos USB Typ-C  (Grau) (Versandkostenfrei),expert TechnoMarkt,359.00,Sony,Kopfhörer,https://cdn.billiger.com/dynimg/WpmD_6y048_of0p75-xL_TF5rO3hGy3AKhE8nUhH7Pc88MgR1b3VHcWvS03VxtgwPDKgMl5w9Sxzv03ZauC5WnCRKUW61UAoSyC2emB40OB/Sony-WH-1000XM6-Platinsilber.webp?h=630&w=1200,5289673456,WH-1000XM6 Platinsilber,kopfhörer
b00738,"Sony WH-1000XM6 Premium Noise Cancelling Wireless Over-Ear-Kopfhörer (Freisprechfunktion, Multi-Point-Verbindung, Noise-Cancelling, Transparenzmodus, Wireless-Audio-Streaming, integrierte Steuerung für Anrufe und Musik, A2DP Bluetooth, Bluetooth, HFP, HSP, AVRCP Bluetooth, Kabellose Over Ear Kopfhörer mit Sony’s bestem Noise Cancelling) silberfarben",OTTO,359.99,Sony,Kopfhörer,https://cdn.billiger.com/dynimg/WpmD_6y048_of0p75-xL_TF5rO3hGy3AKhE8nUhH7Pc88MgR1b3VHcWvS03VxtgwPDKgMl5w9Sxzv03ZauC5WnCRKUW61UAoSyC2emB40OB/Sony-WH-1000XM6-Platinsilber.webp?h=630&w=1200,5289673456,WH-1000XM6 Platinsilber,kopfhörer
b00739,"Sony WH-1000XM6 kabellose Noise Cancelling-Kopfhörer, Signature Hi-Res Sound, Bluetooth-Kopfhörer, Komfort, faltbares Design, magnetische Tragetasche, 30 Std.-Akku NC An, iOS & Android - Silber",Amazon Marketplace CE,359.99,Sony,Kopfhörer,https://cdn.billiger.com/dynimg/WpmD_6y048_of0p75-xL_TF5rO3hGy3AKhE8nUhH7Pc88MgR1b3VHcWvS03VxtgwPDKgMl5w9Sxzv03ZauC5WnCRKUW61UAoSyC2emB40OB/Sony-WH-1000XM6-Platinsilber.webp?h=630&w=1200,5289673456,WH-1000XM6 Platinsilber,kopfhörer
b00740,Sony WH-1000XM6 platin-silber,Electronis.de,368.81,Sony,Kopfhörer,https://cdn.billiger.com/dynimg/WpmD_6y048_of0p75-xL_TF5rO3hGy3AKhE8nUhH7Pc88MgR1b3VHcWvS03VxtgwPDKgMl5w9Sxzv03ZauC5WnCRKUW61UAoSyC2emB40OB/Sony-WH-1000XM6-Platinsilber.webp?h=630&w=1200,5289673456,WH-1000XM6 Platinsilber,kopfhörer
b00741,Sony WH-1000XM6 Silber,coolblue,369.00,Sony,Kopfhörer,https://cdn.billiger.com/dynimg/WpmD_6y048_of0p75-xL_TF5rO3hGy3AKhE8nUhH7Pc88MgR1b3VHcWvS03VxtgwPDKgMl5w9Sxzv03ZauC5WnCRKUW61UAoSyC2emB40OB/Sony-WH-1000XM6-Platinsilber.webp?h=630&w=1200,5289673456,WH-1000XM6 Platinsilber,kopfhörer
b00742,WH-1000XM6 silber Over-Ear Kopfhörer,Expert,369.00,Sony,Kopfhörer,https://cdn.billiger.com/dynimg/WpmD_6y048_of0p75-xL_TF5rO3hGy3AKhE8nUhH7Pc88MgR1b3VHcWvS03VxtgwPDKgMl5w9Sxzv03ZauC5WnCRKUW61UAoSyC2emB40OB/Sony-WH-1000XM6-Platinsilber.webp?h=630&w=1200,5289673456,WH-1000XM6 Platinsilber,kopfhörer
b00743,Sony WH-1000XM6 Kopfhörer Verkabelt & Kabellos Kopfband Anrufe/Musik/Sport/Alltag USB Typ-C Bluetooth Grau,JB-Computer,384.94,Sony,Kopfhörer,https://cdn.billiger.com/dynimg/WpmD_6y048_of0p75-xL_TF5rO3hGy3AKhE8nUhH7Pc88MgR1b3VHcWvS03VxtgwPDKgMl5w9Sxzv03ZauC5WnCRKUW61UAoSyC2emB40OB/Sony-WH-1000XM6-Platinsilber.webp?h=630&w=1200,5289673456,WH-1000XM6 Platinsilber,kopfhörer
b00744,"Sony WH-1000XM6 Flagship kabellose Noise Cancelling-Kopfhörer, Signature Hi-Res Sound, Bluetooth-Over-Ear-Kopfhörer, faltbares Design, magnetische Tragetasche, 30 Std.-Akkulaufzeit NC An- Sand Pink",amazon.de,349.00,Sony,Kopfhörer,https://cdn.billiger.com/dynimg/djcbtuk557Lof0p75-xL_RinZfQ304fDqhE8nUhH7Pc88MgR1b3VHcWvS03VxtgwD4ItmPWqlPEPwUS2Y2fQYSK1pKDgqAcbMuYdkSuiFGL/Sony-WH-1000XM6-Sand-Pink.webp?h=630&w=1200,5557188530,WH-1000XM6 Sand Pink ,kopfhörer
b00745,"SONY WH-1000XM6 Premium Noise Cancelling Wireless, Over-ear Kopfhörer Bluetooth Sand Pink",Media Markt Online Shop,349.00,Sony,Kopfhörer,https://cdn.billiger.com/dynimg/djcbtuk557Lof0p75-xL_RinZfQ304fDqhE8nUhH7Pc88MgR1b3VHcWvS03VxtgwD4ItmPWqlPEPwUS2Y2fQYSK1pKDgqAcbMuYdkSuiFGL/Sony-WH-1000XM6-Sand-Pink.webp?h=630&w=1200,5557188530,WH-1000XM6 Sand Pink ,kopfhörer
b00746,"SONY WH-1000XM6 Premium Noise Cancelling Wireless, Over-ear Kopfhörer Bluetooth Sand Pink",Saturn Online Shop,349.00,Sony,Kopfhörer,https://cdn.billiger.com/dynimg/djcbtuk557Lof0p75-xL_RinZfQ304fDqhE8nUhH7Pc88MgR1b3VHcWvS03VxtgwD4ItmPWqlPEPwUS2Y2fQYSK1pKDgqAcbMuYdkSuiFGL/Sony-WH-1000XM6-Sand-Pink.webp?h=630&w=1200,5557188530,WH-1000XM6 Sand Pink ,kopfhörer
b00747,"Sony WH-1000XM6 Flagship kabellose Noise Cancelling-Kopfhörer, Signature Hi-Res Sound, Bluetooth-Over-Ear-Kopfhörer, faltbares Design, magnetische Tragetasche, 30 Std.-Akkulaufzeit NC An- Sand Pink",Amazon Marketplace CE,349.00,Sony,Kopfhörer,https://cdn.billiger.com/dynimg/djcbtuk557Lof0p75-xL_RinZfQ304fDqhE8nUhH7Pc88MgR1b3VHcWvS03VxtgwD4ItmPWqlPEPwUS2Y2fQYSK1pKDgqAcbMuYdkSuiFGL/Sony-WH-1000XM6-Sand-Pink.webp?h=630&w=1200,5557188530,WH-1000XM6 Sand Pink ,kopfhörer
b00748,Sony WH-1000XM6 sand-pink,Electronis.de,368.99,Sony,Kopfhörer,https://cdn.billiger.com/dynimg/djcbtuk557Lof0p75-xL_RinZfQ304fDqhE8nUhH7Pc88MgR1b3VHcWvS03VxtgwD4ItmPWqlPEPwUS2Y2fQYSK1pKDgqAcbMuYdkSuiFGL/Sony-WH-1000XM6-Sand-Pink.webp?h=630&w=1200,5557188530,WH-1000XM6 Sand Pink ,kopfhörer
b00749,Sony WH-1000XM6 Rosa,coolblue,369.00,Sony,Kopfhörer,https://cdn.billiger.com/dynimg/djcbtuk557Lof0p75-xL_RinZfQ304fDqhE8nUhH7Pc88MgR1b3VHcWvS03VxtgwD4ItmPWqlPEPwUS2Y2fQYSK1pKDgqAcbMuYdkSuiFGL/Sony-WH-1000XM6-Sand-Pink.webp?h=630&w=1200,5557188530,WH-1000XM6 Sand Pink ,kopfhörer
b00750,"Sony WH-1000XM6 Premium Noise Cancelling Wireless Over-Ear-Kopfhörer (Freisprechfunktion, Multi-Point-Verbindung, Noise-Cancelling, Transparenzmodus, Wireless-Audio-Streaming, integrierte Steuerung für Anrufe und Musik, A2DP Bluetooth, Bluetooth, HFP, HSP, AVRCP Bluetooth, Kabellose Over Ear Kopfhörer mit Sony’s bestem Noise Cancelling) rosa",OTTO,369.00,Sony,Kopfhörer,https://cdn.billiger.com/dynimg/djcbtuk557Lof0p75-xL_RinZfQ304fDqhE8nUhH7Pc88MgR1b3VHcWvS03VxtgwD4ItmPWqlPEPwUS2Y2fQYSK1pKDgqAcbMuYdkSuiFGL/Sony-WH-1000XM6-Sand-Pink.webp?h=630&w=1200,5557188530,WH-1000XM6 Sand Pink ,kopfhörer
b00751,WH-1000XM6 Over Ear Bluetooth Kopfhörer kabelgebunden&kabellos USB Typ-C  (Pink) (Versandkostenfrei),expert TechnoMarkt,369.00,Sony,Kopfhörer,https://cdn.billiger.com/dynimg/djcbtuk557Lof0p75-xL_RinZfQ304fDqhE8nUhH7Pc88MgR1b3VHcWvS03VxtgwD4ItmPWqlPEPwUS2Y2fQYSK1pKDgqAcbMuYdkSuiFGL/Sony-WH-1000XM6-Sand-Pink.webp?h=630&w=1200,5557188530,WH-1000XM6 Sand Pink ,kopfhörer
b00752,WH-1000XM6 sand pink Over-Ear Kopfhörer,Expert,369.00,Sony,Kopfhörer,https://cdn.billiger.com/dynimg/djcbtuk557Lof0p75-xL_RinZfQ304fDqhE8nUhH7Pc88MgR1b3VHcWvS03VxtgwD4ItmPWqlPEPwUS2Y2fQYSK1pKDgqAcbMuYdkSuiFGL/Sony-WH-1000XM6-Sand-Pink.webp?h=630&w=1200,5557188530,WH-1000XM6 Sand Pink ,kopfhörer
b00753,Sony WH1000XM6P.CE7 Kopfhörer Verkabelt & Kabellos Kopfband Anrufe/Musik/Sport/Alltag USB Typ-C Bluetooth Pink,JB-Computer,379.21,Sony,Kopfhörer,https://cdn.billiger.com/dynimg/djcbtuk557Lof0p75-xL_RinZfQ304fDqhE8nUhH7Pc88MgR1b3VHcWvS03VxtgwD4ItmPWqlPEPwUS2Y2fQYSK1pKDgqAcbMuYdkSuiFGL/Sony-WH-1000XM6-Sand-Pink.webp?h=630&w=1200,5557188530,WH-1000XM6 Sand Pink ,kopfhörer
b00754,ANKER Soundcore Liberty 5 weiß,e-tec,75.90,Soundcore,Kopfhörer,https://cdn.billiger.com/dynimg/J0OaeBsqLTBof0p75-xL_RbPuawXIXPkKhE8nUhH7Pc88MgR1b3VHcWvS03VxtgwChyPkGfTjCGKW8T940WKXSYeZONX9ZXYUc0E4LwDUjh/Soundcore-Liberty-5-Wolken-Weiss.webp?h=630&w=1200,5263659929,Liberty 5 Wolken-Weiß,kopfhörer
b00755,Liberty 5|Dolby 3D-Audio True-Wireless Earbuds Wolken-Weiß,Soundcore,76.22,Soundcore,Kopfhörer,https://cdn.billiger.com/dynimg/J0OaeBsqLTBof0p75-xL_RbPuawXIXPkKhE8nUhH7Pc88MgR1b3VHcWvS03VxtgwChyPkGfTjCGKW8T940WKXSYeZONX9ZXYUc0E4LwDUjh/Soundcore-Liberty-5-Wolken-Weiss.webp?h=630&w=1200,5263659929,Liberty 5 Wolken-Weiß,kopfhörer
b00756,Anker Innovations Soundcore Liberty 5 - True Wireless-Kopfhörer - Weiß,Kaufland.de,89.19,Soundcore,Kopfhörer,https://cdn.billiger.com/dynimg/J0OaeBsqLTBof0p75-xL_RbPuawXIXPkKhE8nUhH7Pc88MgR1b3VHcWvS03VxtgwChyPkGfTjCGKW8T940WKXSYeZONX9ZXYUc0E4LwDUjh/Soundcore-Liberty-5-Wolken-Weiss.webp?h=630&w=1200,5263659929,Liberty 5 Wolken-Weiß,kopfhörer
b00757,Anker Innovations Soundcore Liberty 5 - True Wireless-Kopfhörer mit Mikrofon,voelkner Marktplatz,90.86,Soundcore,Kopfhörer,https://cdn.billiger.com/dynimg/J0OaeBsqLTBof0p75-xL_RbPuawXIXPkKhE8nUhH7Pc88MgR1b3VHcWvS03VxtgwChyPkGfTjCGKW8T940WKXSYeZONX9ZXYUc0E4LwDUjh/Soundcore-Liberty-5-Wolken-Weiss.webp?h=630&w=1200,5263659929,Liberty 5 Wolken-Weiß,kopfhörer
b00758,Anker Innovations Soundcore Liberty 5 Noise Cancelling Earbuds white A3957G21,ebay.de,90.99,Soundcore,Kopfhörer,https://cdn.billiger.com/dynimg/J0OaeBsqLTBof0p75-xL_RbPuawXIXPkKhE8nUhH7Pc88MgR1b3VHcWvS03VxtgwChyPkGfTjCGKW8T940WKXSYeZONX9ZXYUc0E4LwDUjh/Soundcore-Liberty-5-Wolken-Weiss.webp?h=630&w=1200,5263659929,Liberty 5 Wolken-Weiß,kopfhörer
b00759,Soundcore Liberty 5 Weiß,coolblue,99.99,Soundcore,Kopfhörer,https://cdn.billiger.com/dynimg/J0OaeBsqLTBof0p75-xL_RbPuawXIXPkKhE8nUhH7Pc88MgR1b3VHcWvS03VxtgwChyPkGfTjCGKW8T940WKXSYeZONX9ZXYUc0E4LwDUjh/Soundcore-Liberty-5-Wolken-Weiss.webp?h=630&w=1200,5263659929,Liberty 5 Wolken-Weiß,kopfhörer
b00760,"SOUNDCORE BY ANKER Liberty 5, In-ear Kopfhörer Bluetooth Wolken-Weiß",Media Markt Online Shop,99.99,Soundcore,Kopfhörer,https://cdn.billiger.com/dynimg/J0OaeBsqLTBof0p75-xL_RbPuawXIXPkKhE8nUhH7Pc88MgR1b3VHcWvS03VxtgwChyPkGfTjCGKW8T940WKXSYeZONX9ZXYUc0E4LwDUjh/Soundcore-Liberty-5-Wolken-Weiss.webp?h=630&w=1200,5263659929,Liberty 5 Wolken-Weiß,kopfhörer
b00761,"SOUNDCORE BY ANKER Liberty 5, In-ear Kopfhörer Bluetooth Wolken-Weiß",Saturn Online Shop,99.99,Soundcore,Kopfhörer,https://cdn.billiger.com/dynimg/J0OaeBsqLTBof0p75-xL_RbPuawXIXPkKhE8nUhH7Pc88MgR1b3VHcWvS03VxtgwChyPkGfTjCGKW8T940WKXSYeZONX9ZXYUc0E4LwDUjh/Soundcore-Liberty-5-Wolken-Weiss.webp?h=630&w=1200,5263659929,Liberty 5 Wolken-Weiß,kopfhörer
b00762,"Sennheiser MOMENTUM 4 Wireless Brown Over-Ear-Kopfhörer (Adaptive Noise Cancellation, Bluetooth) braun",OTTO,199.00,Sennheiser,Kopfhörer,https://cdn.billiger.com/dynimg/2gAIyVYlhhWof0p75-xL_QfTus8Jm8isahE8nUhH7Pc88MgR1b3VHcWvS03VxtgwLCCwTCjD4_jcMndvRBghmP946ai0WO7GhEwqoZW04Qs/Sennheiser-Momentum-4-Wireless-Brown.webp?h=630&w=1200,5359465091,Momentum 4 Wireless Brown,kopfhörer
b00763,Sennheiser Momentum 4 Wireless Braun,Gomibo.de,199.00,Sennheiser,Kopfhörer,https://cdn.billiger.com/dynimg/2gAIyVYlhhWof0p75-xL_QfTus8Jm8isahE8nUhH7Pc88MgR1b3VHcWvS03VxtgwLCCwTCjD4_jcMndvRBghmP946ai0WO7GhEwqoZW04Qs/Sennheiser-Momentum-4-Wireless-Brown.webp?h=630&w=1200,5359465091,Momentum 4 Wireless Brown,kopfhörer
b00764,SENNHEISER MOMENTUM 4 Wireless,SENNHEISER,204.00,Sennheiser,Kopfhörer,https://cdn.billiger.com/dynimg/2gAIyVYlhhWof0p75-xL_QfTus8Jm8isahE8nUhH7Pc88MgR1b3VHcWvS03VxtgwLCCwTCjD4_jcMndvRBghmP946ai0WO7GhEwqoZW04Qs/Sennheiser-Momentum-4-Wireless-Brown.webp?h=630&w=1200,5359465091,Momentum 4 Wireless Brown,kopfhörer
b00765,"Sennheiser Momentum 4 Wireless Kopfhörer mit Bluetooth - mit adaptiver Geräuschunterdrückung für kristallklare Anrufe - 60 Stunden Akkulaufzeit - anpassbarer Klang, leicht und faltbar - Braun",Amazon Marketplace CE,204.00,Sennheiser,Kopfhörer,https://cdn.billiger.com/dynimg/2gAIyVYlhhWof0p75-xL_QfTus8Jm8isahE8nUhH7Pc88MgR1b3VHcWvS03VxtgwLCCwTCjD4_jcMndvRBghmP946ai0WO7GhEwqoZW04Qs/Sennheiser-Momentum-4-Wireless-Brown.webp?h=630&w=1200,5359465091,Momentum 4 Wireless Brown,kopfhörer
b00766,"Sennheiser Momentum 4 Wireless (ANC, 60 h, Kabelgebunden, Kabellos), Kopfhörer, Braun",Galaxus.de,216.24,Sennheiser,Kopfhörer,https://cdn.billiger.com/dynimg/2gAIyVYlhhWof0p75-xL_QfTus8Jm8isahE8nUhH7Pc88MgR1b3VHcWvS03VxtgwLCCwTCjD4_jcMndvRBghmP946ai0WO7GhEwqoZW04Qs/Sennheiser-Momentum-4-Wireless-Brown.webp?h=630&w=1200,5359465091,Momentum 4 Wireless Brown,kopfhörer
b00767,Sennheiser Momentum 4 Bluetooth-Kopfhörer mit 60h Akkulaufzeit Braun,ebay.de,258.82,Sennheiser,Kopfhörer,https://cdn.billiger.com/dynimg/2gAIyVYlhhWof0p75-xL_QfTus8Jm8isahE8nUhH7Pc88MgR1b3VHcWvS03VxtgwLCCwTCjD4_jcMndvRBghmP946ai0WO7GhEwqoZW04Qs/Sennheiser-Momentum-4-Wireless-Brown.webp?h=630&w=1200,5359465091,Momentum 4 Wireless Brown,kopfhörer
b00768,MOMENTUM 4 Wireless brown Over-Ear Kopfhörer,Expert,264.00,Sennheiser,Kopfhörer,https://cdn.billiger.com/dynimg/2gAIyVYlhhWof0p75-xL_QfTus8Jm8isahE8nUhH7Pc88MgR1b3VHcWvS03VxtgwLCCwTCjD4_jcMndvRBghmP946ai0WO7GhEwqoZW04Qs/Sennheiser-Momentum-4-Wireless-Brown.webp?h=630&w=1200,5359465091,Momentum 4 Wireless Brown,kopfhörer
b00769,"APPLE MacBook Air (2026) - 13,6 Zoll Apple M5 16 GB 512 macOS",Media Markt Online Shop,1079.00,Apple,Notebooks,https://cdn.billiger.com/dynimg/QvI0fvMCh_Wof0p75-xL_QfVeNxTcYguahE8nUhH7Pc88MgR1b3VHcWvS03VxtgwLkIbR0xMrdDuz4C5VMLodnhowkFCC5Oqnpb4wemH8jt/Apple-MacBook-Air-M5-2026-13-6-16-GB-RAM-512-GB-SSD-8-Core-GPU-Mitternacht.webp?h=630&w=1200,5576130845,"MacBook Air M5 2026 13,6'' 16 GB RAM 512 GB SSD 8-Core GPU Mitternacht",laptop
b00770,"APPLE MacBook Air (2026) - 13,6 Zoll Apple M5 16 GB 512 macOS",Saturn Online Shop,1079.00,Apple,Notebooks,https://cdn.billiger.com/dynimg/QvI0fvMCh_Wof0p75-xL_QfVeNxTcYguahE8nUhH7Pc88MgR1b3VHcWvS03VxtgwLkIbR0xMrdDuz4C5VMLodnhowkFCC5Oqnpb4wemH8jt/Apple-MacBook-Air-M5-2026-13-6-16-GB-RAM-512-GB-SSD-8-Core-GPU-Mitternacht.webp?h=630&w=1200,5576130845,"MacBook Air M5 2026 13,6'' 16 GB RAM 512 GB SSD 8-Core GPU Mitternacht",laptop
b00771,"MacBook Air, 13 Zoll, Mitternacht, 2026, M5, 10-Core CPU, 8-Core GPU, 16 GB, 512 GB SSD",Expert,1111.14,Apple,Notebooks,https://cdn.billiger.com/dynimg/QvI0fvMCh_Wof0p75-xL_QfVeNxTcYguahE8nUhH7Pc88MgR1b3VHcWvS03VxtgwLkIbR0xMrdDuz4C5VMLodnhowkFCC5Oqnpb4wemH8jt/Apple-MacBook-Air-M5-2026-13-6-16-GB-RAM-512-GB-SSD-8-Core-GPU-Mitternacht.webp?h=630&w=1200,5576130845,"MacBook Air M5 2026 13,6'' 16 GB RAM 512 GB SSD 8-Core GPU Mitternacht",laptop
b00772,"Apple 13 Zoll MacBook Air (M5, 2026), 10-Core CPU und 8-Core GPU, 16 GB, 512 GB SSD – Midnight (Deutsches QWERTZ-Tastaturlayout)",Joybuy,1199.00,Apple,Notebooks,https://cdn.billiger.com/dynimg/QvI0fvMCh_Wof0p75-xL_QfVeNxTcYguahE8nUhH7Pc88MgR1b3VHcWvS03VxtgwLkIbR0xMrdDuz4C5VMLodnhowkFCC5Oqnpb4wemH8jt/Apple-MacBook-Air-M5-2026-13-6-16-GB-RAM-512-GB-SSD-8-Core-GPU-Mitternacht.webp?h=630&w=1200,5576130845,"MacBook Air M5 2026 13,6'' 16 GB RAM 512 GB SSD 8-Core GPU Mitternacht",laptop
b00773,"Apple MacBook Air 13"" M5 Mitternacht MDHE4D/A Apple M5 chip mit 10-core CPU and 8-core GPU, 16GB, 512GB SSD - Mitternacht, kein Netzteil | Laptop by NBB",notebooksbilliger,1199.00,Apple,Notebooks,https://cdn.billiger.com/dynimg/QvI0fvMCh_Wof0p75-xL_QfVeNxTcYguahE8nUhH7Pc88MgR1b3VHcWvS03VxtgwLkIbR0xMrdDuz4C5VMLodnhowkFCC5Oqnpb4wemH8jt/Apple-MacBook-Air-M5-2026-13-6-16-GB-RAM-512-GB-SSD-8-Core-GPU-Mitternacht.webp?h=630&w=1200,5576130845,"MacBook Air M5 2026 13,6'' 16 GB RAM 512 GB SSD 8-Core GPU Mitternacht",laptop
b00774,"Apple MacBook Air 13 (M5, 2026) 34.5 cm (13.6 Zoll) 16 GB RAM 512 GB SSD 10-Core CPU 8-Core GPU Mitternacht MDHE4D/A",Conrad,1279.00,Apple,Notebooks,https://cdn.billiger.com/dynimg/QvI0fvMCh_Wof0p75-xL_QfVeNxTcYguahE8nUhH7Pc88MgR1b3VHcWvS03VxtgwLkIbR0xMrdDuz4C5VMLodnhowkFCC5Oqnpb4wemH8jt/Apple-MacBook-Air-M5-2026-13-6-16-GB-RAM-512-GB-SSD-8-Core-GPU-Mitternacht.webp?h=630&w=1200,5576130845,"MacBook Air M5 2026 13,6'' 16 GB RAM 512 GB SSD 8-Core GPU Mitternacht",laptop
b00775,"Apple MacBook Air - M5 - M5 8-core - 16 GB RAM - 512 GB SSD - 34.46 cm (13.6"")",Heinzsoft,1282.00,Apple,Notebooks,https://cdn.billiger.com/dynimg/QvI0fvMCh_Wof0p75-xL_QfVeNxTcYguahE8nUhH7Pc88MgR1b3VHcWvS03VxtgwLkIbR0xMrdDuz4C5VMLodnhowkFCC5Oqnpb4wemH8jt/Apple-MacBook-Air-M5-2026-13-6-16-GB-RAM-512-GB-SSD-8-Core-GPU-Mitternacht.webp?h=630&w=1200,5576130845,"MacBook Air M5 2026 13,6'' 16 GB RAM 512 GB SSD 8-Core GPU Mitternacht",laptop
b00776,APPLE MACBOOK AIR 13 M5 10C/8C/16C 16GB 512GB 30W - MIDNIGHT (MDHE4D/A),JACOB,1284.16,Apple,Notebooks,https://cdn.billiger.com/dynimg/QvI0fvMCh_Wof0p75-xL_QfVeNxTcYguahE8nUhH7Pc88MgR1b3VHcWvS03VxtgwLkIbR0xMrdDuz4C5VMLodnhowkFCC5Oqnpb4wemH8jt/Apple-MacBook-Air-M5-2026-13-6-16-GB-RAM-512-GB-SSD-8-Core-GPU-Mitternacht.webp?h=630&w=1200,5576130845,"MacBook Air M5 2026 13,6'' 16 GB RAM 512 GB SSD 8-Core GPU Mitternacht",laptop
b00777,"MacBook Air 34,5 cm (13,6"") 2026, Notebook - schwarz, 16 GB, 512 GB (512 GB SSD), M5, MacOS, Deutsch",Alternate,1289.00,Apple,Notebooks,https://cdn.billiger.com/dynimg/QvI0fvMCh_Wof0p75-xL_QfVeNxTcYguahE8nUhH7Pc88MgR1b3VHcWvS03VxtgwLkIbR0xMrdDuz4C5VMLodnhowkFCC5Oqnpb4wemH8jt/Apple-MacBook-Air-M5-2026-13-6-16-GB-RAM-512-GB-SSD-8-Core-GPU-Mitternacht.webp?h=630&w=1200,5576130845,"MacBook Air M5 2026 13,6'' 16 GB RAM 512 GB SSD 8-Core GPU Mitternacht",laptop
b00778,"Apple MacBook Air - M5 - M5 8-core - 16 GB RAM - 512 GB SSD - 34.46 cm (13.6"") - Navy",Kaufland.de,1300.91,Apple,Notebooks,https://cdn.billiger.com/dynimg/QvI0fvMCh_Wof0p75-xL_QfVeNxTcYguahE8nUhH7Pc88MgR1b3VHcWvS03VxtgwLkIbR0xMrdDuz4C5VMLodnhowkFCC5Oqnpb4wemH8jt/Apple-MacBook-Air-M5-2026-13-6-16-GB-RAM-512-GB-SSD-8-Core-GPU-Mitternacht.webp?h=630&w=1200,5576130845,"MacBook Air M5 2026 13,6'' 16 GB RAM 512 GB SSD 8-Core GPU Mitternacht",laptop
b00779,"APPLE MacBook Air (2026) - 13,6 Zoll Apple M5 16 GB 512 macOS",Media Markt Online Shop,1099.00,Apple,Notebooks,https://cdn.billiger.com/dynimg/IAkukV8ztptof0p75-xL_RzKuDfk6Md9qhE8nUhH7Pc88MgR1b3VHcWvS03VxtgwGpdN3Vtcv3zExIkSgOFgD2COXiadAah8gjfVlL3sOqw/Apple-MacBook-Air-M5-2026-13-6-16-GB-RAM-512-GB-SSD-8-Core-GPU-Himmelblau.webp?h=630&w=1200,5576130813,"MacBook Air M5 2026 13,6'' 16 GB RAM 512 GB SSD 8-Core GPU Himmelblau",laptop
b00780,"APPLE MacBook Air (2026) - 13,6 Zoll Apple M5 16 GB 512 macOS",Saturn Online Shop,1099.00,Apple,Notebooks,https://cdn.billiger.com/dynimg/IAkukV8ztptof0p75-xL_RzKuDfk6Md9qhE8nUhH7Pc88MgR1b3VHcWvS03VxtgwGpdN3Vtcv3zExIkSgOFgD2COXiadAah8gjfVlL3sOqw/Apple-MacBook-Air-M5-2026-13-6-16-GB-RAM-512-GB-SSD-8-Core-GPU-Himmelblau.webp?h=630&w=1200,5576130813,"MacBook Air M5 2026 13,6'' 16 GB RAM 512 GB SSD 8-Core GPU Himmelblau",laptop
b00781,"Apple MacBook Air 13"" (2026) M5 (10 CPU / 8 GPU) 16GB/512GB Blau QWERTZ",coolblue,1121.00,Apple,Notebooks,https://cdn.billiger.com/dynimg/IAkukV8ztptof0p75-xL_RzKuDfk6Md9qhE8nUhH7Pc88MgR1b3VHcWvS03VxtgwGpdN3Vtcv3zExIkSgOFgD2COXiadAah8gjfVlL3sOqw/Apple-MacBook-Air-M5-2026-13-6-16-GB-RAM-512-GB-SSD-8-Core-GPU-Himmelblau.webp?h=630&w=1200,5576130813,"MacBook Air M5 2026 13,6'' 16 GB RAM 512 GB SSD 8-Core GPU Himmelblau",laptop
b00782,"MacBook Air, 13 Zoll, Himmelblau, 2026, M5, 10-Core CPU, 8-Core GPU, 16 GB, 512 GB SSD",Expert,1149.00,Apple,Notebooks,https://cdn.billiger.com/dynimg/IAkukV8ztptof0p75-xL_RzKuDfk6Md9qhE8nUhH7Pc88MgR1b3VHcWvS03VxtgwGpdN3Vtcv3zExIkSgOFgD2COXiadAah8gjfVlL3sOqw/Apple-MacBook-Air-M5-2026-13-6-16-GB-RAM-512-GB-SSD-8-Core-GPU-Himmelblau.webp?h=630&w=1200,5576130813,"MacBook Air M5 2026 13,6'' 16 GB RAM 512 GB SSD 8-Core GPU Himmelblau",laptop
b00783,"Apple MacBook Air - M5 - M5 8-core - 16 GB RAM - 512 GB SSD - 34.46 cm (13.6"") - Blau",Kaufland.de,1157.24,Apple,Notebooks,https://cdn.billiger.com/dynimg/IAkukV8ztptof0p75-xL_RzKuDfk6Md9qhE8nUhH7Pc88MgR1b3VHcWvS03VxtgwGpdN3Vtcv3zExIkSgOFgD2COXiadAah8gjfVlL3sOqw/Apple-MacBook-Air-M5-2026-13-6-16-GB-RAM-512-GB-SSD-8-Core-GPU-Himmelblau.webp?h=630&w=1200,5576130813,"MacBook Air M5 2026 13,6'' 16 GB RAM 512 GB SSD 8-Core GPU Himmelblau",laptop
b00784,"Apple MacBook Air 13"" M5 Himmelblau MDHH4D/A Apple M5 chip mit 10-core CPU and 8-core GPU, 16GB, 512GB SSD - Himmelblau, kein Netzteil | Laptop by NBB",notebooksbilliger,1199.00,Apple,Notebooks,https://cdn.billiger.com/dynimg/IAkukV8ztptof0p75-xL_RzKuDfk6Md9qhE8nUhH7Pc88MgR1b3VHcWvS03VxtgwGpdN3Vtcv3zExIkSgOFgD2COXiadAah8gjfVlL3sOqw/Apple-MacBook-Air-M5-2026-13-6-16-GB-RAM-512-GB-SSD-8-Core-GPU-Himmelblau.webp?h=630&w=1200,5576130813,"MacBook Air M5 2026 13,6'' 16 GB RAM 512 GB SSD 8-Core GPU Himmelblau",laptop
b00785,"Apple MacBook Air 13"" M5 Himmelblau MDHH4D/A Apple M5 chip mit 10-core CPU and 8",ebay.de,1265.99,Apple,Notebooks,https://cdn.billiger.com/dynimg/IAkukV8ztptof0p75-xL_RzKuDfk6Md9qhE8nUhH7Pc88MgR1b3VHcWvS03VxtgwGpdN3Vtcv3zExIkSgOFgD2COXiadAah8gjfVlL3sOqw/Apple-MacBook-Air-M5-2026-13-6-16-GB-RAM-512-GB-SSD-8-Core-GPU-Himmelblau.webp?h=630&w=1200,5576130813,"MacBook Air M5 2026 13,6'' 16 GB RAM 512 GB SSD 8-Core GPU Himmelblau",laptop
b00786,"Apple MacBook Air 13"" M5, Sky Blue, M5 - 10 Core CPU / 8 Core GPU, 16GB RAM, 512GB SSD, DE [2026]",Heinzsoft,1282.00,Apple,Notebooks,https://cdn.billiger.com/dynimg/IAkukV8ztptof0p75-xL_RzKuDfk6Md9qhE8nUhH7Pc88MgR1b3VHcWvS03VxtgwGpdN3Vtcv3zExIkSgOFgD2COXiadAah8gjfVlL3sOqw/Apple-MacBook-Air-M5-2026-13-6-16-GB-RAM-512-GB-SSD-8-Core-GPU-Himmelblau.webp?h=630&w=1200,5576130813,"MacBook Air M5 2026 13,6'' 16 GB RAM 512 GB SSD 8-Core GPU Himmelblau",laptop
b00787,APPLE MACBOOK AIR 13 M5 10C/8C/16C 16GB 512GB 30W - SKY BLUE (MDHH4D/A),JACOB,1284.16,Apple,Notebooks,https://cdn.billiger.com/dynimg/IAkukV8ztptof0p75-xL_RzKuDfk6Md9qhE8nUhH7Pc88MgR1b3VHcWvS03VxtgwGpdN3Vtcv3zExIkSgOFgD2COXiadAah8gjfVlL3sOqw/Apple-MacBook-Air-M5-2026-13-6-16-GB-RAM-512-GB-SSD-8-Core-GPU-Himmelblau.webp?h=630&w=1200,5576130813,"MacBook Air M5 2026 13,6'' 16 GB RAM 512 GB SSD 8-Core GPU Himmelblau",laptop
b00788,"MacBook Air 34,5 cm (13,6"") 2026, Notebook - hellblau, 16 GB, 512 GB (512 GB SSD), M5, MacOS, Deutsch",Alternate,1289.00,Apple,Notebooks,https://cdn.billiger.com/dynimg/IAkukV8ztptof0p75-xL_RzKuDfk6Md9qhE8nUhH7Pc88MgR1b3VHcWvS03VxtgwGpdN3Vtcv3zExIkSgOFgD2COXiadAah8gjfVlL3sOqw/Apple-MacBook-Air-M5-2026-13-6-16-GB-RAM-512-GB-SSD-8-Core-GPU-Himmelblau.webp?h=630&w=1200,5576130813,"MacBook Air M5 2026 13,6'' 16 GB RAM 512 GB SSD 8-Core GPU Himmelblau",laptop
b00789,"APPLE MacBook Air (2026) - 13,6 Zoll Apple M5 16 GB 512 macOS",Media Markt Online Shop,1149.00,Apple,Notebooks,https://cdn.billiger.com/dynimg/mldQl4Su1dHof0p75-xL_RT16iDhAr6-ahE8nUhH7Pc88MgR1b3VHcWvS03VxtgwDlkAwKDGLiGzBhXT2cDpSDWY8dnnzMrMqx80M9pc_JS/Apple-MacBook-Air-M5-2026-13-6-16-GB-RAM-512-GB-SSD-8-Core-GPU-Silber.webp?h=630&w=1200,5576129099,"MacBook Air M5 2026 13,6'' 16 GB RAM 512 GB SSD 8-Core GPU Silber",laptop
b00790,"APPLE MacBook Air (2026) - 13,6 Zoll Apple M5 16 GB 512 macOS",Saturn Online Shop,1149.00,Apple,Notebooks,https://cdn.billiger.com/dynimg/mldQl4Su1dHof0p75-xL_RT16iDhAr6-ahE8nUhH7Pc88MgR1b3VHcWvS03VxtgwDlkAwKDGLiGzBhXT2cDpSDWY8dnnzMrMqx80M9pc_JS/Apple-MacBook-Air-M5-2026-13-6-16-GB-RAM-512-GB-SSD-8-Core-GPU-Silber.webp?h=630&w=1200,5576129099,"MacBook Air M5 2026 13,6'' 16 GB RAM 512 GB SSD 8-Core GPU Silber",laptop
b00791,"MacBook Air, 13 Zoll, Silber, 2026, M5, 10-Core CPU, 8-Core GPU, 16 GB, 512 GB SSD",Expert,1174.78,Apple,Notebooks,https://cdn.billiger.com/dynimg/mldQl4Su1dHof0p75-xL_RT16iDhAr6-ahE8nUhH7Pc88MgR1b3VHcWvS03VxtgwDlkAwKDGLiGzBhXT2cDpSDWY8dnnzMrMqx80M9pc_JS/Apple-MacBook-Air-M5-2026-13-6-16-GB-RAM-512-GB-SSD-8-Core-GPU-Silber.webp?h=630&w=1200,5576129099,"MacBook Air M5 2026 13,6'' 16 GB RAM 512 GB SSD 8-Core GPU Silber",laptop
b00792,"Apple MacBook Air - M5 - M5 8-core - 16 GB RAM - 512 GB SSD - 34.46 cm (13.6"") - Silber",Kaufland.de,1199.00,Apple,Notebooks,https://cdn.billiger.com/dynimg/mldQl4Su1dHof0p75-xL_RT16iDhAr6-ahE8nUhH7Pc88MgR1b3VHcWvS03VxtgwDlkAwKDGLiGzBhXT2cDpSDWY8dnnzMrMqx80M9pc_JS/Apple-MacBook-Air-M5-2026-13-6-16-GB-RAM-512-GB-SSD-8-Core-GPU-Silber.webp?h=630&w=1200,5576129099,"MacBook Air M5 2026 13,6'' 16 GB RAM 512 GB SSD 8-Core GPU Silber",laptop
b00793,"Apple MacBook Air 13 (M5, 2026) 34.5 cm (13.6 Zoll) 16 GB RAM 512 GB SSD 10-Core CPU 8-Core GPU Silber MDH74D/A",Conrad,1279.00,Apple,Notebooks,https://cdn.billiger.com/dynimg/mldQl4Su1dHof0p75-xL_RT16iDhAr6-ahE8nUhH7Pc88MgR1b3VHcWvS03VxtgwDlkAwKDGLiGzBhXT2cDpSDWY8dnnzMrMqx80M9pc_JS/Apple-MacBook-Air-M5-2026-13-6-16-GB-RAM-512-GB-SSD-8-Core-GPU-Silber.webp?h=630&w=1200,5576129099,"MacBook Air M5 2026 13,6'' 16 GB RAM 512 GB SSD 8-Core GPU Silber",laptop
b00794,"Apple MacBook Air 13"" Silber M5 16GB 512GB SSD",ebay.de,1304.10,Apple,Notebooks,https://cdn.billiger.com/dynimg/mldQl4Su1dHof0p75-xL_RT16iDhAr6-ahE8nUhH7Pc88MgR1b3VHcWvS03VxtgwDlkAwKDGLiGzBhXT2cDpSDWY8dnnzMrMqx80M9pc_JS/Apple-MacBook-Air-M5-2026-13-6-16-GB-RAM-512-GB-SSD-8-Core-GPU-Silber.webp?h=630&w=1200,5576129099,"MacBook Air M5 2026 13,6'' 16 GB RAM 512 GB SSD 8-Core GPU Silber",laptop
b00795,"Apple MacBook Air 13"" M5, silber, M5 - 10 Core CPU / 8 Core GPU, 16GB RAM, 512GB SSD, DE [2026]",Heinzsoft,1356.00,Apple,Notebooks,https://cdn.billiger.com/dynimg/mldQl4Su1dHof0p75-xL_RT16iDhAr6-ahE8nUhH7Pc88MgR1b3VHcWvS03VxtgwDlkAwKDGLiGzBhXT2cDpSDWY8dnnzMrMqx80M9pc_JS/Apple-MacBook-Air-M5-2026-13-6-16-GB-RAM-512-GB-SSD-8-Core-GPU-Silber.webp?h=630&w=1200,5576129099,"MacBook Air M5 2026 13,6'' 16 GB RAM 512 GB SSD 8-Core GPU Silber",laptop
b00796,"Apple MacBook Air Apple M M5 Laptop 34,5 cm (13.6"") 16 GB 512 GB SSD Wi-Fi 7 (802.11be) macOS Tahoe Silber",JB-Computer,1360.90,Apple,Notebooks,https://cdn.billiger.com/dynimg/mldQl4Su1dHof0p75-xL_RT16iDhAr6-ahE8nUhH7Pc88MgR1b3VHcWvS03VxtgwDlkAwKDGLiGzBhXT2cDpSDWY8dnnzMrMqx80M9pc_JS/Apple-MacBook-Air-M5-2026-13-6-16-GB-RAM-512-GB-SSD-8-Core-GPU-Silber.webp?h=630&w=1200,5576129099,"MacBook Air M5 2026 13,6'' 16 GB RAM 512 GB SSD 8-Core GPU Silber",laptop
b00797,"Apple 13-inch MacBook Air Notebook (34,46 cm/13,6 Zoll, Apple M5, 8-Core GPU, 16 GB, 512 GB SSD) silberfarben 512 GB | 16 GB RAM",OTTO,1399.00,Apple,Notebooks,https://cdn.billiger.com/dynimg/mldQl4Su1dHof0p75-xL_RT16iDhAr6-ahE8nUhH7Pc88MgR1b3VHcWvS03VxtgwDlkAwKDGLiGzBhXT2cDpSDWY8dnnzMrMqx80M9pc_JS/Apple-MacBook-Air-M5-2026-13-6-16-GB-RAM-512-GB-SSD-8-Core-GPU-Silber.webp?h=630&w=1200,5576129099,"MacBook Air M5 2026 13,6'' 16 GB RAM 512 GB SSD 8-Core GPU Silber",laptop
b00798,"Apple MacBook Air 13"" 2026 M5/16/512GB 10C CPU 8C GPU Silber MDH74D/A",computeruniverse.net,1399.00,Apple,Notebooks,https://cdn.billiger.com/dynimg/mldQl4Su1dHof0p75-xL_RT16iDhAr6-ahE8nUhH7Pc88MgR1b3VHcWvS03VxtgwDlkAwKDGLiGzBhXT2cDpSDWY8dnnzMrMqx80M9pc_JS/Apple-MacBook-Air-M5-2026-13-6-16-GB-RAM-512-GB-SSD-8-Core-GPU-Silber.webp?h=630&w=1200,5576129099,"MacBook Air M5 2026 13,6'' 16 GB RAM 512 GB SSD 8-Core GPU Silber",laptop
b00799,"Apple MacBook Air 13 (M4, 2025) 33 cm (13 Zoll) 16 GB RAM 256 GB SSD 10-Core CPU 8-Core GPU Polarstern MW0Y3D/A",Conrad,865.00,Apple,Notebooks,https://cdn.billiger.com/dynimg/v1LDVCY_UHPof0p75-xL_R75XHBjUlYbahE8nUhH7Pc88MgR1b3VHcWvS03VxtgwJOSxirlrP4ayLp2QTooM2NxavsBdebU4xSEhxc4tMt0/Apple-MacBook-Air-M4-2025-13-16-GB-RAM-256-GB-SSD-8-Core-GPU-Polarstern.webp?h=630&w=1200,5213831150,MacBook Air M4 2025 13'' 16 GB RAM 256 GB SSD 8-Core GPU Polarstern,laptop
b00800,"APPLE MacBook Air (2025), MW0Y3D/A - 13,6 Zoll Apple M4 16 GB 256 macOS",Media Markt Online Shop,879.00,Apple,Notebooks,https://cdn.billiger.com/dynimg/v1LDVCY_UHPof0p75-xL_R75XHBjUlYbahE8nUhH7Pc88MgR1b3VHcWvS03VxtgwJOSxirlrP4ayLp2QTooM2NxavsBdebU4xSEhxc4tMt0/Apple-MacBook-Air-M4-2025-13-16-GB-RAM-256-GB-SSD-8-Core-GPU-Polarstern.webp?h=630&w=1200,5213831150,MacBook Air M4 2025 13'' 16 GB RAM 256 GB SSD 8-Core GPU Polarstern,laptop
b00801,"APPLE MacBook Air (2025), MW0Y3D/A - 13,6 Zoll Apple M4 16 GB 256 macOS",Saturn Online Shop,879.00,Apple,Notebooks,https://cdn.billiger.com/dynimg/v1LDVCY_UHPof0p75-xL_R75XHBjUlYbahE8nUhH7Pc88MgR1b3VHcWvS03VxtgwJOSxirlrP4ayLp2QTooM2NxavsBdebU4xSEhxc4tMt0/Apple-MacBook-Air-M4-2025-13-16-GB-RAM-256-GB-SSD-8-Core-GPU-Polarstern.webp?h=630&w=1200,5213831150,MacBook Air M4 2025 13'' 16 GB RAM 256 GB SSD 8-Core GPU Polarstern,laptop
b00802,"Apple MacBook Air (13,6"") polarstern",ebay.de,922.08,Apple,Notebooks,https://cdn.billiger.com/dynimg/v1LDVCY_UHPof0p75-xL_R75XHBjUlYbahE8nUhH7Pc88MgR1b3VHcWvS03VxtgwJOSxirlrP4ayLp2QTooM2NxavsBdebU4xSEhxc4tMt0/Apple-MacBook-Air-M4-2025-13-16-GB-RAM-256-GB-SSD-8-Core-GPU-Polarstern.webp?h=630&w=1200,5213831150,MacBook Air M4 2025 13'' 16 GB RAM 256 GB SSD 8-Core GPU Polarstern,laptop
b00803,APPLE MACBOOK AIR 13 M4 10C/8C/16C 16GB 256GB 30W - STARLIGHT (MW0Y3D/A),JACOB,984.00,Apple,Notebooks,https://cdn.billiger.com/dynimg/v1LDVCY_UHPof0p75-xL_R75XHBjUlYbahE8nUhH7Pc88MgR1b3VHcWvS03VxtgwJOSxirlrP4ayLp2QTooM2NxavsBdebU4xSEhxc4tMt0/Apple-MacBook-Air-M4-2025-13-16-GB-RAM-256-GB-SSD-8-Core-GPU-Polarstern.webp?h=630&w=1200,5213831150,MacBook Air M4 2025 13'' 16 GB RAM 256 GB SSD 8-Core GPU Polarstern,laptop
b00804,"Apple MacBook Air – 2025 (13.60"", 256 GB, 16 GB, DE, M4), Notebook, Gold",Galaxus.de,1030.00,Apple,Notebooks,https://cdn.billiger.com/dynimg/v1LDVCY_UHPof0p75-xL_R75XHBjUlYbahE8nUhH7Pc88MgR1b3VHcWvS03VxtgwJOSxirlrP4ayLp2QTooM2NxavsBdebU4xSEhxc4tMt0/Apple-MacBook-Air-M4-2025-13-16-GB-RAM-256-GB-SSD-8-Core-GPU-Polarstern.webp?h=630&w=1200,5213831150,MacBook Air M4 2025 13'' 16 GB RAM 256 GB SSD 8-Core GPU Polarstern,laptop
b00805,"Apple MacBook Air - M4 - Apple M4 8-core - 16 GB RAM - 256 GB SSD - 34.46 cm (13.6"") - Beige",Kaufland.de,1059.58,Apple,Notebooks,https://cdn.billiger.com/dynimg/v1LDVCY_UHPof0p75-xL_R75XHBjUlYbahE8nUhH7Pc88MgR1b3VHcWvS03VxtgwJOSxirlrP4ayLp2QTooM2NxavsBdebU4xSEhxc4tMt0/Apple-MacBook-Air-M4-2025-13-16-GB-RAM-256-GB-SSD-8-Core-GPU-Polarstern.webp?h=630&w=1200,5213831150,MacBook Air M4 2025 13'' 16 GB RAM 256 GB SSD 8-Core GPU Polarstern,laptop
b00806,"APPLE MacBook Air (2025), MC6T4D/A - 13,6 Zoll Apple M4 16 GB 256 macOS",Media Markt Online Shop,899.00,Apple,Notebooks,https://cdn.billiger.com/dynimg/2dGabGpjs-8of0p75-xL_S3wrf2Y4DNM6hE8nUhH7Pc88MgR1b3VHcWvS03VxtgwPnVIJQlW7bzCeAN0nE8-Z0X99qlfHlf-W8PSogxqgBU/Apple-MacBook-Air-M4-2025-13-16-GB-RAM-256-GB-SSD-8-Core-GPU-Himmelblau.webp?h=630&w=1200,5213705085,MacBook Air M4 2025 13'' 16 GB RAM 256 GB SSD 8-Core GPU Himmelblau,laptop
b00807,"APPLE MacBook Air (2025), MC6T4D/A - 13,6 Zoll Apple M4 16 GB 256 macOS",Saturn Online Shop,899.00,Apple,Notebooks,https://cdn.billiger.com/dynimg/2dGabGpjs-8of0p75-xL_S3wrf2Y4DNM6hE8nUhH7Pc88MgR1b3VHcWvS03VxtgwPnVIJQlW7bzCeAN0nE8-Z0X99qlfHlf-W8PSogxqgBU/Apple-MacBook-Air-M4-2025-13-16-GB-RAM-256-GB-SSD-8-Core-GPU-Himmelblau.webp?h=630&w=1200,5213705085,MacBook Air M4 2025 13'' 16 GB RAM 256 GB SSD 8-Core GPU Himmelblau,laptop
b00808,APPLE MACBOOK AIR 13 M4 10C/8C/16C 16GB 256GB 30W - SKY BLUE (MC6T4D/A),JACOB,958.06,Apple,Notebooks,https://cdn.billiger.com/dynimg/2dGabGpjs-8of0p75-xL_S3wrf2Y4DNM6hE8nUhH7Pc88MgR1b3VHcWvS03VxtgwPnVIJQlW7bzCeAN0nE8-Z0X99qlfHlf-W8PSogxqgBU/Apple-MacBook-Air-M4-2025-13-16-GB-RAM-256-GB-SSD-8-Core-GPU-Himmelblau.webp?h=630&w=1200,5213705085,MacBook Air M4 2025 13'' 16 GB RAM 256 GB SSD 8-Core GPU Himmelblau,laptop
b00809,"Apple MacBook Air (13""), 2025, Himmelblau, M4, 10-Core-CPU, 10-Core-GP #8068814",ebay.de,979.99,Apple,Notebooks,https://cdn.billiger.com/dynimg/2dGabGpjs-8of0p75-xL_S3wrf2Y4DNM6hE8nUhH7Pc88MgR1b3VHcWvS03VxtgwPnVIJQlW7bzCeAN0nE8-Z0X99qlfHlf-W8PSogxqgBU/Apple-MacBook-Air-M4-2025-13-16-GB-RAM-256-GB-SSD-8-Core-GPU-Himmelblau.webp?h=630&w=1200,5213705085,MacBook Air M4 2025 13'' 16 GB RAM 256 GB SSD 8-Core GPU Himmelblau,laptop
b00810,"Apple MacBook Air - M4 - Apple M4 8-core - 16 GB RAM - 256 GB SSD - 34.46 cm (13.6"") - Blau",Kaufland.de,1015.62,Apple,Notebooks,https://cdn.billiger.com/dynimg/2dGabGpjs-8of0p75-xL_S3wrf2Y4DNM6hE8nUhH7Pc88MgR1b3VHcWvS03VxtgwPnVIJQlW7bzCeAN0nE8-Z0X99qlfHlf-W8PSogxqgBU/Apple-MacBook-Air-M4-2025-13-16-GB-RAM-256-GB-SSD-8-Core-GPU-Himmelblau.webp?h=630&w=1200,5213705085,MacBook Air M4 2025 13'' 16 GB RAM 256 GB SSD 8-Core GPU Himmelblau,laptop
b00811,Apple MacBook Air 13 Zoll M4 16 GB 256 GB SSD-Festplatte Himmelblau,Viking,1028.16,Apple,Notebooks,https://cdn.billiger.com/dynimg/2dGabGpjs-8of0p75-xL_S3wrf2Y4DNM6hE8nUhH7Pc88MgR1b3VHcWvS03VxtgwPnVIJQlW7bzCeAN0nE8-Z0X99qlfHlf-W8PSogxqgBU/Apple-MacBook-Air-M4-2025-13-16-GB-RAM-256-GB-SSD-8-Core-GPU-Himmelblau.webp?h=630&w=1200,5213705085,MacBook Air M4 2025 13'' 16 GB RAM 256 GB SSD 8-Core GPU Himmelblau,laptop
b00812,"Apple MacBook Air – 2025 (13.60"", 256 GB, 16 GB, DE, M4), Notebook, Blau",Galaxus.de,1050.00,Apple,Notebooks,https://cdn.billiger.com/dynimg/2dGabGpjs-8of0p75-xL_S3wrf2Y4DNM6hE8nUhH7Pc88MgR1b3VHcWvS03VxtgwPnVIJQlW7bzCeAN0nE8-Z0X99qlfHlf-W8PSogxqgBU/Apple-MacBook-Air-M4-2025-13-16-GB-RAM-256-GB-SSD-8-Core-GPU-Himmelblau.webp?h=630&w=1200,5213705085,MacBook Air M4 2025 13'' 16 GB RAM 256 GB SSD 8-Core GPU Himmelblau,laptop
b00813,"Apple 13"" MacBook Air mit M4 Chip, 10‐Core CPU, 8‐Core GPU, 16GB RAM und 256GB SSD in Himmelblau",visunext,1050.00,Apple,Notebooks,https://cdn.billiger.com/dynimg/2dGabGpjs-8of0p75-xL_S3wrf2Y4DNM6hE8nUhH7Pc88MgR1b3VHcWvS03VxtgwPnVIJQlW7bzCeAN0nE8-Z0X99qlfHlf-W8PSogxqgBU/Apple-MacBook-Air-M4-2025-13-16-GB-RAM-256-GB-SSD-8-Core-GPU-Himmelblau.webp?h=630&w=1200,5213705085,MacBook Air M4 2025 13'' 16 GB RAM 256 GB SSD 8-Core GPU Himmelblau,laptop
b00814,"APPLE MacBook Air (2025), MW123D/A, 13,6 Zoll Display, Apple M4",ebay.de,919.99,Apple,Notebooks,https://cdn.billiger.com/dynimg/la1zcxEAKXdof0p75-xL_RRlzakIdyOU6hE8nUhH7Pc88MgR1b3VHcWvS03VxtgwMptlTopCkokGcciG6CQHWfYB1QKqC3HLAIR066VoG6K/Apple-MacBook-Air-M4-2025-13-16-GB-RAM-256-GB-SSD-8-Core-GPU-Mitternacht.webp?h=630&w=1200,5213732467,MacBook Air M4 2025 13'' 16 GB RAM 256 GB SSD 8-Core GPU Mitternacht,laptop
b00815,"APPLE MacBook Air (2025), MW123D/A - 13,6 Zoll Apple M4 16 GB 256 macOS",Media Markt Online Shop,972.00,Apple,Notebooks,https://cdn.billiger.com/dynimg/la1zcxEAKXdof0p75-xL_RRlzakIdyOU6hE8nUhH7Pc88MgR1b3VHcWvS03VxtgwMptlTopCkokGcciG6CQHWfYB1QKqC3HLAIR066VoG6K/Apple-MacBook-Air-M4-2025-13-16-GB-RAM-256-GB-SSD-8-Core-GPU-Mitternacht.webp?h=630&w=1200,5213732467,MacBook Air M4 2025 13'' 16 GB RAM 256 GB SSD 8-Core GPU Mitternacht,laptop
b00816,"APPLE MacBook Air (2025), MW123D/A - 13,6 Zoll Apple M4 16 GB 256 macOS",Saturn Online Shop,972.00,Apple,Notebooks,https://cdn.billiger.com/dynimg/la1zcxEAKXdof0p75-xL_RRlzakIdyOU6hE8nUhH7Pc88MgR1b3VHcWvS03VxtgwMptlTopCkokGcciG6CQHWfYB1QKqC3HLAIR066VoG6K/Apple-MacBook-Air-M4-2025-13-16-GB-RAM-256-GB-SSD-8-Core-GPU-Mitternacht.webp?h=630&w=1200,5213732467,MacBook Air M4 2025 13'' 16 GB RAM 256 GB SSD 8-Core GPU Mitternacht,laptop
b00817,APPLE MACBOOK AIR 13 M4 10C/8C/16C 16GB 256GB 30W - MIDNIGHT (MW123D/A),JACOB,991.42,Apple,Notebooks,https://cdn.billiger.com/dynimg/la1zcxEAKXdof0p75-xL_RRlzakIdyOU6hE8nUhH7Pc88MgR1b3VHcWvS03VxtgwMptlTopCkokGcciG6CQHWfYB1QKqC3HLAIR066VoG6K/Apple-MacBook-Air-M4-2025-13-16-GB-RAM-256-GB-SSD-8-Core-GPU-Mitternacht.webp?h=630&w=1200,5213732467,MacBook Air M4 2025 13'' 16 GB RAM 256 GB SSD 8-Core GPU Mitternacht,laptop
b00818,"Apple MacBook Air - M4 - Apple M4 8-core - 16 GB RAM - 256 GB SSD - 34.46 cm (13.6"") - Navy",Kaufland.de,1049.55,Apple,Notebooks,https://cdn.billiger.com/dynimg/la1zcxEAKXdof0p75-xL_RRlzakIdyOU6hE8nUhH7Pc88MgR1b3VHcWvS03VxtgwMptlTopCkokGcciG6CQHWfYB1QKqC3HLAIR066VoG6K/Apple-MacBook-Air-M4-2025-13-16-GB-RAM-256-GB-SSD-8-Core-GPU-Mitternacht.webp?h=630&w=1200,5213732467,MacBook Air M4 2025 13'' 16 GB RAM 256 GB SSD 8-Core GPU Mitternacht,laptop
b00819,"Apple MacBook Air – 2025 (13.60"", 256 GB, 16 GB, DE, M4), Notebook, Grau",Galaxus.de,1135.00,Apple,Notebooks,https://cdn.billiger.com/dynimg/la1zcxEAKXdof0p75-xL_RRlzakIdyOU6hE8nUhH7Pc88MgR1b3VHcWvS03VxtgwMptlTopCkokGcciG6CQHWfYB1QKqC3HLAIR066VoG6K/Apple-MacBook-Air-M4-2025-13-16-GB-RAM-256-GB-SSD-8-Core-GPU-Mitternacht.webp?h=630&w=1200,5213732467,MacBook Air M4 2025 13'' 16 GB RAM 256 GB SSD 8-Core GPU Mitternacht,laptop
b00820,"Apple MacBook Neo - 256GB - 8G RAM - QWERTZ - 13"" - USB-C - NEUWARE & OVPᅠᅠᅠᅠᅠᅠᅠ",ebay.de,638.88,Apple,Notebooks,https://cdn.billiger.com/dynimg/OyNnADtTM0Cof0p75-xL_ShSkJ0oMwruqhE8nUhH7Pc88MgR1b3VHcWvS03VxtgwHe0OljGrJpLWZ7YmEG-51ZWjmMvzXIA6jkinlkT7mh0/Apple-MacBook-Neo-13-A18-Pro-8-GB-RAM-256-GB-SSD-Silber.webp?h=630&w=1200,5576867267,MacBook Neo 13'' A18 Pro 8 GB RAM 256 GB SSD Silber,laptop
b00821,Notebook 33 cm (13 Zoll) 2408 x 1506 Pixel 256 GB SSD macOS Tahoe Apple A  MacBook Neo (Silber),Boomstore,665.00,Apple,Notebooks,https://cdn.billiger.com/dynimg/OyNnADtTM0Cof0p75-xL_ShSkJ0oMwruqhE8nUhH7Pc88MgR1b3VHcWvS03VxtgwHe0OljGrJpLWZ7YmEG-51ZWjmMvzXIA6jkinlkT7mh0/Apple-MacBook-Neo-13-A18-Pro-8-GB-RAM-256-GB-SSD-Silber.webp?h=630&w=1200,5576867267,MacBook Neo 13'' A18 Pro 8 GB RAM 256 GB SSD Silber,laptop
b00822,"Apple MacBook Neo - A18 Pro - Apple A18 Pro 5-core - 8 GB RAM - 256 GB SSD - 33.02 cm (13"") - Silber",Kaufland.de,669.00,Apple,Notebooks,https://cdn.billiger.com/dynimg/OyNnADtTM0Cof0p75-xL_ShSkJ0oMwruqhE8nUhH7Pc88MgR1b3VHcWvS03VxtgwHe0OljGrJpLWZ7YmEG-51ZWjmMvzXIA6jkinlkT7mh0/Apple-MacBook-Neo-13-A18-Pro-8-GB-RAM-256-GB-SSD-Silber.webp?h=630&w=1200,5576867267,MacBook Neo 13'' A18 Pro 8 GB RAM 256 GB SSD Silber,laptop
b00823,"MacBook Neo, 13 Zoll, Silber, 2026, A18 Pro, 6-Core CPU, 5-Core GPU, 8 GB, 256 GB SSD",Expert,669.00,Apple,Notebooks,https://cdn.billiger.com/dynimg/OyNnADtTM0Cof0p75-xL_ShSkJ0oMwruqhE8nUhH7Pc88MgR1b3VHcWvS03VxtgwHe0OljGrJpLWZ7YmEG-51ZWjmMvzXIA6jkinlkT7mh0/Apple-MacBook-Neo-13-A18-Pro-8-GB-RAM-256-GB-SSD-Silber.webp?h=630&w=1200,5576867267,MacBook Neo 13'' A18 Pro 8 GB RAM 256 GB SSD Silber,laptop
b00824,Apple MacBook Neo 13 silber A18 Pro 8GB/256GB (MHFA4D/A),JACOB,698.99,Apple,Notebooks,https://cdn.billiger.com/dynimg/OyNnADtTM0Cof0p75-xL_ShSkJ0oMwruqhE8nUhH7Pc88MgR1b3VHcWvS03VxtgwHe0OljGrJpLWZ7YmEG-51ZWjmMvzXIA6jkinlkT7mh0/Apple-MacBook-Neo-13-A18-Pro-8-GB-RAM-256-GB-SSD-Silber.webp?h=630&w=1200,5576867267,MacBook Neo 13'' A18 Pro 8 GB RAM 256 GB SSD Silber,laptop
b00825,APPLE MacBook Neo - 13 Zoll Apple A18 Pro 8 GB 256 macOS,Media Markt Online Shop,699.00,Apple,Notebooks,https://cdn.billiger.com/dynimg/OyNnADtTM0Cof0p75-xL_ShSkJ0oMwruqhE8nUhH7Pc88MgR1b3VHcWvS03VxtgwHe0OljGrJpLWZ7YmEG-51ZWjmMvzXIA6jkinlkT7mh0/Apple-MacBook-Neo-13-A18-Pro-8-GB-RAM-256-GB-SSD-Silber.webp?h=630&w=1200,5576867267,MacBook Neo 13'' A18 Pro 8 GB RAM 256 GB SSD Silber,laptop
b00826,APPLE MacBook Neo - 13 Zoll Apple A18 Pro 8 GB 256 macOS,Saturn Online Shop,699.00,Apple,Notebooks,https://cdn.billiger.com/dynimg/OyNnADtTM0Cof0p75-xL_ShSkJ0oMwruqhE8nUhH7Pc88MgR1b3VHcWvS03VxtgwHe0OljGrJpLWZ7YmEG-51ZWjmMvzXIA6jkinlkT7mh0/Apple-MacBook-Neo-13-A18-Pro-8-GB-RAM-256-GB-SSD-Silber.webp?h=630&w=1200,5576867267,MacBook Neo 13'' A18 Pro 8 GB RAM 256 GB SSD Silber,laptop
b00827,"Apple 13 Zoll MacBook Neo, A18 Pro Chip mit 6-Core CPU und 5-Core GPU, 8 GB, 256 GB SSD ohne Touch ID – Silber (deutsches QWERTZ-Tastaturlayout)",Joybuy,699.00,Apple,Notebooks,https://cdn.billiger.com/dynimg/OyNnADtTM0Cof0p75-xL_ShSkJ0oMwruqhE8nUhH7Pc88MgR1b3VHcWvS03VxtgwHe0OljGrJpLWZ7YmEG-51ZWjmMvzXIA6jkinlkT7mh0/Apple-MacBook-Neo-13-A18-Pro-8-GB-RAM-256-GB-SSD-Silber.webp?h=630&w=1200,5576867267,MacBook Neo 13'' A18 Pro 8 GB RAM 256 GB SSD Silber,laptop
b00828,"Apple Black Week % | Neo 13"" Silber MHFA4D/A Apple A18 Pro chip, 6-Core CPU, 5-Core GPU, 8GB, 256GB SSD | Laptop by NBB",notebooksbilliger,699.00,Apple,Notebooks,https://cdn.billiger.com/dynimg/OyNnADtTM0Cof0p75-xL_ShSkJ0oMwruqhE8nUhH7Pc88MgR1b3VHcWvS03VxtgwHe0OljGrJpLWZ7YmEG-51ZWjmMvzXIA6jkinlkT7mh0/Apple-MacBook-Neo-13-A18-Pro-8-GB-RAM-256-GB-SSD-Silber.webp?h=630&w=1200,5576867267,MacBook Neo 13'' A18 Pro 8 GB RAM 256 GB SSD Silber,laptop
b00829,"Apple Laptop MacBook Neo MHFA4D/A, silber, 13 Zoll, 6C CPU / 5C GPU, Apple A18 Pro, 256 GB SSD, 8 GB RAM",bueromarkt-ag.de,713.99,Apple,Notebooks,https://cdn.billiger.com/dynimg/OyNnADtTM0Cof0p75-xL_ShSkJ0oMwruqhE8nUhH7Pc88MgR1b3VHcWvS03VxtgwHe0OljGrJpLWZ7YmEG-51ZWjmMvzXIA6jkinlkT7mh0/Apple-MacBook-Neo-13-A18-Pro-8-GB-RAM-256-GB-SSD-Silber.webp?h=630&w=1200,5576867267,MacBook Neo 13'' A18 Pro 8 GB RAM 256 GB SSD Silber,laptop
b00830,"Apple 13"" MacBook Neo Laptop mit A18 Pro Chip: Entwickelt für KI und Apple Intelligence, Liquid Retina Display, 8 GB gemeinsamem Arbeitsspeicher, 256 GB SSD Speicher, 1080p FaceTime HD Kamera; Rosa",amazon.de,649.00,Apple,Notebooks,https://cdn.billiger.com/dynimg/IHfK5uM9e1Cof0p75-xL_SNIRrKyOoZcKhE8nUhH7Pc88MgR1b3VHcWvS03VxtgwEyR6-MHYFQUKYsENbOjirw2_VliJ3-zX1gjRFOx2LBe/Apple-MacBook-Neo-13-A18-Pro-8-GB-RAM-256-GB-SSD-Rosa.webp?h=630&w=1200,5576867246,MacBook Neo 13'' A18 Pro 8 GB RAM 256 GB SSD Rosa,laptop
b00831,MacBook Neo Notebook 33 cm (13 Zoll) 2408 x 1506 Pixel 256 GB SSD macOS Tahoe Apple A  (Pink),expert TechnoMarkt,649.00,Apple,Notebooks,https://cdn.billiger.com/dynimg/IHfK5uM9e1Cof0p75-xL_SNIRrKyOoZcKhE8nUhH7Pc88MgR1b3VHcWvS03VxtgwEyR6-MHYFQUKYsENbOjirw2_VliJ3-zX1gjRFOx2LBe/Apple-MacBook-Neo-13-A18-Pro-8-GB-RAM-256-GB-SSD-Rosa.webp?h=630&w=1200,5576867246,MacBook Neo 13'' A18 Pro 8 GB RAM 256 GB SSD Rosa,laptop
b00832,"MacBook Neo, 13 Zoll, Rosa, 2026, A18 Pro, 6-Core CPU, 5-Core GPU, 8 GB, 256 GB SSD",Expert,664.96,Apple,Notebooks,https://cdn.billiger.com/dynimg/IHfK5uM9e1Cof0p75-xL_SNIRrKyOoZcKhE8nUhH7Pc88MgR1b3VHcWvS03VxtgwEyR6-MHYFQUKYsENbOjirw2_VliJ3-zX1gjRFOx2LBe/Apple-MacBook-Neo-13-A18-Pro-8-GB-RAM-256-GB-SSD-Rosa.webp?h=630&w=1200,5576867246,MacBook Neo 13'' A18 Pro 8 GB RAM 256 GB SSD Rosa,laptop
b00833,Notebook 33 cm (13 Zoll) 2408 x 1506 Pixel 256 GB SSD macOS Tahoe Apple A  MacBook Neo (Pink),Boomstore,665.00,Apple,Notebooks,https://cdn.billiger.com/dynimg/IHfK5uM9e1Cof0p75-xL_SNIRrKyOoZcKhE8nUhH7Pc88MgR1b3VHcWvS03VxtgwEyR6-MHYFQUKYsENbOjirw2_VliJ3-zX1gjRFOx2LBe/Apple-MacBook-Neo-13-A18-Pro-8-GB-RAM-256-GB-SSD-Rosa.webp?h=630&w=1200,5576867246,MacBook Neo 13'' A18 Pro 8 GB RAM 256 GB SSD Rosa,laptop
b00834,"Apple MacBook Neo 13"" A18 6C CPU/5C GPU/8GB/256GB Rosa",ebay.de,678.00,Apple,Notebooks,https://cdn.billiger.com/dynimg/IHfK5uM9e1Cof0p75-xL_SNIRrKyOoZcKhE8nUhH7Pc88MgR1b3VHcWvS03VxtgwEyR6-MHYFQUKYsENbOjirw2_VliJ3-zX1gjRFOx2LBe/Apple-MacBook-Neo-13-A18-Pro-8-GB-RAM-256-GB-SSD-Rosa.webp?h=630&w=1200,5576867246,MacBook Neo 13'' A18 Pro 8 GB RAM 256 GB SSD Rosa,laptop
b00835,"Apple MacBook Neo - A18 Pro - Apple A18 Pro 5-core - 8 GB RAM - 256 GB SSD - 33.02 cm (13"") - Rosa",Kaufland.de,679.00,Apple,Notebooks,https://cdn.billiger.com/dynimg/IHfK5uM9e1Cof0p75-xL_SNIRrKyOoZcKhE8nUhH7Pc88MgR1b3VHcWvS03VxtgwEyR6-MHYFQUKYsENbOjirw2_VliJ3-zX1gjRFOx2LBe/Apple-MacBook-Neo-13-A18-Pro-8-GB-RAM-256-GB-SSD-Rosa.webp?h=630&w=1200,5576867246,MacBook Neo 13'' A18 Pro 8 GB RAM 256 GB SSD Rosa,laptop
b00836,Apple MacBook Neo 13 rosa A18 Pro 8GB/256GB (MHFH4D/A),JACOB,698.99,Apple,Notebooks,https://cdn.billiger.com/dynimg/IHfK5uM9e1Cof0p75-xL_SNIRrKyOoZcKhE8nUhH7Pc88MgR1b3VHcWvS03VxtgwEyR6-MHYFQUKYsENbOjirw2_VliJ3-zX1gjRFOx2LBe/Apple-MacBook-Neo-13-A18-Pro-8-GB-RAM-256-GB-SSD-Rosa.webp?h=630&w=1200,5576867246,MacBook Neo 13'' A18 Pro 8 GB RAM 256 GB SSD Rosa,laptop
b00837,"Apple MacBook Neo – 2026 (13"", 256 GB, 8 GB, DE, Apple A18 Pro), Notebook, Rosa",Galaxus.de,699.00,Apple,Notebooks,https://cdn.billiger.com/dynimg/IHfK5uM9e1Cof0p75-xL_SNIRrKyOoZcKhE8nUhH7Pc88MgR1b3VHcWvS03VxtgwEyR6-MHYFQUKYsENbOjirw2_VliJ3-zX1gjRFOx2LBe/Apple-MacBook-Neo-13-A18-Pro-8-GB-RAM-256-GB-SSD-Rosa.webp?h=630&w=1200,5576867246,MacBook Neo 13'' A18 Pro 8 GB RAM 256 GB SSD Rosa,laptop
b00838,APPLE MacBook Neo - 13 Zoll Apple A18 Pro 8 GB 256 macOS,Media Markt Online Shop,699.00,Apple,Notebooks,https://cdn.billiger.com/dynimg/IHfK5uM9e1Cof0p75-xL_SNIRrKyOoZcKhE8nUhH7Pc88MgR1b3VHcWvS03VxtgwEyR6-MHYFQUKYsENbOjirw2_VliJ3-zX1gjRFOx2LBe/Apple-MacBook-Neo-13-A18-Pro-8-GB-RAM-256-GB-SSD-Rosa.webp?h=630&w=1200,5576867246,MacBook Neo 13'' A18 Pro 8 GB RAM 256 GB SSD Rosa,laptop
b00839,APPLE MacBook Neo - 13 Zoll Apple A18 Pro 8 GB 256 macOS,Saturn Online Shop,699.00,Apple,Notebooks,https://cdn.billiger.com/dynimg/IHfK5uM9e1Cof0p75-xL_SNIRrKyOoZcKhE8nUhH7Pc88MgR1b3VHcWvS03VxtgwEyR6-MHYFQUKYsENbOjirw2_VliJ3-zX1gjRFOx2LBe/Apple-MacBook-Neo-13-A18-Pro-8-GB-RAM-256-GB-SSD-Rosa.webp?h=630&w=1200,5576867246,MacBook Neo 13'' A18 Pro 8 GB RAM 256 GB SSD Rosa,laptop
b00840,MacBook Neo Notebook 33 cm (13 Zoll) 2408 x 1506 Pixel 256 GB SSD macOS Tahoe Apple A  (Indigo),expert TechnoMarkt,649.00,Apple,Notebooks,https://cdn.billiger.com/dynimg/652D_zf5hkEof0p75-xL_TxUwbtuemzzKhE8nUhH7Pc88MgR1b3VHcWvS03VxtgwDwhvPy-bc0_aEOtPR6Nk4YmD9TNZgrPtvnXswWfC6on/Apple-MacBook-Neo-13-A18-Pro-8-GB-RAM-256-GB-SSD-Indigo.webp?h=630&w=1200,5576867216,MacBook Neo 13'' A18 Pro 8 GB RAM 256 GB SSD Indigo,laptop
b00841,Notebook 33 cm (13 Zoll) 2408 x 1506 Pixel 256 GB SSD macOS Tahoe Apple A  MacBook Neo (Indigo),Boomstore,665.00,Apple,Notebooks,https://cdn.billiger.com/dynimg/652D_zf5hkEof0p75-xL_TxUwbtuemzzKhE8nUhH7Pc88MgR1b3VHcWvS03VxtgwDwhvPy-bc0_aEOtPR6Nk4YmD9TNZgrPtvnXswWfC6on/Apple-MacBook-Neo-13-A18-Pro-8-GB-RAM-256-GB-SSD-Indigo.webp?h=630&w=1200,5576867216,MacBook Neo 13'' A18 Pro 8 GB RAM 256 GB SSD Indigo,laptop
b00842,"MacBook Neo, 13 Zoll, Indigo, 2026, A18 Pro, 6-Core CPU, 5-Core GPU, 8 GB, 256 GB SSD",Expert,666.34,Apple,Notebooks,https://cdn.billiger.com/dynimg/652D_zf5hkEof0p75-xL_TxUwbtuemzzKhE8nUhH7Pc88MgR1b3VHcWvS03VxtgwDwhvPy-bc0_aEOtPR6Nk4YmD9TNZgrPtvnXswWfC6on/Apple-MacBook-Neo-13-A18-Pro-8-GB-RAM-256-GB-SSD-Indigo.webp?h=630&w=1200,5576867216,MacBook Neo 13'' A18 Pro 8 GB RAM 256 GB SSD Indigo,laptop
b00843,"Apple MacBook Neo - A18 Pro - Apple A18 Pro 5-core - 8 GB RAM - 256 GB SSD - 33.02 cm (13"") - Blau",Kaufland.de,679.00,Apple,Notebooks,https://cdn.billiger.com/dynimg/652D_zf5hkEof0p75-xL_TxUwbtuemzzKhE8nUhH7Pc88MgR1b3VHcWvS03VxtgwDwhvPy-bc0_aEOtPR6Nk4YmD9TNZgrPtvnXswWfC6on/Apple-MacBook-Neo-13-A18-Pro-8-GB-RAM-256-GB-SSD-Indigo.webp?h=630&w=1200,5576867216,MacBook Neo 13'' A18 Pro 8 GB RAM 256 GB SSD Indigo,laptop
b00844,Apple MacBook Neo Notebook 33 cm (13 Zoll) 2408 x 1506 Pixel 8 GB Ram 256 GB,ebay.de,693.00,Apple,Notebooks,https://cdn.billiger.com/dynimg/652D_zf5hkEof0p75-xL_TxUwbtuemzzKhE8nUhH7Pc88MgR1b3VHcWvS03VxtgwDwhvPy-bc0_aEOtPR6Nk4YmD9TNZgrPtvnXswWfC6on/Apple-MacBook-Neo-13-A18-Pro-8-GB-RAM-256-GB-SSD-Indigo.webp?h=630&w=1200,5576867216,MacBook Neo 13'' A18 Pro 8 GB RAM 256 GB SSD Indigo,laptop
b00845,Apple MacBook Neo 13 indigo A18 Pro 8GB/256GB (MHFF4D/A),JACOB,698.99,Apple,Notebooks,https://cdn.billiger.com/dynimg/652D_zf5hkEof0p75-xL_TxUwbtuemzzKhE8nUhH7Pc88MgR1b3VHcWvS03VxtgwDwhvPy-bc0_aEOtPR6Nk4YmD9TNZgrPtvnXswWfC6on/Apple-MacBook-Neo-13-A18-Pro-8-GB-RAM-256-GB-SSD-Indigo.webp?h=630&w=1200,5576867216,MacBook Neo 13'' A18 Pro 8 GB RAM 256 GB SSD Indigo,laptop
b00846,APPLE MacBook Neo - 13 Zoll Apple A18 Pro 8 GB 256 macOS,Media Markt Online Shop,699.00,Apple,Notebooks,https://cdn.billiger.com/dynimg/652D_zf5hkEof0p75-xL_TxUwbtuemzzKhE8nUhH7Pc88MgR1b3VHcWvS03VxtgwDwhvPy-bc0_aEOtPR6Nk4YmD9TNZgrPtvnXswWfC6on/Apple-MacBook-Neo-13-A18-Pro-8-GB-RAM-256-GB-SSD-Indigo.webp?h=630&w=1200,5576867216,MacBook Neo 13'' A18 Pro 8 GB RAM 256 GB SSD Indigo,laptop
b00847,APPLE MacBook Neo - 13 Zoll Apple A18 Pro 8 GB 256 macOS,Saturn Online Shop,699.00,Apple,Notebooks,https://cdn.billiger.com/dynimg/652D_zf5hkEof0p75-xL_TxUwbtuemzzKhE8nUhH7Pc88MgR1b3VHcWvS03VxtgwDwhvPy-bc0_aEOtPR6Nk4YmD9TNZgrPtvnXswWfC6on/Apple-MacBook-Neo-13-A18-Pro-8-GB-RAM-256-GB-SSD-Indigo.webp?h=630&w=1200,5576867216,MacBook Neo 13'' A18 Pro 8 GB RAM 256 GB SSD Indigo,laptop
b00848,"Apple 13 Zoll MacBook Neo, A18 Pro Chip mit 6‐Kern‐CPU und 5‐Kern‐GPU, 8 GB, 256 GB SSD ohne Touch ID – Indigo (deutsches QWERTZ‐Tastaturlayout)",Joybuy,699.00,Apple,Notebooks,https://cdn.billiger.com/dynimg/652D_zf5hkEof0p75-xL_TxUwbtuemzzKhE8nUhH7Pc88MgR1b3VHcWvS03VxtgwDwhvPy-bc0_aEOtPR6Nk4YmD9TNZgrPtvnXswWfC6on/Apple-MacBook-Neo-13-A18-Pro-8-GB-RAM-256-GB-SSD-Indigo.webp?h=630&w=1200,5576867216,MacBook Neo 13'' A18 Pro 8 GB RAM 256 GB SSD Indigo,laptop
b00849,"Apple Black Week % | Neo 13"" Indigo MHFF4D/A Apple A18 Pro Chip, 6-core CPU, 5-core GPU, 8GB, 256GB SSD | Laptop by NBB",notebooksbilliger,699.00,Apple,Notebooks,https://cdn.billiger.com/dynimg/652D_zf5hkEof0p75-xL_TxUwbtuemzzKhE8nUhH7Pc88MgR1b3VHcWvS03VxtgwDwhvPy-bc0_aEOtPR6Nk4YmD9TNZgrPtvnXswWfC6on/Apple-MacBook-Neo-13-A18-Pro-8-GB-RAM-256-GB-SSD-Indigo.webp?h=630&w=1200,5576867216,MacBook Neo 13'' A18 Pro 8 GB RAM 256 GB SSD Indigo,laptop
b00850,"Apple 14"" MacBook Pro Notebook (35,97 cm/14,2 Zoll, Apple M5 Pro M5, 16-Core GPU, 24 GB, 1000 GB SSD) schwarz 1000 GB | 24 GB RAM",OTTO,2239.00,Apple,Notebooks,https://cdn.billiger.com/dynimg/BZnl3lsfZp6of0p75-xL_SVjnaYKCV5LqhE8nUhH7Pc88MgR1b3VHcWvS03VxtgwMW4aU7Gl_geTggIINwsiQkX9NwPGrkoFWIKVcUqY7y3/Apple-MacBook-Pro-14-2026-M5-Pro-24-GB-RAM-1-TB-SSD-16-Core-GPU-Space-Schwarz.webp?h=630&w=1200,5576130941,MacBook Pro 14 2026 M5 Pro 24 GB RAM 1 TB SSD 16-Core GPU Space Schwarz,laptop
b00851,"Apple MacBook Pro 14"" M5 Pro 1TB 24GB 16C GPU 2026 Space Schwarz MGDR4D/A",ebay.de,2246.75,Apple,Notebooks,https://cdn.billiger.com/dynimg/BZnl3lsfZp6of0p75-xL_SVjnaYKCV5LqhE8nUhH7Pc88MgR1b3VHcWvS03VxtgwMW4aU7Gl_geTggIINwsiQkX9NwPGrkoFWIKVcUqY7y3/Apple-MacBook-Pro-14-2026-M5-Pro-24-GB-RAM-1-TB-SSD-16-Core-GPU-Space-Schwarz.webp?h=630&w=1200,5576130941,MacBook Pro 14 2026 M5 Pro 24 GB RAM 1 TB SSD 16-Core GPU Space Schwarz,laptop
b00852,"Apple MacBook Pro 14"" M5 Pro (15 CPU / 16 GPU) 24GB/1TB Schwarz QWERTZ",coolblue,2272.00,Apple,Notebooks,https://cdn.billiger.com/dynimg/BZnl3lsfZp6of0p75-xL_SVjnaYKCV5LqhE8nUhH7Pc88MgR1b3VHcWvS03VxtgwMW4aU7Gl_geTggIINwsiQkX9NwPGrkoFWIKVcUqY7y3/Apple-MacBook-Pro-14-2026-M5-Pro-24-GB-RAM-1-TB-SSD-16-Core-GPU-Space-Schwarz.webp?h=630&w=1200,5576130941,MacBook Pro 14 2026 M5 Pro 24 GB RAM 1 TB SSD 16-Core GPU Space Schwarz,laptop
b00853,APPLE MacBook Pro (2026) - 14 Zoll Apple M5 24 GB 1 TB macOS,Media Markt Online Shop,2279.00,Apple,Notebooks,https://cdn.billiger.com/dynimg/BZnl3lsfZp6of0p75-xL_SVjnaYKCV5LqhE8nUhH7Pc88MgR1b3VHcWvS03VxtgwMW4aU7Gl_geTggIINwsiQkX9NwPGrkoFWIKVcUqY7y3/Apple-MacBook-Pro-14-2026-M5-Pro-24-GB-RAM-1-TB-SSD-16-Core-GPU-Space-Schwarz.webp?h=630&w=1200,5576130941,MacBook Pro 14 2026 M5 Pro 24 GB RAM 1 TB SSD 16-Core GPU Space Schwarz,laptop
b00854,APPLE MacBook Pro (2026) - 14 Zoll Apple M5 24 GB 1 TB macOS,Saturn Online Shop,2279.00,Apple,Notebooks,https://cdn.billiger.com/dynimg/BZnl3lsfZp6of0p75-xL_SVjnaYKCV5LqhE8nUhH7Pc88MgR1b3VHcWvS03VxtgwMW4aU7Gl_geTggIINwsiQkX9NwPGrkoFWIKVcUqY7y3/Apple-MacBook-Pro-14-2026-M5-Pro-24-GB-RAM-1-TB-SSD-16-Core-GPU-Space-Schwarz.webp?h=630&w=1200,5576130941,MacBook Pro 14 2026 M5 Pro 24 GB RAM 1 TB SSD 16-Core GPU Space Schwarz,laptop
b00855,"Apple Laptop MacBook Pro 14 MGDR4D/A, space schwarz, 14,2 Zoll, 15C CPU / 16C GPU, Apple M5 Pro,1 TB SSD, 24 GB RAM",bueromarkt-ag.de,2415.69,Apple,Notebooks,https://cdn.billiger.com/dynimg/BZnl3lsfZp6of0p75-xL_SVjnaYKCV5LqhE8nUhH7Pc88MgR1b3VHcWvS03VxtgwMW4aU7Gl_geTggIINwsiQkX9NwPGrkoFWIKVcUqY7y3/Apple-MacBook-Pro-14-2026-M5-Pro-24-GB-RAM-1-TB-SSD-16-Core-GPU-Space-Schwarz.webp?h=630&w=1200,5576130941,MacBook Pro 14 2026 M5 Pro 24 GB RAM 1 TB SSD 16-Core GPU Space Schwarz,laptop
b00856,"Apple MacBook Pro 2026 14"" M5 Pro 15-Core CPU | 16-Core GPU 2 TB SSD 24 GB space schwarz | NEU | originalverpackt (OVP) | differenzbesteuert AN732725",asgoodasnew,2494.80,Apple,Notebooks,https://cdn.billiger.com/dynimg/BZnl3lsfZp6of0p75-xL_SVjnaYKCV5LqhE8nUhH7Pc88MgR1b3VHcWvS03VxtgwMW4aU7Gl_geTggIINwsiQkX9NwPGrkoFWIKVcUqY7y3/Apple-MacBook-Pro-14-2026-M5-Pro-24-GB-RAM-1-TB-SSD-16-Core-GPU-Space-Schwarz.webp?h=630&w=1200,5576130941,MacBook Pro 14 2026 M5 Pro 24 GB RAM 1 TB SSD 16-Core GPU Space Schwarz,laptop
b00857,"Apple MacBook Pro 14"" M5 Pro Space Schwarz MGDR4D/A M5 Pro chip mit 15-core CPU und 16-core GPU, 24GB, 1TB SSD - Space Schwarz, kein Netzteil | Laptop by NBB",notebooksbilliger,2599.00,Apple,Notebooks,https://cdn.billiger.com/dynimg/BZnl3lsfZp6of0p75-xL_SVjnaYKCV5LqhE8nUhH7Pc88MgR1b3VHcWvS03VxtgwMW4aU7Gl_geTggIINwsiQkX9NwPGrkoFWIKVcUqY7y3/Apple-MacBook-Pro-14-2026-M5-Pro-24-GB-RAM-1-TB-SSD-16-Core-GPU-Space-Schwarz.webp?h=630&w=1200,5576130941,MacBook Pro 14 2026 M5 Pro 24 GB RAM 1 TB SSD 16-Core GPU Space Schwarz,laptop
b00858,Apple MacBook Pro 14.2 Standardglas M5 Pro 15-Core CPU 16-Core GPU 24GB RAM 1TB SSD ohne Netzteil - MGDR4D/A space-black,Electronis.de,2606.98,Apple,Notebooks,https://cdn.billiger.com/dynimg/BZnl3lsfZp6of0p75-xL_SVjnaYKCV5LqhE8nUhH7Pc88MgR1b3VHcWvS03VxtgwMW4aU7Gl_geTggIINwsiQkX9NwPGrkoFWIKVcUqY7y3/Apple-MacBook-Pro-14-2026-M5-Pro-24-GB-RAM-1-TB-SSD-16-Core-GPU-Space-Schwarz.webp?h=630&w=1200,5576130941,MacBook Pro 14 2026 M5 Pro 24 GB RAM 1 TB SSD 16-Core GPU Space Schwarz,laptop
b00859,"Apple MacBook Pro 14 (M5 Pro, 2026) 36.1 cm (14.2 Zoll) 24 GB RAM 1 TB SSD 15-Core CPU 16-Core GPU Space Schwarz MGDR4D/A",Conrad,2645.00,Apple,Notebooks,https://cdn.billiger.com/dynimg/BZnl3lsfZp6of0p75-xL_SVjnaYKCV5LqhE8nUhH7Pc88MgR1b3VHcWvS03VxtgwMW4aU7Gl_geTggIINwsiQkX9NwPGrkoFWIKVcUqY7y3/Apple-MacBook-Pro-14-2026-M5-Pro-24-GB-RAM-1-TB-SSD-16-Core-GPU-Space-Schwarz.webp?h=630&w=1200,5576130941,MacBook Pro 14 2026 M5 Pro 24 GB RAM 1 TB SSD 16-Core GPU Space Schwarz,laptop
b00860,"Apple MacBook Pro 14"" – Apple M5, 32 GB RAM, 1 TB SSD, 10-Core GPU MJ3E4D/A NEU",ebay.de,2250.00,Apple,Notebooks,https://cdn.billiger.com/dynimg/jYZJP014pUjof0p75-xL_TblU-kg4MPYqhE8nUhH7Pc88MgR1b3VHcWvS03VxtgwG6H1mJYA9yJJi0hFgeK4-YxYswhwNtr-DU_M3Zmxi_4/Apple-MacBook-Pro-14-2026-M5-32-GB-RAM-1-TB-SSD-10-Core-GPU-Silber.webp?h=630&w=1200,5576130825,MacBook Pro 14 2026 M5 32 GB RAM 1 TB SSD 10-Core GPU Silber,laptop
b00861,"Apple MacBook Pro 14 – 2026 (14.20"", 1000 GB, 32 GB, DE, M5), Notebook, Silber",Galaxus.de,2289.00,Apple,Notebooks,https://cdn.billiger.com/dynimg/jYZJP014pUjof0p75-xL_TblU-kg4MPYqhE8nUhH7Pc88MgR1b3VHcWvS03VxtgwG6H1mJYA9yJJi0hFgeK4-YxYswhwNtr-DU_M3Zmxi_4/Apple-MacBook-Pro-14-2026-M5-32-GB-RAM-1-TB-SSD-10-Core-GPU-Silber.webp?h=630&w=1200,5576130825,MacBook Pro 14 2026 M5 32 GB RAM 1 TB SSD 10-Core GPU Silber,laptop
b00862,"APPLE Notebook ""MacBook Pro 14"", silber, 32 GB RAM 1.000 GB SSD, M5,macOS, Notebooks",baur.de,2334.93,Apple,Notebooks,https://cdn.billiger.com/dynimg/jYZJP014pUjof0p75-xL_TblU-kg4MPYqhE8nUhH7Pc88MgR1b3VHcWvS03VxtgwG6H1mJYA9yJJi0hFgeK4-YxYswhwNtr-DU_M3Zmxi_4/Apple-MacBook-Pro-14-2026-M5-32-GB-RAM-1-TB-SSD-10-Core-GPU-Silber.webp?h=630&w=1200,5576130825,MacBook Pro 14 2026 M5 32 GB RAM 1 TB SSD 10-Core GPU Silber,laptop
b00863,Apple MacBook Pro 14.2 Standardglas M5 10-Core CPU 10-Core GPU 32GB RAM 1TB SSD ohne Netzteil - MJ3E4D/A silber,Electronis.de,2386.45,Apple,Notebooks,https://cdn.billiger.com/dynimg/jYZJP014pUjof0p75-xL_TblU-kg4MPYqhE8nUhH7Pc88MgR1b3VHcWvS03VxtgwG6H1mJYA9yJJi0hFgeK4-YxYswhwNtr-DU_M3Zmxi_4/Apple-MacBook-Pro-14-2026-M5-32-GB-RAM-1-TB-SSD-10-Core-GPU-Silber.webp?h=630&w=1200,5576130825,MacBook Pro 14 2026 M5 32 GB RAM 1 TB SSD 10-Core GPU Silber,laptop
b00864,"MacBook Pro, 14 Zoll, Silber, 2026, M5, 10-Core CPU, 10-Core GPU, 32 GB, 1 TB SSD",Expert,2399.00,Apple,Notebooks,https://cdn.billiger.com/dynimg/jYZJP014pUjof0p75-xL_TblU-kg4MPYqhE8nUhH7Pc88MgR1b3VHcWvS03VxtgwG6H1mJYA9yJJi0hFgeK4-YxYswhwNtr-DU_M3Zmxi_4/Apple-MacBook-Pro-14-2026-M5-32-GB-RAM-1-TB-SSD-10-Core-GPU-Silber.webp?h=630&w=1200,5576130825,MacBook Pro 14 2026 M5 32 GB RAM 1 TB SSD 10-Core GPU Silber,laptop
b00865,"Apple MacBook Pro 14"" M5 Silber MJ3E4D/A M5 chip mit 10-core CPU und 10-core GPU, 32GB, 1TB SSD - Silber, kein Netzteil | Laptop by NBB",notebooksbilliger,2399.00,Apple,Notebooks,https://cdn.billiger.com/dynimg/jYZJP014pUjof0p75-xL_TblU-kg4MPYqhE8nUhH7Pc88MgR1b3VHcWvS03VxtgwG6H1mJYA9yJJi0hFgeK4-YxYswhwNtr-DU_M3Zmxi_4/Apple-MacBook-Pro-14-2026-M5-32-GB-RAM-1-TB-SSD-10-Core-GPU-Silber.webp?h=630&w=1200,5576130825,MacBook Pro 14 2026 M5 32 GB RAM 1 TB SSD 10-Core GPU Silber,laptop
b00866,"Apple MacBook Pro - M5 - Apple M5 10-core - 32 GB RAM - 1 TB SSD - 35.97 cm (14.2"") - Silber",Kaufland.de,2426.54,Apple,Notebooks,https://cdn.billiger.com/dynimg/jYZJP014pUjof0p75-xL_TblU-kg4MPYqhE8nUhH7Pc88MgR1b3VHcWvS03VxtgwG6H1mJYA9yJJi0hFgeK4-YxYswhwNtr-DU_M3Zmxi_4/Apple-MacBook-Pro-14-2026-M5-32-GB-RAM-1-TB-SSD-10-Core-GPU-Silber.webp?h=630&w=1200,5576130825,MacBook Pro 14 2026 M5 32 GB RAM 1 TB SSD 10-Core GPU Silber,laptop
b00867,APPLE MACBOOK PRO 14 M5 10/10/16 32GB 1TB - SILVER (MJ3E4D/A),JACOB,2441.20,Apple,Notebooks,https://cdn.billiger.com/dynimg/jYZJP014pUjof0p75-xL_TblU-kg4MPYqhE8nUhH7Pc88MgR1b3VHcWvS03VxtgwG6H1mJYA9yJJi0hFgeK4-YxYswhwNtr-DU_M3Zmxi_4/Apple-MacBook-Pro-14-2026-M5-32-GB-RAM-1-TB-SSD-10-Core-GPU-Silber.webp?h=630&w=1200,5576130825,MacBook Pro 14 2026 M5 32 GB RAM 1 TB SSD 10-Core GPU Silber,laptop
b00868,"APPLE MacBook Pro Silver 35,6cm (14"") M5 Pro 32GB 1TB macOS",Heinzsoft,2552.00,Apple,Notebooks,https://cdn.billiger.com/dynimg/jYZJP014pUjof0p75-xL_TblU-kg4MPYqhE8nUhH7Pc88MgR1b3VHcWvS03VxtgwG6H1mJYA9yJJi0hFgeK4-YxYswhwNtr-DU_M3Zmxi_4/Apple-MacBook-Pro-14-2026-M5-32-GB-RAM-1-TB-SSD-10-Core-GPU-Silber.webp?h=630&w=1200,5576130825,MacBook Pro 14 2026 M5 32 GB RAM 1 TB SSD 10-Core GPU Silber,laptop
b00869,Apple MacBook Pro (14'') M5 10/10-Core/32GB/1TBSSD/Silber MacOS,25n.de,2608.24,Apple,Notebooks,https://cdn.billiger.com/dynimg/jYZJP014pUjof0p75-xL_TblU-kg4MPYqhE8nUhH7Pc88MgR1b3VHcWvS03VxtgwG6H1mJYA9yJJi0hFgeK4-YxYswhwNtr-DU_M3Zmxi_4/Apple-MacBook-Pro-14-2026-M5-32-GB-RAM-1-TB-SSD-10-Core-GPU-Silber.webp?h=630&w=1200,5576130825,MacBook Pro 14 2026 M5 32 GB RAM 1 TB SSD 10-Core GPU Silber,laptop
b00870,"Apple MacBook Pro 14"" 2026 M5 Pro/24/1TB 15C CPU 16C GPU Silber MGDN4D/A",ebay.de,2260.00,Apple,Notebooks,https://cdn.billiger.com/dynimg/7uX6FbyC6LUof0p75-xL_R6E0BGvXKokKhE8nUhH7Pc88MgR1b3VHcWvS03VxtgwG6H1mJYA9yJJi0hFgeK4-YxYswhwNtr-DU_M3Zmxi_4/Apple-MacBook-Pro-14-2026-M5-Pro-24-GB-RAM-1-TB-SSD-16-Core-GPU-Silber.webp?h=630&w=1200,5576130838,MacBook Pro 14 2026 M5 Pro 24 GB RAM 1 TB SSD 16-Core GPU Silber,laptop
b00871,"Apple MacBook Pro 14"" M5 Pro (15 CPU / 16 GPU) 24GB/1TB Silber QWERTZ",coolblue,2317.00,Apple,Notebooks,https://cdn.billiger.com/dynimg/7uX6FbyC6LUof0p75-xL_R6E0BGvXKokKhE8nUhH7Pc88MgR1b3VHcWvS03VxtgwG6H1mJYA9yJJi0hFgeK4-YxYswhwNtr-DU_M3Zmxi_4/Apple-MacBook-Pro-14-2026-M5-Pro-24-GB-RAM-1-TB-SSD-16-Core-GPU-Silber.webp?h=630&w=1200,5576130838,MacBook Pro 14 2026 M5 Pro 24 GB RAM 1 TB SSD 16-Core GPU Silber,laptop
b00872,"Apple Laptop MacBook Pro 14 MGDN4D/A, silber, 14,2 Zoll, 15C CPU / 16C GPU, Apple M5 Pro,1 TB SSD, 24 GB RAM",bueromarkt-ag.de,2415.69,Apple,Notebooks,https://cdn.billiger.com/dynimg/7uX6FbyC6LUof0p75-xL_R6E0BGvXKokKhE8nUhH7Pc88MgR1b3VHcWvS03VxtgwG6H1mJYA9yJJi0hFgeK4-YxYswhwNtr-DU_M3Zmxi_4/Apple-MacBook-Pro-14-2026-M5-Pro-24-GB-RAM-1-TB-SSD-16-Core-GPU-Silber.webp?h=630&w=1200,5576130838,MacBook Pro 14 2026 M5 Pro 24 GB RAM 1 TB SSD 16-Core GPU Silber,laptop
b00873,"Apple 14"" MacBook Pro Notebook (35,97 cm/14,2 Zoll, Apple M5 Pro M5, 16-Core GPU, 24 GB, 1000 GB SSD) silberfarben 1000 GB | 24 GB RAM",OTTO,2418.11,Apple,Notebooks,https://cdn.billiger.com/dynimg/7uX6FbyC6LUof0p75-xL_R6E0BGvXKokKhE8nUhH7Pc88MgR1b3VHcWvS03VxtgwG6H1mJYA9yJJi0hFgeK4-YxYswhwNtr-DU_M3Zmxi_4/Apple-MacBook-Pro-14-2026-M5-Pro-24-GB-RAM-1-TB-SSD-16-Core-GPU-Silber.webp?h=630&w=1200,5576130838,MacBook Pro 14 2026 M5 Pro 24 GB RAM 1 TB SSD 16-Core GPU Silber,laptop
b00874,"Apple MacBook Pro 14 – 2026 (14.20"", 1000 GB, 24 GB, DE, M5 Pro), Notebook, Silber",Galaxus.de,2449.00,Apple,Notebooks,https://cdn.billiger.com/dynimg/7uX6FbyC6LUof0p75-xL_R6E0BGvXKokKhE8nUhH7Pc88MgR1b3VHcWvS03VxtgwG6H1mJYA9yJJi0hFgeK4-YxYswhwNtr-DU_M3Zmxi_4/Apple-MacBook-Pro-14-2026-M5-Pro-24-GB-RAM-1-TB-SSD-16-Core-GPU-Silber.webp?h=630&w=1200,5576130838,MacBook Pro 14 2026 M5 Pro 24 GB RAM 1 TB SSD 16-Core GPU Silber,laptop
b00875,Apple MacBook Pro 14.2 Standardglas M5 Pro 15-Core CPU 16-Core GPU 24GB RAM 1TB SSD ohne Netzteil - MGDN4D/A silber,Electronis.de,2563.27,Apple,Notebooks,https://cdn.billiger.com/dynimg/7uX6FbyC6LUof0p75-xL_R6E0BGvXKokKhE8nUhH7Pc88MgR1b3VHcWvS03VxtgwG6H1mJYA9yJJi0hFgeK4-YxYswhwNtr-DU_M3Zmxi_4/Apple-MacBook-Pro-14-2026-M5-Pro-24-GB-RAM-1-TB-SSD-16-Core-GPU-Silber.webp?h=630&w=1200,5576130838,MacBook Pro 14 2026 M5 Pro 24 GB RAM 1 TB SSD 16-Core GPU Silber,laptop
b00876,"Apple MacBook Pro 14"" M5 Pro SilberMGDN4D/A M5 Pro Chip mit 15-core CPU und 16-core GPU, 24GB, 1TB SSD - Silber | Laptop by NBB",notebooksbilliger,2599.00,Apple,Notebooks,https://cdn.billiger.com/dynimg/7uX6FbyC6LUof0p75-xL_R6E0BGvXKokKhE8nUhH7Pc88MgR1b3VHcWvS03VxtgwG6H1mJYA9yJJi0hFgeK4-YxYswhwNtr-DU_M3Zmxi_4/Apple-MacBook-Pro-14-2026-M5-Pro-24-GB-RAM-1-TB-SSD-16-Core-GPU-Silber.webp?h=630&w=1200,5576130838,MacBook Pro 14 2026 M5 Pro 24 GB RAM 1 TB SSD 16-Core GPU Silber,laptop
b00877,APPLE MACBOOK PRO 14 M5PRO 15/16/16 24GB 1TB - SILVER (MGDN4D/A),JACOB,2614.53,Apple,Notebooks,https://cdn.billiger.com/dynimg/7uX6FbyC6LUof0p75-xL_R6E0BGvXKokKhE8nUhH7Pc88MgR1b3VHcWvS03VxtgwG6H1mJYA9yJJi0hFgeK4-YxYswhwNtr-DU_M3Zmxi_4/Apple-MacBook-Pro-14-2026-M5-Pro-24-GB-RAM-1-TB-SSD-16-Core-GPU-Silber.webp?h=630&w=1200,5576130838,MacBook Pro 14 2026 M5 Pro 24 GB RAM 1 TB SSD 16-Core GPU Silber,laptop
b00878,"Apple MacBook Pro - M5 Pro - M5 Pro 16-core - 24 GB RAM - 1 TB SSD - 35.97 cm (14.2"") - Silber",Kaufland.de,2744.88,Apple,Notebooks,https://cdn.billiger.com/dynimg/7uX6FbyC6LUof0p75-xL_R6E0BGvXKokKhE8nUhH7Pc88MgR1b3VHcWvS03VxtgwG6H1mJYA9yJJi0hFgeK4-YxYswhwNtr-DU_M3Zmxi_4/Apple-MacBook-Pro-14-2026-M5-Pro-24-GB-RAM-1-TB-SSD-16-Core-GPU-Silber.webp?h=630&w=1200,5576130838,MacBook Pro 14 2026 M5 Pro 24 GB RAM 1 TB SSD 16-Core GPU Silber,laptop
b00879,"Apple MacBook Pro 14.2"", silber, M5 Pro - 15 Core CPU / 16 Core GPU, 24GB RAM, 1TB SSD, DE [2026]",Heinzsoft,2764.00,Apple,Notebooks,https://cdn.billiger.com/dynimg/7uX6FbyC6LUof0p75-xL_R6E0BGvXKokKhE8nUhH7Pc88MgR1b3VHcWvS03VxtgwG6H1mJYA9yJJi0hFgeK4-YxYswhwNtr-DU_M3Zmxi_4/Apple-MacBook-Pro-14-2026-M5-Pro-24-GB-RAM-1-TB-SSD-16-Core-GPU-Silber.webp?h=630&w=1200,5576130838,MacBook Pro 14 2026 M5 Pro 24 GB RAM 1 TB SSD 16-Core GPU Silber,laptop
b00880,Apple MacBook Pro 16 2026 M5 Pro 24GB 1TB 18C CPU 20C GPU Schwarz MGEA4D/A NEU,ebay.de,2529.00,Apple,Notebooks,https://cdn.billiger.com/dynimg/QFfZaOxPajsof0p75-xL_R9MOXNRMP7jahE8nUhH7Pc88MgR1b3VHcWvS03VxtgwKrC8JokG0mwlvzcts5P67vFiLKkv2Wk_a-i88Fh5a5x/Apple-MacBook-Pro-16-2026-M5-Pro-24-GB-RAM-1-TB-SSD-20-Core-GPU-Space-Schwarz.webp?h=630&w=1200,5576131234,MacBook Pro 16 2026 M5 Pro 24 GB RAM 1 TB SSD 20-Core GPU Space Schwarz,laptop
b00881,"Apple MacBook Pro 2026 16"" M5 Pro 18-Core CPU | 20-Core GPU 1 TB SSD 24 GB space schwarz | NEU | originalverpackt (OVP) | differenzbesteuert AN730805",asgoodasnew,2530.45,Apple,Notebooks,https://cdn.billiger.com/dynimg/QFfZaOxPajsof0p75-xL_R9MOXNRMP7jahE8nUhH7Pc88MgR1b3VHcWvS03VxtgwKrC8JokG0mwlvzcts5P67vFiLKkv2Wk_a-i88Fh5a5x/Apple-MacBook-Pro-16-2026-M5-Pro-24-GB-RAM-1-TB-SSD-20-Core-GPU-Space-Schwarz.webp?h=630&w=1200,5576131234,MacBook Pro 16 2026 M5 Pro 24 GB RAM 1 TB SSD 20-Core GPU Space Schwarz,laptop
b00882,"Apple MacBook Pro (2026) [16,2'', Apple M5 Pro 18-Core CPU, 24GB RAM, 1TB SSD, 20-Core GPU, macOS] space black | Zustand: Neu & original versiegelt",buyzoxs,2537.30,Apple,Notebooks,https://cdn.billiger.com/dynimg/QFfZaOxPajsof0p75-xL_R9MOXNRMP7jahE8nUhH7Pc88MgR1b3VHcWvS03VxtgwKrC8JokG0mwlvzcts5P67vFiLKkv2Wk_a-i88Fh5a5x/Apple-MacBook-Pro-16-2026-M5-Pro-24-GB-RAM-1-TB-SSD-20-Core-GPU-Space-Schwarz.webp?h=630&w=1200,5576131234,MacBook Pro 16 2026 M5 Pro 24 GB RAM 1 TB SSD 20-Core GPU Space Schwarz,laptop
b00883,"Apple MacBook Pro 16"" M5 Pro (18 CPU / 20 GPU) 24GB/1TB Schwarz QWERTZ",coolblue,2602.00,Apple,Notebooks,https://cdn.billiger.com/dynimg/QFfZaOxPajsof0p75-xL_R9MOXNRMP7jahE8nUhH7Pc88MgR1b3VHcWvS03VxtgwKrC8JokG0mwlvzcts5P67vFiLKkv2Wk_a-i88Fh5a5x/Apple-MacBook-Pro-16-2026-M5-Pro-24-GB-RAM-1-TB-SSD-20-Core-GPU-Space-Schwarz.webp?h=630&w=1200,5576131234,MacBook Pro 16 2026 M5 Pro 24 GB RAM 1 TB SSD 20-Core GPU Space Schwarz,laptop
b00884,APPLE MacBook Pro (2026) - 16 Zoll Apple M5 24 GB 1 TB macOS,Media Markt Online Shop,2689.00,Apple,Notebooks,https://cdn.billiger.com/dynimg/QFfZaOxPajsof0p75-xL_R9MOXNRMP7jahE8nUhH7Pc88MgR1b3VHcWvS03VxtgwKrC8JokG0mwlvzcts5P67vFiLKkv2Wk_a-i88Fh5a5x/Apple-MacBook-Pro-16-2026-M5-Pro-24-GB-RAM-1-TB-SSD-20-Core-GPU-Space-Schwarz.webp?h=630&w=1200,5576131234,MacBook Pro 16 2026 M5 Pro 24 GB RAM 1 TB SSD 20-Core GPU Space Schwarz,laptop
b00885,APPLE MacBook Pro (2026) - 16 Zoll Apple M5 24 GB 1 TB macOS,Saturn Online Shop,2689.00,Apple,Notebooks,https://cdn.billiger.com/dynimg/QFfZaOxPajsof0p75-xL_R9MOXNRMP7jahE8nUhH7Pc88MgR1b3VHcWvS03VxtgwKrC8JokG0mwlvzcts5P67vFiLKkv2Wk_a-i88Fh5a5x/Apple-MacBook-Pro-16-2026-M5-Pro-24-GB-RAM-1-TB-SSD-20-Core-GPU-Space-Schwarz.webp?h=630&w=1200,5576131234,MacBook Pro 16 2026 M5 Pro 24 GB RAM 1 TB SSD 20-Core GPU Space Schwarz,laptop
b00886,"Apple MacBook Pro 16 – 2026 (16.20"", 1000 GB, 24 GB, DE, M5 Pro), Notebook, Schwarz",Galaxus.de,2949.00,Apple,Notebooks,https://cdn.billiger.com/dynimg/QFfZaOxPajsof0p75-xL_R9MOXNRMP7jahE8nUhH7Pc88MgR1b3VHcWvS03VxtgwKrC8JokG0mwlvzcts5P67vFiLKkv2Wk_a-i88Fh5a5x/Apple-MacBook-Pro-16-2026-M5-Pro-24-GB-RAM-1-TB-SSD-20-Core-GPU-Space-Schwarz.webp?h=630&w=1200,5576131234,MacBook Pro 16 2026 M5 Pro 24 GB RAM 1 TB SSD 20-Core GPU Space Schwarz,laptop
b00887,"Apple MacBook Pro - M5 Pro - M5 Pro 20-core - 24 GB RAM - 1 TB SSD - 41.05 cm (16.2"") - Schwarz",Kaufland.de,2973.69,Apple,Notebooks,https://cdn.billiger.com/dynimg/QFfZaOxPajsof0p75-xL_R9MOXNRMP7jahE8nUhH7Pc88MgR1b3VHcWvS03VxtgwKrC8JokG0mwlvzcts5P67vFiLKkv2Wk_a-i88Fh5a5x/Apple-MacBook-Pro-16-2026-M5-Pro-24-GB-RAM-1-TB-SSD-20-Core-GPU-Space-Schwarz.webp?h=630&w=1200,5576131234,MacBook Pro 16 2026 M5 Pro 24 GB RAM 1 TB SSD 20-Core GPU Space Schwarz,laptop
b00888,"MacBook Pro, 16 Zoll, Space Schwarz, 2026, M5 Pro, 18-Core CPU, 20-Core GPU, 24 GB, 1 TB SSD",Expert,2999.00,Apple,Notebooks,https://cdn.billiger.com/dynimg/QFfZaOxPajsof0p75-xL_R9MOXNRMP7jahE8nUhH7Pc88MgR1b3VHcWvS03VxtgwKrC8JokG0mwlvzcts5P67vFiLKkv2Wk_a-i88Fh5a5x/Apple-MacBook-Pro-16-2026-M5-Pro-24-GB-RAM-1-TB-SSD-20-Core-GPU-Space-Schwarz.webp?h=630&w=1200,5576131234,MacBook Pro 16 2026 M5 Pro 24 GB RAM 1 TB SSD 20-Core GPU Space Schwarz,laptop
b00889,"Apple MacBook Pro 16"" M5 Pro Space Schwarz MGEA4D/A M5 Pro chip mit 18-core CPU und 20-core GPU, 24GB, 1TB SSD - Space Schwarz, kein Netzteil | Laptop by NBB",notebooksbilliger,2999.00,Apple,Notebooks,https://cdn.billiger.com/dynimg/QFfZaOxPajsof0p75-xL_R9MOXNRMP7jahE8nUhH7Pc88MgR1b3VHcWvS03VxtgwKrC8JokG0mwlvzcts5P67vFiLKkv2Wk_a-i88Fh5a5x/Apple-MacBook-Pro-16-2026-M5-Pro-24-GB-RAM-1-TB-SSD-20-Core-GPU-Space-Schwarz.webp?h=630&w=1200,5576131234,MacBook Pro 16 2026 M5 Pro 24 GB RAM 1 TB SSD 20-Core GPU Space Schwarz,laptop
b00890,"Apple MacBook Pro 16 (M5 Pro, 2026) 41.1 cm (16.2 Zoll) 24 GB RAM 1 TB SSD",ebay.de,2699.90,Apple,Notebooks,https://cdn.billiger.com/dynimg/CiAGBMtEI6Mof0p75-xL_TSIj9fLi-HL6hE8nUhH7Pc88MgR1b3VHcWvS03VxtgwAOfbPNphIjRi-rbQTfCOKW_uDlhv67ZRNE0uCoIPbhL/Apple-MacBook-Pro-16-2026-M5-Pro-24-GB-RAM-1-TB-SSD-20-Core-GPU-Silber.webp?h=630&w=1200,5576131137,MacBook Pro 16 2026 M5 Pro 24 GB RAM 1 TB SSD 20-Core GPU Silber,laptop
b00891,"Apple MacBook Pro - M5 Pro - M5 Pro 20-core - 24 GB RAM - 1 TB SSD - 41.05 cm (16.2"") - Silber",Kaufland.de,2938.42,Apple,Notebooks,https://cdn.billiger.com/dynimg/CiAGBMtEI6Mof0p75-xL_TSIj9fLi-HL6hE8nUhH7Pc88MgR1b3VHcWvS03VxtgwAOfbPNphIjRi-rbQTfCOKW_uDlhv67ZRNE0uCoIPbhL/Apple-MacBook-Pro-16-2026-M5-Pro-24-GB-RAM-1-TB-SSD-20-Core-GPU-Silber.webp?h=630&w=1200,5576131137,MacBook Pro 16 2026 M5 Pro 24 GB RAM 1 TB SSD 20-Core GPU Silber,laptop
b00892,"MacBook Pro, 16 Zoll, Silber, 2026, M5 Pro, 18-Core CPU, 20-Core GPU, 24 GB, 1 TB SSD",Expert,2938.42,Apple,Notebooks,https://cdn.billiger.com/dynimg/CiAGBMtEI6Mof0p75-xL_TSIj9fLi-HL6hE8nUhH7Pc88MgR1b3VHcWvS03VxtgwAOfbPNphIjRi-rbQTfCOKW_uDlhv67ZRNE0uCoIPbhL/Apple-MacBook-Pro-16-2026-M5-Pro-24-GB-RAM-1-TB-SSD-20-Core-GPU-Silber.webp?h=630&w=1200,5576131137,MacBook Pro 16 2026 M5 Pro 24 GB RAM 1 TB SSD 20-Core GPU Silber,laptop
b00893,"Apple MacBook Pro 16"" M5 Pro (18 CPU / 20 GPU) 24GB/1TB Silber QWERTZ",coolblue,2968.00,Apple,Notebooks,https://cdn.billiger.com/dynimg/CiAGBMtEI6Mof0p75-xL_TSIj9fLi-HL6hE8nUhH7Pc88MgR1b3VHcWvS03VxtgwAOfbPNphIjRi-rbQTfCOKW_uDlhv67ZRNE0uCoIPbhL/Apple-MacBook-Pro-16-2026-M5-Pro-24-GB-RAM-1-TB-SSD-20-Core-GPU-Silber.webp?h=630&w=1200,5576131137,MacBook Pro 16 2026 M5 Pro 24 GB RAM 1 TB SSD 20-Core GPU Silber,laptop
b00894,"Apple MacBook Pro 16"" M5 Pro Silber MGE44D/A M5 Pro chip mit 18-core CPU und 20-core GPU, 24GB, 1TB SSD - Silber, kein Netzteil | Laptop by NBB",notebooksbilliger,2999.00,Apple,Notebooks,https://cdn.billiger.com/dynimg/CiAGBMtEI6Mof0p75-xL_TSIj9fLi-HL6hE8nUhH7Pc88MgR1b3VHcWvS03VxtgwAOfbPNphIjRi-rbQTfCOKW_uDlhv67ZRNE0uCoIPbhL/Apple-MacBook-Pro-16-2026-M5-Pro-24-GB-RAM-1-TB-SSD-20-Core-GPU-Silber.webp?h=630&w=1200,5576131137,MacBook Pro 16 2026 M5 Pro 24 GB RAM 1 TB SSD 20-Core GPU Silber,laptop
b00895,"Apple MacBook Pro 16 – 2026 (16.20"", 1000 GB, 24 GB, DE, M5 Pro), Notebook, Silber",Galaxus.de,3000.00,Apple,Notebooks,https://cdn.billiger.com/dynimg/CiAGBMtEI6Mof0p75-xL_TSIj9fLi-HL6hE8nUhH7Pc88MgR1b3VHcWvS03VxtgwAOfbPNphIjRi-rbQTfCOKW_uDlhv67ZRNE0uCoIPbhL/Apple-MacBook-Pro-16-2026-M5-Pro-24-GB-RAM-1-TB-SSD-20-Core-GPU-Silber.webp?h=630&w=1200,5576131137,MacBook Pro 16 2026 M5 Pro 24 GB RAM 1 TB SSD 20-Core GPU Silber,laptop
b00896,APPLE MACBOOK PRO 16 M5PRO 18/20/16 24GB 1TB - SILVER (MGE44D/A),JACOB,3108.65,Apple,Notebooks,https://cdn.billiger.com/dynimg/CiAGBMtEI6Mof0p75-xL_TSIj9fLi-HL6hE8nUhH7Pc88MgR1b3VHcWvS03VxtgwAOfbPNphIjRi-rbQTfCOKW_uDlhv67ZRNE0uCoIPbhL/Apple-MacBook-Pro-16-2026-M5-Pro-24-GB-RAM-1-TB-SSD-20-Core-GPU-Silber.webp?h=630&w=1200,5576131137,MacBook Pro 16 2026 M5 Pro 24 GB RAM 1 TB SSD 20-Core GPU Silber,laptop
b00897,"Apple MacBook Pro 16.2"", silber, M5 Pro - 18 Core CPU / 20 Core GPU, 24GB RAM, 1TB SSD, DE [2026]",Heinzsoft,3190.00,Apple,Notebooks,https://cdn.billiger.com/dynimg/CiAGBMtEI6Mof0p75-xL_TSIj9fLi-HL6hE8nUhH7Pc88MgR1b3VHcWvS03VxtgwAOfbPNphIjRi-rbQTfCOKW_uDlhv67ZRNE0uCoIPbhL/Apple-MacBook-Pro-16-2026-M5-Pro-24-GB-RAM-1-TB-SSD-20-Core-GPU-Silber.webp?h=630&w=1200,5576131137,MacBook Pro 16 2026 M5 Pro 24 GB RAM 1 TB SSD 20-Core GPU Silber,laptop
b00898,"MacBook Pro (16"") 2026, Notebook - silber, 24 GB, 1 TB (1 TB SSD), M5-Pro, MacOS, Deutsch",Alternate,3269.00,Apple,Notebooks,https://cdn.billiger.com/dynimg/CiAGBMtEI6Mof0p75-xL_TSIj9fLi-HL6hE8nUhH7Pc88MgR1b3VHcWvS03VxtgwAOfbPNphIjRi-rbQTfCOKW_uDlhv67ZRNE0uCoIPbhL/Apple-MacBook-Pro-16-2026-M5-Pro-24-GB-RAM-1-TB-SSD-20-Core-GPU-Silber.webp?h=630&w=1200,5576131137,MacBook Pro 16 2026 M5 Pro 24 GB RAM 1 TB SSD 20-Core GPU Silber,laptop
b00899,"Apple MacBook Pro Apple M M5 Pro Laptop 41,1 cm (16.2"") 24 GB 1 TB SSD Wi-Fi 7 (802.11be) macOS Tahoe Silber",JB-Computer,3368.49,Apple,Notebooks,https://cdn.billiger.com/dynimg/CiAGBMtEI6Mof0p75-xL_TSIj9fLi-HL6hE8nUhH7Pc88MgR1b3VHcWvS03VxtgwAOfbPNphIjRi-rbQTfCOKW_uDlhv67ZRNE0uCoIPbhL/Apple-MacBook-Pro-16-2026-M5-Pro-24-GB-RAM-1-TB-SSD-20-Core-GPU-Silber.webp?h=630&w=1200,5576131137,MacBook Pro 16 2026 M5 Pro 24 GB RAM 1 TB SSD 20-Core GPU Silber,laptop
b00900,"Apple MacBook Pro 16"" M5 Pro (18 CPU / 20 GPU) 48GB/1TB Silber QWERTZ",coolblue,3139.00,Apple,Notebooks,https://cdn.billiger.com/dynimg/gMz-4TNIkM4of0p75-xL_SQrtfqbe3y-qhE8nUhH7Pc88MgR1b3VHcWvS03VxtgwAOfbPNphIjRi-rbQTfCOKW_uDlhv67ZRNE0uCoIPbhL/Apple-MacBook-Pro-16-2026-M5-Pro-48-GB-RAM-1-TB-SSD-20-Core-GPU-Silber.webp?h=630&w=1200,5576131065,MacBook Pro 16 2026 M5 Pro 48 GB RAM 1 TB SSD 20-Core GPU Silber,laptop
b00901,"Apple MacBook Pro 16 – 2026 (16.20"", 1000 GB, 48 GB, DE, M5 Pro), Notebook, Silber",Galaxus.de,3557.00,Apple,Notebooks,https://cdn.billiger.com/dynimg/gMz-4TNIkM4of0p75-xL_SQrtfqbe3y-qhE8nUhH7Pc88MgR1b3VHcWvS03VxtgwAOfbPNphIjRi-rbQTfCOKW_uDlhv67ZRNE0uCoIPbhL/Apple-MacBook-Pro-16-2026-M5-Pro-48-GB-RAM-1-TB-SSD-20-Core-GPU-Silber.webp?h=630&w=1200,5576131065,MacBook Pro 16 2026 M5 Pro 48 GB RAM 1 TB SSD 20-Core GPU Silber,laptop
b00902,APPLE MACBOOK PRO 16 M5PRO 18/20/16 48GB 1TB - SILVER (MGE64D/A),JACOB,3628.12,Apple,Notebooks,https://cdn.billiger.com/dynimg/gMz-4TNIkM4of0p75-xL_SQrtfqbe3y-qhE8nUhH7Pc88MgR1b3VHcWvS03VxtgwAOfbPNphIjRi-rbQTfCOKW_uDlhv67ZRNE0uCoIPbhL/Apple-MacBook-Pro-16-2026-M5-Pro-48-GB-RAM-1-TB-SSD-20-Core-GPU-Silber.webp?h=630&w=1200,5576131065,MacBook Pro 16 2026 M5 Pro 48 GB RAM 1 TB SSD 20-Core GPU Silber,laptop
b00903,APPLE MacBook Pro (2026) - 16 Zoll Apple M5 48 GB 1 TB macOS,Media Markt Online Shop,3629.00,Apple,Notebooks,https://cdn.billiger.com/dynimg/gMz-4TNIkM4of0p75-xL_SQrtfqbe3y-qhE8nUhH7Pc88MgR1b3VHcWvS03VxtgwAOfbPNphIjRi-rbQTfCOKW_uDlhv67ZRNE0uCoIPbhL/Apple-MacBook-Pro-16-2026-M5-Pro-48-GB-RAM-1-TB-SSD-20-Core-GPU-Silber.webp?h=630&w=1200,5576131065,MacBook Pro 16 2026 M5 Pro 48 GB RAM 1 TB SSD 20-Core GPU Silber,laptop
b00904,APPLE MacBook Pro (2026) - 16 Zoll Apple M5 48 GB 1 TB macOS,Saturn Online Shop,3629.00,Apple,Notebooks,https://cdn.billiger.com/dynimg/gMz-4TNIkM4of0p75-xL_SQrtfqbe3y-qhE8nUhH7Pc88MgR1b3VHcWvS03VxtgwAOfbPNphIjRi-rbQTfCOKW_uDlhv67ZRNE0uCoIPbhL/Apple-MacBook-Pro-16-2026-M5-Pro-48-GB-RAM-1-TB-SSD-20-Core-GPU-Silber.webp?h=630&w=1200,5576131065,MacBook Pro 16 2026 M5 Pro 48 GB RAM 1 TB SSD 20-Core GPU Silber,laptop
b00905,"Apple MacBook Pro 16 (M5 Pro, 2026) 41.1 cm (16.2 Zoll) 48 GB RAM 1 TB SSD 18-Core CPU 20-Core GPU Silber MGE64D/A",Conrad,3715.00,Apple,Notebooks,https://cdn.billiger.com/dynimg/gMz-4TNIkM4of0p75-xL_SQrtfqbe3y-qhE8nUhH7Pc88MgR1b3VHcWvS03VxtgwAOfbPNphIjRi-rbQTfCOKW_uDlhv67ZRNE0uCoIPbhL/Apple-MacBook-Pro-16-2026-M5-Pro-48-GB-RAM-1-TB-SSD-20-Core-GPU-Silber.webp?h=630&w=1200,5576131065,MacBook Pro 16 2026 M5 Pro 48 GB RAM 1 TB SSD 20-Core GPU Silber,laptop
b00906,"Apple MacBook Pro 16"" M5 Pro Silber MGE64D/A M5 Pro chip mit 18-core CPU und 20-core GPU, 48GB, 1TB SSD - Silber, kein Netzteil | Laptop by NBB",notebooksbilliger,3899.00,Apple,Notebooks,https://cdn.billiger.com/dynimg/gMz-4TNIkM4of0p75-xL_SQrtfqbe3y-qhE8nUhH7Pc88MgR1b3VHcWvS03VxtgwAOfbPNphIjRi-rbQTfCOKW_uDlhv67ZRNE0uCoIPbhL/Apple-MacBook-Pro-16-2026-M5-Pro-48-GB-RAM-1-TB-SSD-20-Core-GPU-Silber.webp?h=630&w=1200,5576131065,MacBook Pro 16 2026 M5 Pro 48 GB RAM 1 TB SSD 20-Core GPU Silber,laptop
b00907,"MacBook Pro (16"") 2026, Notebook - silber, 48 GB, 1 TB (1 TB SSD), M5-Pro, MacOS, Deutsch",Alternate,3899.00,Apple,Notebooks,https://cdn.billiger.com/dynimg/gMz-4TNIkM4of0p75-xL_SQrtfqbe3y-qhE8nUhH7Pc88MgR1b3VHcWvS03VxtgwAOfbPNphIjRi-rbQTfCOKW_uDlhv67ZRNE0uCoIPbhL/Apple-MacBook-Pro-16-2026-M5-Pro-48-GB-RAM-1-TB-SSD-20-Core-GPU-Silber.webp?h=630&w=1200,5576131065,MacBook Pro 16 2026 M5 Pro 48 GB RAM 1 TB SSD 20-Core GPU Silber,laptop
b00908,"Apple MacBook Pro 16"" – Apple M5 Pro, 48 GB RAM, 1 TB SSD, 20-Core GPU, macOS",Heinzsoft,3911.00,Apple,Notebooks,https://cdn.billiger.com/dynimg/gMz-4TNIkM4of0p75-xL_SQrtfqbe3y-qhE8nUhH7Pc88MgR1b3VHcWvS03VxtgwAOfbPNphIjRi-rbQTfCOKW_uDlhv67ZRNE0uCoIPbhL/Apple-MacBook-Pro-16-2026-M5-Pro-48-GB-RAM-1-TB-SSD-20-Core-GPU-Silber.webp?h=630&w=1200,5576131065,MacBook Pro 16 2026 M5 Pro 48 GB RAM 1 TB SSD 20-Core GPU Silber,laptop
b00909,"Apple MacBook Pro Apple M M5 Pro Laptop 41,1 cm (16.2"") 48 GB 1 TB SSD Wi-Fi 7 (802.11be) macOS Tahoe Silber",JB-Computer,3959.45,Apple,Notebooks,https://cdn.billiger.com/dynimg/gMz-4TNIkM4of0p75-xL_SQrtfqbe3y-qhE8nUhH7Pc88MgR1b3VHcWvS03VxtgwAOfbPNphIjRi-rbQTfCOKW_uDlhv67ZRNE0uCoIPbhL/Apple-MacBook-Pro-16-2026-M5-Pro-48-GB-RAM-1-TB-SSD-20-Core-GPU-Silber.webp?h=630&w=1200,5576131065,MacBook Pro 16 2026 M5 Pro 48 GB RAM 1 TB SSD 20-Core GPU Silber,laptop
b00910,"LENOVO Black Week % | IdeaPad 5 Slim 83HX00A8GE - 14"" WUXGA OLED, AMD RyzenTM AI 5 330, 16GB RAM, 512GB SSD, Windows 11 Home | Laptop by NBB",notebooksbilliger,649.00,Lenovo,Notebooks,https://cdn.billiger.com/dynimg/D0U9FrlyWOGof0p75-xL_TyxKI54rrJGahE8nUhH7Pc88MgR1b3VHcWvS03VxtgwCWeLVNv9-DQ1LiQ0oBTYD5JwrosAFnHbssF9sY-148Q/Lenovo-IdeaPad-Slim-5-14-AMD-Ryzen-AI-5-330-16-GB-RAM-512-GB-SSD-Win11-Home.webp?h=630&w=1200,5445989319,IdeaPad Slim 5 14'' AMD Ryzen AI 5 330 16 GB RAM 512 GB SSD Win11 Home,laptop
b00911,"Lenovo IdeaPad Slim 5 (14"", 512 GB, 16 GB, DE, AMD Ryzen AI 5 330), Notebook, Grau",Galaxus.de,670.78,Lenovo,Notebooks,https://cdn.billiger.com/dynimg/D0U9FrlyWOGof0p75-xL_TyxKI54rrJGahE8nUhH7Pc88MgR1b3VHcWvS03VxtgwCWeLVNv9-DQ1LiQ0oBTYD5JwrosAFnHbssF9sY-148Q/Lenovo-IdeaPad-Slim-5-14-AMD-Ryzen-AI-5-330-16-GB-RAM-512-GB-SSD-Win11-Home.webp?h=630&w=1200,5445989319,IdeaPad Slim 5 14'' AMD Ryzen AI 5 330 16 GB RAM 512 GB SSD Win11 Home,laptop
b00912,Lenovo IdeaPad Slim 5 14AKP10 - AMD Ryzen AI 5 330 - Win 11 Home - Radeon #NO847,ebay.de,752.40,Lenovo,Notebooks,https://cdn.billiger.com/dynimg/D0U9FrlyWOGof0p75-xL_TyxKI54rrJGahE8nUhH7Pc88MgR1b3VHcWvS03VxtgwCWeLVNv9-DQ1LiQ0oBTYD5JwrosAFnHbssF9sY-148Q/Lenovo-IdeaPad-Slim-5-14-AMD-Ryzen-AI-5-330-16-GB-RAM-512-GB-SSD-Win11-Home.webp?h=630&w=1200,5445989319,IdeaPad Slim 5 14'' AMD Ryzen AI 5 330 16 GB RAM 512 GB SSD Win11 Home,laptop
b00913,"Lenovo IdeaPad Slim 5 14AKP10 83HX - AMD Ryzen AI 5 330 / 2 GHz - Win 11 Home - Radeon 820M - 16 GB RAM - 512 GB SSD NVMe - 35.6 cm (14"") - Grau",Kaufland.de,939.84,Lenovo,Notebooks,https://cdn.billiger.com/dynimg/D0U9FrlyWOGof0p75-xL_TyxKI54rrJGahE8nUhH7Pc88MgR1b3VHcWvS03VxtgwCWeLVNv9-DQ1LiQ0oBTYD5JwrosAFnHbssF9sY-148Q/Lenovo-IdeaPad-Slim-5-14-AMD-Ryzen-AI-5-330-16-GB-RAM-512-GB-SSD-Win11-Home.webp?h=630&w=1200,5445989319,IdeaPad Slim 5 14'' AMD Ryzen AI 5 330 16 GB RAM 512 GB SSD Win11 Home,laptop
b00914,"Lenovo IdeaPad Slim 5 (16"", 1000 GB, 16 GB, DE, AMD Ryzen AI 5 330), Notebook, Grau",Galaxus.de,723.09,Lenovo,Notebooks,https://cdn.billiger.com/dynimg/H6TJPIFCgL8of0p75-xL_RwYEhg5bnKPKhE8nUhH7Pc88MgR1b3VHcWvS03VxtgwKrXU7D1_MVl52jgYg8FUvVE-fIJaoYOBwgNrE0sYFAy/Lenovo-IdeaPad-Slim-5-16-AMD-Ryzen-AI-5-330-16-GB-RAM-1-TB-SSD-Win11-Home.webp?h=630&w=1200,5415042410,IdeaPad Slim 5 16'' AMD Ryzen AI 5 330 16 GB RAM 1 TB SSD Win11 Home,laptop
b00915,"IdeaPad Slim 5 16AKP10, 16 Zoll, WUXGA, AMD Ryzen AI 5 330, 16 GB, 1 TB SSD, AMD Radeon 820M",Expert,723.09,Lenovo,Notebooks,https://cdn.billiger.com/dynimg/H6TJPIFCgL8of0p75-xL_RwYEhg5bnKPKhE8nUhH7Pc88MgR1b3VHcWvS03VxtgwKrXU7D1_MVl52jgYg8FUvVE-fIJaoYOBwgNrE0sYFAy/Lenovo-IdeaPad-Slim-5-16-AMD-Ryzen-AI-5-330-16-GB-RAM-1-TB-SSD-Win11-Home.webp?h=630&w=1200,5415042410,IdeaPad Slim 5 16'' AMD Ryzen AI 5 330 16 GB RAM 1 TB SSD Win11 Home,laptop
b00916,"Lenovo IdeaPad Slim 5 16AKP10, 16 Zoll, WUXGA, AMD Ryzen AI 5 330, #8971625",ebay.de,726.02,Lenovo,Notebooks,https://cdn.billiger.com/dynimg/H6TJPIFCgL8of0p75-xL_RwYEhg5bnKPKhE8nUhH7Pc88MgR1b3VHcWvS03VxtgwKrXU7D1_MVl52jgYg8FUvVE-fIJaoYOBwgNrE0sYFAy/Lenovo-IdeaPad-Slim-5-16-AMD-Ryzen-AI-5-330-16-GB-RAM-1-TB-SSD-Win11-Home.webp?h=630&w=1200,5415042410,IdeaPad Slim 5 16'' AMD Ryzen AI 5 330 16 GB RAM 1 TB SSD Win11 Home,laptop
b00917,Lenovo IdeaPad Slim 5 16AKP10 16.0 Ryzen AI 5 330 16GB RAM 1TB SSD Win11Home Luna Grey,Electronis.de,737.97,Lenovo,Notebooks,https://cdn.billiger.com/dynimg/H6TJPIFCgL8of0p75-xL_RwYEhg5bnKPKhE8nUhH7Pc88MgR1b3VHcWvS03VxtgwKrXU7D1_MVl52jgYg8FUvVE-fIJaoYOBwgNrE0sYFAy/Lenovo-IdeaPad-Slim-5-16-AMD-Ryzen-AI-5-330-16-GB-RAM-1-TB-SSD-Win11-Home.webp?h=630&w=1200,5415042410,IdeaPad Slim 5 16'' AMD Ryzen AI 5 330 16 GB RAM 1 TB SSD Win11 Home,laptop
b00918,"Lenovo IdeaPad Slim 16AKP10 40,64cm (16 ) AI5 330 16GB 1TB - Grau",Kaufland.de,738.00,Lenovo,Notebooks,https://cdn.billiger.com/dynimg/H6TJPIFCgL8of0p75-xL_RwYEhg5bnKPKhE8nUhH7Pc88MgR1b3VHcWvS03VxtgwKrXU7D1_MVl52jgYg8FUvVE-fIJaoYOBwgNrE0sYFAy/Lenovo-IdeaPad-Slim-5-16-AMD-Ryzen-AI-5-330-16-GB-RAM-1-TB-SSD-Win11-Home.webp?h=630&w=1200,5415042410,IdeaPad Slim 5 16'' AMD Ryzen AI 5 330 16 GB RAM 1 TB SSD Win11 Home,laptop
b00919,"Lenovo IdeaPad Slim 5 16AKP10 83HY - AMD Ryzen AI 5 330 / 2 GHz - Win 11 Home - Radeon 820M - 16 GB RAM - 1 TB SSD NVMe - 40.6 cm (16"") (83HY006XGE)",JACOB,752.73,Lenovo,Notebooks,https://cdn.billiger.com/dynimg/H6TJPIFCgL8of0p75-xL_RwYEhg5bnKPKhE8nUhH7Pc88MgR1b3VHcWvS03VxtgwKrXU7D1_MVl52jgYg8FUvVE-fIJaoYOBwgNrE0sYFAy/Lenovo-IdeaPad-Slim-5-16-AMD-Ryzen-AI-5-330-16-GB-RAM-1-TB-SSD-Win11-Home.webp?h=630&w=1200,5415042410,IdeaPad Slim 5 16'' AMD Ryzen AI 5 330 16 GB RAM 1 TB SSD Win11 Home,laptop
b00920,"Lenovo IdeaPad Slim 16AKP10 40,64cm (16 ) AI5 330 16GB 1TB",TECHNIKdirekt,778.72,Lenovo,Notebooks,https://cdn.billiger.com/dynimg/H6TJPIFCgL8of0p75-xL_RwYEhg5bnKPKhE8nUhH7Pc88MgR1b3VHcWvS03VxtgwKrXU7D1_MVl52jgYg8FUvVE-fIJaoYOBwgNrE0sYFAy/Lenovo-IdeaPad-Slim-5-16-AMD-Ryzen-AI-5-330-16-GB-RAM-1-TB-SSD-Win11-Home.webp?h=630&w=1200,5415042410,IdeaPad Slim 5 16'' AMD Ryzen AI 5 330 16 GB RAM 1 TB SSD Win11 Home,laptop
b00921,LENOVO IdeaPad Slim 5 16AKP10,e-tec,784.00,Lenovo,Notebooks,https://cdn.billiger.com/dynimg/H6TJPIFCgL8of0p75-xL_RwYEhg5bnKPKhE8nUhH7Pc88MgR1b3VHcWvS03VxtgwKrXU7D1_MVl52jgYg8FUvVE-fIJaoYOBwgNrE0sYFAy/Lenovo-IdeaPad-Slim-5-16-AMD-Ryzen-AI-5-330-16-GB-RAM-1-TB-SSD-Win11-Home.webp?h=630&w=1200,5415042410,IdeaPad Slim 5 16'' AMD Ryzen AI 5 330 16 GB RAM 1 TB SSD Win11 Home,laptop
b00922,"Lenovo IdeaPad Slim 5 16AKP10・16"" WUXGA・AMD Ryzen AI 5 330・16GB RAM・1TB SSD・Win11 (83HY006XGE)",Amazon Marketplace CE,793.93,Lenovo,Notebooks,https://cdn.billiger.com/dynimg/H6TJPIFCgL8of0p75-xL_RwYEhg5bnKPKhE8nUhH7Pc88MgR1b3VHcWvS03VxtgwKrXU7D1_MVl52jgYg8FUvVE-fIJaoYOBwgNrE0sYFAy/Lenovo-IdeaPad-Slim-5-16-AMD-Ryzen-AI-5-330-16-GB-RAM-1-TB-SSD-Win11-Home.webp?h=630&w=1200,5415042410,IdeaPad Slim 5 16'' AMD Ryzen AI 5 330 16 GB RAM 1 TB SSD Win11 Home,laptop
b00923,"Lenovo IdeaPad Slim 5 16AKP10・16"" WUXGA・AMD Ryzen AI 5 330・16GB RAM・1TB SSD・Win11 (83HY006XGE)",Amazon Marketplace PC Notebook,793.93,Lenovo,Notebooks,https://cdn.billiger.com/dynimg/H6TJPIFCgL8of0p75-xL_RwYEhg5bnKPKhE8nUhH7Pc88MgR1b3VHcWvS03VxtgwKrXU7D1_MVl52jgYg8FUvVE-fIJaoYOBwgNrE0sYFAy/Lenovo-IdeaPad-Slim-5-16-AMD-Ryzen-AI-5-330-16-GB-RAM-1-TB-SSD-Win11-Home.webp?h=630&w=1200,5415042410,IdeaPad Slim 5 16'' AMD Ryzen AI 5 330 16 GB RAM 1 TB SSD Win11 Home,laptop
b00924,"Lenovo IdeaPad Slim 5 16IRH10, 16 Zoll, WUXGA, Intel Core #40239259",ebay.de,769.96,Lenovo,Notebooks,https://cdn.billiger.com/dynimg/_UfWdsQxKTeof0p75-xL_SRe0Zufjj0JKhE8nUhH7Pc88MgR1b3VHcWvS03VxtgwO_JBWos4swTmoi6mk8FPg-hsDSoCj55weIl8uQHE4q9/Lenovo-IdeaPad-Slim-5-16-Intel-Core-i7-13620H-16-GB-RAM-1-TB-SSD-Win11-Home.webp?h=630&w=1200,5432039273,IdeaPad Slim 5 16'' Intel Core i7-13620H 16 GB RAM 1 TB SSD Win11 Home,laptop
b00925,"IdeaPad Slim 5 16IRH10, 16 Zoll, WUXGA, Intel Core i7-13620H, 16 GB, 1 TB M.2 SSD, Intel UHD",Expert,769.96,Lenovo,Notebooks,https://cdn.billiger.com/dynimg/_UfWdsQxKTeof0p75-xL_SRe0Zufjj0JKhE8nUhH7Pc88MgR1b3VHcWvS03VxtgwO_JBWos4swTmoi6mk8FPg-hsDSoCj55weIl8uQHE4q9/Lenovo-IdeaPad-Slim-5-16-Intel-Core-i7-13620H-16-GB-RAM-1-TB-SSD-Win11-Home.webp?h=630&w=1200,5432039273,IdeaPad Slim 5 16'' Intel Core i7-13620H 16 GB RAM 1 TB SSD Win11 Home,laptop
b00926,"Lenovo IdeaPad Slim 5 16IRH10, Intel® CoreTM i7, 40,6 cm (16""), 1920 x 1200 Pixel, 16 GB, 1 TB, Windows 11 Home - Grau",Kaufland.de,809.99,Lenovo,Notebooks,https://cdn.billiger.com/dynimg/_UfWdsQxKTeof0p75-xL_SRe0Zufjj0JKhE8nUhH7Pc88MgR1b3VHcWvS03VxtgwO_JBWos4swTmoi6mk8FPg-hsDSoCj55weIl8uQHE4q9/Lenovo-IdeaPad-Slim-5-16-Intel-Core-i7-13620H-16-GB-RAM-1-TB-SSD-Win11-Home.webp?h=630&w=1200,5432039273,IdeaPad Slim 5 16'' Intel Core i7-13620H 16 GB RAM 1 TB SSD Win11 Home,laptop
b00927,"LENOVO Black Week % | LOQ Essential 83SC0061GE - 15.6"" FHD , 144Hz, Intel Core i5 13450HX, 16GB RAM, 512GB SSD, NVIDIA® GeForce RTXTM 5050, Windows 11 | Laptop by NBB",notebooksbilliger,849.00,Lenovo,Notebooks,https://cdn.billiger.com/dynimg/RgAw165Y2Vrof0p75-xL_S6m8ONEZtpcahE8nUhH7Pc88MgR1b3VHcWvS03VxtgwHBSvJnC5zsXEPabxb2EhtUIYgj_NoDm5pOP8JfKT04W/Lenovo-LOQ-15-Intel-Core-i5-13450HX-16-GB-RAM-512-GB-SSD-RTX-5050.webp?h=630&w=1200,5527170968,LOQ 15 Intel Core i5-13450HX 16 GB RAM 512 GB SSD RTX 5050,laptop
b00928,"Lenovo LOQ Essential (15.60"", 512 GB, 16 GB, DE, Intel Core i5-13450HX), Notebook, Grau",Galaxus.de,857.99,Lenovo,Notebooks,https://cdn.billiger.com/dynimg/RgAw165Y2Vrof0p75-xL_S6m8ONEZtpcahE8nUhH7Pc88MgR1b3VHcWvS03VxtgwHBSvJnC5zsXEPabxb2EhtUIYgj_NoDm5pOP8JfKT04W/Lenovo-LOQ-15-Intel-Core-i5-13450HX-16-GB-RAM-512-GB-SSD-RTX-5050.webp?h=630&w=1200,5527170968,LOQ 15 Intel Core i5-13450HX 16 GB RAM 512 GB SSD RTX 5050,laptop
b00929,"Lenovo LOQ Essential 15IRX11 (83SC0061GE) – 15,6"", Intel Core i5-13450HX, 16 GB RAM, 512 GB SSD, GeForce RTX 5050, W11H",Heinzsoft,912.00,Lenovo,Notebooks,https://cdn.billiger.com/dynimg/RgAw165Y2Vrof0p75-xL_S6m8ONEZtpcahE8nUhH7Pc88MgR1b3VHcWvS03VxtgwHBSvJnC5zsXEPabxb2EhtUIYgj_NoDm5pOP8JfKT04W/Lenovo-LOQ-15-Intel-Core-i5-13450HX-16-GB-RAM-512-GB-SSD-RTX-5050.webp?h=630&w=1200,5527170968,LOQ 15 Intel Core i5-13450HX 16 GB RAM 512 GB SSD RTX 5050,laptop
b00930,"Lenovo LOQ 83SC0061GE - 15.6"" FHD , 144Hz, Intel Core i5 13450HX, 16GB RAM, 512GB SSD, NVIDIA® GeForce RTXTM 5050, Windows 11 (83SC0061GE)",JACOB,925.93,Lenovo,Notebooks,https://cdn.billiger.com/dynimg/RgAw165Y2Vrof0p75-xL_S6m8ONEZtpcahE8nUhH7Pc88MgR1b3VHcWvS03VxtgwHBSvJnC5zsXEPabxb2EhtUIYgj_NoDm5pOP8JfKT04W/Lenovo-LOQ-15-Intel-Core-i5-13450HX-16-GB-RAM-512-GB-SSD-RTX-5050.webp?h=630&w=1200,5527170968,LOQ 15 Intel Core i5-13450HX 16 GB RAM 512 GB SSD RTX 5050,laptop
b00931,Lenovo LOQ Essential 15IRX11 83SC - Intel Core i5 13450HX / 2.4 GHz,ebay.de,974.49,Lenovo,Notebooks,https://cdn.billiger.com/dynimg/RgAw165Y2Vrof0p75-xL_S6m8ONEZtpcahE8nUhH7Pc88MgR1b3VHcWvS03VxtgwHBSvJnC5zsXEPabxb2EhtUIYgj_NoDm5pOP8JfKT04W/Lenovo-LOQ-15-Intel-Core-i5-13450HX-16-GB-RAM-512-GB-SSD-RTX-5050.webp?h=630&w=1200,5527170968,LOQ 15 Intel Core i5-13450HX 16 GB RAM 512 GB SSD RTX 5050,laptop
b00932,"Lenovo LOQ Essential 15IRX11 83SC - Intel Core i5 13450HX / 2.4 GHz - Win 11 Home - GeForce RTX 5050 - 16 GB RAM - 512 GB SSD NVMe - 39.6 cm (15.6"") - Grau",Kaufland.de,976.00,Lenovo,Notebooks,https://cdn.billiger.com/dynimg/RgAw165Y2Vrof0p75-xL_S6m8ONEZtpcahE8nUhH7Pc88MgR1b3VHcWvS03VxtgwHBSvJnC5zsXEPabxb2EhtUIYgj_NoDm5pOP8JfKT04W/Lenovo-LOQ-15-Intel-Core-i5-13450HX-16-GB-RAM-512-GB-SSD-RTX-5050.webp?h=630&w=1200,5527170968,LOQ 15 Intel Core i5-13450HX 16 GB RAM 512 GB SSD RTX 5050,laptop
b00933,"Lenovo LOQ R5 15AHP10 - 15,6"" - AMD Ryzen 5 - 16GB RAM/512GB SSD - RTX 5050",coolblue,1021.00,Lenovo,Notebooks,https://cdn.billiger.com/dynimg/mUogscn3xq5of0p75-xL_TJ8crPP0PE46hE8nUhH7Pc88MgR1b3VHcWvS03VxtgwBePNSnSfQVZX0aS9b2-WGmItxRYiNISKY2kM9IRrX2a/Lenovo-LOQ-15-AMD-Ryzen-5-240-16-GB-RAM-512-GB-SSD-RTXT-5050.webp?h=630&w=1200,5421121362,LOQ 15 AMD Ryzen 5 240 16 GB RAM 512 GB SSD RTXT 5050,laptop
b00934,"Lenovo LOQ RTX 5050 (15.60"", 512 GB, 16 GB, DE, AMD Ryzen 5 220), Notebook, Grau",Galaxus.de,1021.00,Lenovo,Notebooks,https://cdn.billiger.com/dynimg/mUogscn3xq5of0p75-xL_TJ8crPP0PE46hE8nUhH7Pc88MgR1b3VHcWvS03VxtgwBePNSnSfQVZX0aS9b2-WGmItxRYiNISKY2kM9IRrX2a/Lenovo-LOQ-15-AMD-Ryzen-5-240-16-GB-RAM-512-GB-SSD-RTXT-5050.webp?h=630&w=1200,5421121362,LOQ 15 AMD Ryzen 5 240 16 GB RAM 512 GB SSD RTXT 5050,laptop
b00935,"Lenovo LOQ 15AHP10 15.6"" FHD R5-220 16GB/512GB SSD RTX 5050 Win11",computeruniverse.net,1021.00,Lenovo,Notebooks,https://cdn.billiger.com/dynimg/mUogscn3xq5of0p75-xL_TJ8crPP0PE46hE8nUhH7Pc88MgR1b3VHcWvS03VxtgwBePNSnSfQVZX0aS9b2-WGmItxRYiNISKY2kM9IRrX2a/Lenovo-LOQ-15-AMD-Ryzen-5-240-16-GB-RAM-512-GB-SSD-RTXT-5050.webp?h=630&w=1200,5421121362,LOQ 15 AMD Ryzen 5 240 16 GB RAM 512 GB SSD RTXT 5050,laptop
b00936,"Lenovo LOQ 15AHP10 15.6"" FHD R5-220 16GB/512GB SSD RTX 5050 Win11",Cyberport,1021.00,Lenovo,Notebooks,https://cdn.billiger.com/dynimg/mUogscn3xq5of0p75-xL_TJ8crPP0PE46hE8nUhH7Pc88MgR1b3VHcWvS03VxtgwBePNSnSfQVZX0aS9b2-WGmItxRYiNISKY2kM9IRrX2a/Lenovo-LOQ-15-AMD-Ryzen-5-240-16-GB-RAM-512-GB-SSD-RTXT-5050.webp?h=630&w=1200,5421121362,LOQ 15 AMD Ryzen 5 240 16 GB RAM 512 GB SSD RTXT 5050,laptop
b00937,"Lenovo LOQ 15AHP10 15.6"" FHD R5-220 16GB/512GB SSD RTX 5050 Win11",ebay.de,1099.00,Lenovo,Notebooks,https://cdn.billiger.com/dynimg/mUogscn3xq5of0p75-xL_TJ8crPP0PE46hE8nUhH7Pc88MgR1b3VHcWvS03VxtgwBePNSnSfQVZX0aS9b2-WGmItxRYiNISKY2kM9IRrX2a/Lenovo-LOQ-15-AMD-Ryzen-5-240-16-GB-RAM-512-GB-SSD-RTXT-5050.webp?h=630&w=1200,5421121362,LOQ 15 AMD Ryzen 5 240 16 GB RAM 512 GB SSD RTXT 5050,laptop
b00938,"Lenovo LOQ 3 83JG000RGE - 15.6"" FHD, 144Hz, Ryzen® 5 220, 16GB RAM, 512GB SSD, NVIDIA® GeForce RTXTM 5050, Windows 11 Home | Laptop by NBB",notebooksbilliger,1099.00,Lenovo,Notebooks,https://cdn.billiger.com/dynimg/mUogscn3xq5of0p75-xL_TJ8crPP0PE46hE8nUhH7Pc88MgR1b3VHcWvS03VxtgwBePNSnSfQVZX0aS9b2-WGmItxRYiNISKY2kM9IRrX2a/Lenovo-LOQ-15-AMD-Ryzen-5-240-16-GB-RAM-512-GB-SSD-RTXT-5050.webp?h=630&w=1200,5421121362,LOQ 15 AMD Ryzen 5 240 16 GB RAM 512 GB SSD RTXT 5050,laptop
b00939,"Lenovo LOQ 3 - 15"" FHD, Ryzen 5 240, 16GB RAM, 512GB SSD, GeForce RTX 5050, Windows 11 Home",Heinzsoft,1181.00,Lenovo,Notebooks,https://cdn.billiger.com/dynimg/mUogscn3xq5of0p75-xL_TJ8crPP0PE46hE8nUhH7Pc88MgR1b3VHcWvS03VxtgwBePNSnSfQVZX0aS9b2-WGmItxRYiNISKY2kM9IRrX2a/Lenovo-LOQ-15-AMD-Ryzen-5-240-16-GB-RAM-512-GB-SSD-RTXT-5050.webp?h=630&w=1200,5421121362,LOQ 15 AMD Ryzen 5 240 16 GB RAM 512 GB SSD RTXT 5050,laptop
b00940,"Lenovo LOQ 15AHP10 83JG - AMD Ryzen 5 220 / 3.2 GHz - Win 11 Home - GeForce RTX 5050 - 16 GB RAM - 512 GB SSD - 39.6 cm (15.6"") (83JG000RGE)",JACOB,1183.07,Lenovo,Notebooks,https://cdn.billiger.com/dynimg/mUogscn3xq5of0p75-xL_TJ8crPP0PE46hE8nUhH7Pc88MgR1b3VHcWvS03VxtgwBePNSnSfQVZX0aS9b2-WGmItxRYiNISKY2kM9IRrX2a/Lenovo-LOQ-15-AMD-Ryzen-5-240-16-GB-RAM-512-GB-SSD-RTXT-5050.webp?h=630&w=1200,5421121362,LOQ 15 AMD Ryzen 5 240 16 GB RAM 512 GB SSD RTXT 5050,laptop
b00941,"Lenovo LOQ 15AHP10 83JG - AMD Ryzen 5 220 / 3.2 GHz - Win 11 Home - GeForce RTX 5050 - 16 GB RAM - 512 GB SSD - 39.6 cm (15.6"") - Grau",Kaufland.de,1240.83,Lenovo,Notebooks,https://cdn.billiger.com/dynimg/mUogscn3xq5of0p75-xL_TJ8crPP0PE46hE8nUhH7Pc88MgR1b3VHcWvS03VxtgwBePNSnSfQVZX0aS9b2-WGmItxRYiNISKY2kM9IRrX2a/Lenovo-LOQ-15-AMD-Ryzen-5-240-16-GB-RAM-512-GB-SSD-RTXT-5050.webp?h=630&w=1200,5421121362,LOQ 15 AMD Ryzen 5 240 16 GB RAM 512 GB SSD RTXT 5050,laptop
b00942,"Lenovo LOQ R7 15AHP10 - 15,6"" - AMD Ryzen 7 - 16GB RAM/1TB SSD - RTX 5060",coolblue,1276.00,Lenovo,Notebooks,https://cdn.billiger.com/dynimg/h7raucedCYrof0p75-xL_QkciuCUeq656hE8nUhH7Pc88MgR1b3VHcWvS03VxtgwOUhxs8kVV767zWNs7Oj3XNCOnRNMtbNVnZ9GJvxAVf2/Lenovo-LOQ-15-AMD-Ryzen-7-260-16-GB-RAM-1-TB-SSD-RTX-5060.webp?h=630&w=1200,5293015662,LOQ 15 AMD Ryzen 7 260 16 GB RAM 1 TB SSD RTX 5060,laptop
b00943,"Lenovo LOQ 15AHP10 15,6"" FHD R7-250 16GB/1TB SSD RTX 5060 Win11",Joybuy,1289.00,Lenovo,Notebooks,https://cdn.billiger.com/dynimg/h7raucedCYrof0p75-xL_QkciuCUeq656hE8nUhH7Pc88MgR1b3VHcWvS03VxtgwOUhxs8kVV767zWNs7Oj3XNCOnRNMtbNVnZ9GJvxAVf2/Lenovo-LOQ-15-AMD-Ryzen-7-260-16-GB-RAM-1-TB-SSD-RTX-5060.webp?h=630&w=1200,5293015662,LOQ 15 AMD Ryzen 7 260 16 GB RAM 1 TB SSD RTX 5060,laptop
b00944,"Lenovo LOQ Gaming AI Laptop | 15.6"" Full HD 144Hz LCD Display |NVIDIA GeForce RTX 5060 | AMD Ryzen 7 250 | 16GB RAM | 1TB SSD | Win11 | QWERTZ | Luna Grau | Weiss beleuchtet | 3 Monate GamePass",Amazon Marketplace CE,1472.42,Lenovo,Notebooks,https://cdn.billiger.com/dynimg/h7raucedCYrof0p75-xL_QkciuCUeq656hE8nUhH7Pc88MgR1b3VHcWvS03VxtgwOUhxs8kVV767zWNs7Oj3XNCOnRNMtbNVnZ9GJvxAVf2/Lenovo-LOQ-15-AMD-Ryzen-7-260-16-GB-RAM-1-TB-SSD-RTX-5060.webp?h=630&w=1200,5293015662,LOQ 15 AMD Ryzen 7 260 16 GB RAM 1 TB SSD RTX 5060,laptop
b00945,"Lenovo LOQ Gaming AI Laptop | 15.6"" Full HD 144Hz LCD Display |NVIDIA GeForce RTX 5060 | AMD Ryzen 7 250 | 16GB RAM | 1TB SSD | Win11 | QWERTZ | Luna Grau | Weiss beleuchtet | 3 Monate GamePass",Amazon Marketplace PC Notebook,1472.42,Lenovo,Notebooks,https://cdn.billiger.com/dynimg/h7raucedCYrof0p75-xL_QkciuCUeq656hE8nUhH7Pc88MgR1b3VHcWvS03VxtgwOUhxs8kVV767zWNs7Oj3XNCOnRNMtbNVnZ9GJvxAVf2/Lenovo-LOQ-15-AMD-Ryzen-7-260-16-GB-RAM-1-TB-SSD-RTX-5060.webp?h=630&w=1200,5293015662,LOQ 15 AMD Ryzen 7 260 16 GB RAM 1 TB SSD RTX 5060,laptop
b00946,"Lenovo LOQ 15AHP10, AMD RyzenTM 7, 3,3 GHz, 39,6 cm (15.6""), 1920 x 1080 Pixel, 16 GB, 1 TB - Grau",Kaufland.de,1573.00,Lenovo,Notebooks,https://cdn.billiger.com/dynimg/h7raucedCYrof0p75-xL_QkciuCUeq656hE8nUhH7Pc88MgR1b3VHcWvS03VxtgwOUhxs8kVV767zWNs7Oj3XNCOnRNMtbNVnZ9GJvxAVf2/Lenovo-LOQ-15-AMD-Ryzen-7-260-16-GB-RAM-1-TB-SSD-RTX-5060.webp?h=630&w=1200,5293015662,LOQ 15 AMD Ryzen 7 260 16 GB RAM 1 TB SSD RTX 5060,laptop
b00947,"Lenovo LOQ 15AHP10 15.6"" FHD R7-250 16GB/1TB SSD RTX 5060 Win11",ebay.de,1604.00,Lenovo,Notebooks,https://cdn.billiger.com/dynimg/h7raucedCYrof0p75-xL_QkciuCUeq656hE8nUhH7Pc88MgR1b3VHcWvS03VxtgwOUhxs8kVV767zWNs7Oj3XNCOnRNMtbNVnZ9GJvxAVf2/Lenovo-LOQ-15-AMD-Ryzen-7-260-16-GB-RAM-1-TB-SSD-RTX-5060.webp?h=630&w=1200,5293015662,LOQ 15 AMD Ryzen 7 260 16 GB RAM 1 TB SSD RTX 5060,laptop
b00948,"Lenovo IdeaPad Slim 3 15ARP10 15"" WUXGA R5-150 8GB/512GB SSD Win11",Cyberport,447.54,Lenovo,Notebooks,https://cdn.billiger.com/dynimg/JOlXlwoGQocof0p75-xL_Q5G4eBUI2kr6hE8nUhH7Pc88MgR1b3VHcWvS03VxtgwPdXDhQy4UR4Ia658A6gmwKfOoE2dGnegGfz7Rz18pao/Lenovo-IdeaPad-Slim-3-15-3-AMD-Ryzen-5-150-8-GB-RAM-512-GB-SSD-Luna-Grey.webp?h=630&w=1200,5563249023,"IdeaPad Slim 3 15,3'' AMD Ryzen 5 150 8 GB RAM 512 GB SSD Luna Grey",laptop
b00949,"Lenovo IdeaPad Slim 3 15ARP10, 15.3"" WUXGA, AMD Ryzen 5 150, 8GB RAM, 512GB SSD, Win11 Home",Easynotebooks,469.00,Lenovo,Notebooks,https://cdn.billiger.com/dynimg/JOlXlwoGQocof0p75-xL_Q5G4eBUI2kr6hE8nUhH7Pc88MgR1b3VHcWvS03VxtgwPdXDhQy4UR4Ia658A6gmwKfOoE2dGnegGfz7Rz18pao/Lenovo-IdeaPad-Slim-3-15-3-AMD-Ryzen-5-150-8-GB-RAM-512-GB-SSD-Luna-Grey.webp?h=630&w=1200,5563249023,"IdeaPad Slim 3 15,3'' AMD Ryzen 5 150 8 GB RAM 512 GB SSD Luna Grey",laptop
b00950,"Lenovo IdeaPad Slim 3 15ARP10 15"" WUXGA R5-150 8GB/512GB SSD Win11 (15.30"", 512 GB, 8 GB, DE, AMD Ryzen 5 150), Notebook, Grau",Galaxus.de,496.48,Lenovo,Notebooks,https://cdn.billiger.com/dynimg/JOlXlwoGQocof0p75-xL_Q5G4eBUI2kr6hE8nUhH7Pc88MgR1b3VHcWvS03VxtgwPdXDhQy4UR4Ia658A6gmwKfOoE2dGnegGfz7Rz18pao/Lenovo-IdeaPad-Slim-3-15-3-AMD-Ryzen-5-150-8-GB-RAM-512-GB-SSD-Luna-Grey.webp?h=630&w=1200,5563249023,"IdeaPad Slim 3 15,3'' AMD Ryzen 5 150 8 GB RAM 512 GB SSD Luna Grey",laptop
b00951,"Lenovo IdeaPad Slim 3 15ARP10 15"" WUXGA R5-150 8GB/512GB SSD Win11",ebay.de,499.00,Lenovo,Notebooks,https://cdn.billiger.com/dynimg/JOlXlwoGQocof0p75-xL_Q5G4eBUI2kr6hE8nUhH7Pc88MgR1b3VHcWvS03VxtgwPdXDhQy4UR4Ia658A6gmwKfOoE2dGnegGfz7Rz18pao/Lenovo-IdeaPad-Slim-3-15-3-AMD-Ryzen-5-150-8-GB-RAM-512-GB-SSD-Luna-Grey.webp?h=630&w=1200,5563249023,"IdeaPad Slim 3 15,3'' AMD Ryzen 5 150 8 GB RAM 512 GB SSD Luna Grey",laptop
b00952,"Lenovo IdeaPad Slim 3 15ARP10 15"" WUXGA R5-150 8GB/512GB SSD Win11",computeruniverse.net,499.00,Lenovo,Notebooks,https://cdn.billiger.com/dynimg/JOlXlwoGQocof0p75-xL_Q5G4eBUI2kr6hE8nUhH7Pc88MgR1b3VHcWvS03VxtgwPdXDhQy4UR4Ia658A6gmwKfOoE2dGnegGfz7Rz18pao/Lenovo-IdeaPad-Slim-3-15-3-AMD-Ryzen-5-150-8-GB-RAM-512-GB-SSD-Luna-Grey.webp?h=630&w=1200,5563249023,"IdeaPad Slim 3 15,3'' AMD Ryzen 5 150 8 GB RAM 512 GB SSD Luna Grey",laptop
b00953,"Lenovo IdeaPad Slim 3 15ARP10 – 15,3"" WUXGA IPS, AMD Ryzen 5 150, 8 GB RAM, 512 GB SSD, Windows 11 Home",Heinzsoft,509.00,Lenovo,Notebooks,https://cdn.billiger.com/dynimg/JOlXlwoGQocof0p75-xL_Q5G4eBUI2kr6hE8nUhH7Pc88MgR1b3VHcWvS03VxtgwPdXDhQy4UR4Ia658A6gmwKfOoE2dGnegGfz7Rz18pao/Lenovo-IdeaPad-Slim-3-15-3-AMD-Ryzen-5-150-8-GB-RAM-512-GB-SSD-Luna-Grey.webp?h=630&w=1200,5563249023,"IdeaPad Slim 3 15,3'' AMD Ryzen 5 150 8 GB RAM 512 GB SSD Luna Grey",laptop
b00954,Lenovo IdeaPad Slim 3 15ARP10 83K7 - 180°-Scharnierdesign - AMD Ryzen 5 150 / 3.3 GHz - Win 11 Home - Radeon 660M - 8 GB RAM - 512 GB SSD NVMe - 3... - Grau,Kaufland.de,527.22,Lenovo,Notebooks,https://cdn.billiger.com/dynimg/JOlXlwoGQocof0p75-xL_Q5G4eBUI2kr6hE8nUhH7Pc88MgR1b3VHcWvS03VxtgwPdXDhQy4UR4Ia658A6gmwKfOoE2dGnegGfz7Rz18pao/Lenovo-IdeaPad-Slim-3-15-3-AMD-Ryzen-5-150-8-GB-RAM-512-GB-SSD-Luna-Grey.webp?h=630&w=1200,5563249023,"IdeaPad Slim 3 15,3'' AMD Ryzen 5 150 8 GB RAM 512 GB SSD Luna Grey",laptop
b00955,"Lenovo IdeaPad Slim 3 15ARP10 15,3"" WUXGA Ryzen 5 150 8GB RAM 512GB SSD Win11 DE QWERTZ",JACOB,537.75,Lenovo,Notebooks,https://cdn.billiger.com/dynimg/JOlXlwoGQocof0p75-xL_Q5G4eBUI2kr6hE8nUhH7Pc88MgR1b3VHcWvS03VxtgwPdXDhQy4UR4Ia658A6gmwKfOoE2dGnegGfz7Rz18pao/Lenovo-IdeaPad-Slim-3-15-3-AMD-Ryzen-5-150-8-GB-RAM-512-GB-SSD-Luna-Grey.webp?h=630&w=1200,5563249023,"IdeaPad Slim 3 15,3'' AMD Ryzen 5 150 8 GB RAM 512 GB SSD Luna Grey",laptop
b00956,Lenovo IdeaPad Slim 3 15AMN8 (82XQ0153GE) (arctic grey) 15.6,technikplanet.de,450.98,Lenovo,Notebooks,https://cdn.billiger.com/dynimg/vdlpEsieDVCof0p75-xL_Tz8-Q8Z6F2lahE8nUhH7Pc88MgR1b3VHcWvS03VxtgwLqfNWe7ynqvtJZoDsPSnXCvYit952E0-NpNPlSsZv-v/Lenovo-IdeaPad-Slim-3-15-6-AMD-Ryzen-3-7320U-8-GB-RAM-512-GB-SSD-Arctic-Grey.webp?h=630&w=1200,5518815507,"IdeaPad Slim 3 15,6'' AMD Ryzen 3 7320U 8 GB RAM 512 GB SSD Arctic Grey",laptop
b00957,"Lenovo IdeaPad Slim 3 15AMN8 39,62cm (15,6 ) Ryz 3 8GB 512GB",TECHNIKdirekt,481.75,Lenovo,Notebooks,https://cdn.billiger.com/dynimg/vdlpEsieDVCof0p75-xL_Tz8-Q8Z6F2lahE8nUhH7Pc88MgR1b3VHcWvS03VxtgwLqfNWe7ynqvtJZoDsPSnXCvYit952E0-NpNPlSsZv-v/Lenovo-IdeaPad-Slim-3-15-6-AMD-Ryzen-3-7320U-8-GB-RAM-512-GB-SSD-Arctic-Grey.webp?h=630&w=1200,5518815507,"IdeaPad Slim 3 15,6'' AMD Ryzen 3 7320U 8 GB RAM 512 GB SSD Arctic Grey",laptop
b00958,"Lenovo IdeaPad Slim 3 15AMN8 82XQ0153GE Notebook 39,6 cm (15,6"") 1920x1080 - AMD Ryzen 3 7320U - 512GB SSD - Radeon 610M - HDMI/USB-C - Windows 11 Home - Grau",JACOB,496.46,Lenovo,Notebooks,https://cdn.billiger.com/dynimg/vdlpEsieDVCof0p75-xL_Tz8-Q8Z6F2lahE8nUhH7Pc88MgR1b3VHcWvS03VxtgwLqfNWe7ynqvtJZoDsPSnXCvYit952E0-NpNPlSsZv-v/Lenovo-IdeaPad-Slim-3-15-6-AMD-Ryzen-3-7320U-8-GB-RAM-512-GB-SSD-Arctic-Grey.webp?h=630&w=1200,5518815507,"IdeaPad Slim 3 15,6'' AMD Ryzen 3 7320U 8 GB RAM 512 GB SSD Arctic Grey",laptop
b00959,"Lenovo IdeaPad Slim 3 15AMN8 39,62cm (15,6"") Ryz 3 8GB 512GB Notebook",ebay.de,502.25,Lenovo,Notebooks,https://cdn.billiger.com/dynimg/vdlpEsieDVCof0p75-xL_Tz8-Q8Z6F2lahE8nUhH7Pc88MgR1b3VHcWvS03VxtgwLqfNWe7ynqvtJZoDsPSnXCvYit952E0-NpNPlSsZv-v/Lenovo-IdeaPad-Slim-3-15-6-AMD-Ryzen-3-7320U-8-GB-RAM-512-GB-SSD-Arctic-Grey.webp?h=630&w=1200,5518815507,"IdeaPad Slim 3 15,6'' AMD Ryzen 3 7320U 8 GB RAM 512 GB SSD Arctic Grey",laptop
b00960,"Lenovo IdeaPad Slim 3 15AMN8 39,62cm (15,6 ) Ryz 3 8GB 512GB - Grau",Kaufland.de,511.63,Lenovo,Notebooks,https://cdn.billiger.com/dynimg/vdlpEsieDVCof0p75-xL_Tz8-Q8Z6F2lahE8nUhH7Pc88MgR1b3VHcWvS03VxtgwLqfNWe7ynqvtJZoDsPSnXCvYit952E0-NpNPlSsZv-v/Lenovo-IdeaPad-Slim-3-15-6-AMD-Ryzen-3-7320U-8-GB-RAM-512-GB-SSD-Arctic-Grey.webp?h=630&w=1200,5518815507,"IdeaPad Slim 3 15,6'' AMD Ryzen 3 7320U 8 GB RAM 512 GB SSD Arctic Grey",laptop
b00961,"Lenovo IdeaPad Slim 3 (15.60"", 512 GB, 8 GB, DE, AMD Ryzen 3 7320U), Notebook, Grau",Galaxus.de,526.54,Lenovo,Notebooks,https://cdn.billiger.com/dynimg/vdlpEsieDVCof0p75-xL_Tz8-Q8Z6F2lahE8nUhH7Pc88MgR1b3VHcWvS03VxtgwLqfNWe7ynqvtJZoDsPSnXCvYit952E0-NpNPlSsZv-v/Lenovo-IdeaPad-Slim-3-15-6-AMD-Ryzen-3-7320U-8-GB-RAM-512-GB-SSD-Arctic-Grey.webp?h=630&w=1200,5518815507,"IdeaPad Slim 3 15,6'' AMD Ryzen 3 7320U 8 GB RAM 512 GB SSD Arctic Grey",laptop
b00962,LENOVO IdeaPad Slim 3 14AMN8 - 14 Zoll AMD RyzenTM 5 7520U 16 GB 512 RadeonTM 610M,ebay.de,499.00,Lenovo,Notebooks,https://cdn.billiger.com/dynimg/ciKDjXjlCdAof0p75-xL_QuoClR9-EFHqhE8nUhH7Pc88MgR1b3VHcWvS03VxtgwDC4njOO9wGWquwl8GaKCs6rDjkOrKeBvZHt1LJMAINK/Lenovo-IdeaPad-Slim-3-14-AMD-Ryzen-5-7520U-16-GB-RAM-512-GB-SSD-Cosmic-Blue.webp?h=630&w=1200,5435757315,IdeaPad Slim 3 14'' AMD Ryzen 5 7520U 16 GB RAM 512 GB SSD Cosmic Blue,laptop
b00963,"Apple MacBook Pro 14"" 2025 M5/16/512 GB 10C CPU 10C GPU Space Schwarz MDE04D/A",ebay.de,1447.60,Apple,Notebooks,https://cdn.billiger.com/dynimg/H-gbsd01zqyof0p75-xL_TbU5MYMu4rRqhE8nUhH7Pc88MgR1b3VHcWvS03VxtgwEZ-eOhjS0Dz7-eSauHBpaJ6xfZljbK5qGvQuk1L74UD/Apple-MacBook-Pro-M5-2025-14-16-GB-RAM-512-GB-SSD-10-Core-GPU-Space-Schwarz.webp?h=630&w=1200,5410370769,MacBook Pro M5 2025 14'' 16 GB RAM 512 GB SSD 10-Core GPU Space Schwarz,laptop
b00964,"Apple MacBook Pro 14"" 2025 M5/16/512 GB 10C CPU 10C GPU Space Schwarz MDE04D/A",computeruniverse.net,1449.00,Apple,Notebooks,https://cdn.billiger.com/dynimg/H-gbsd01zqyof0p75-xL_TbU5MYMu4rRqhE8nUhH7Pc88MgR1b3VHcWvS03VxtgwEZ-eOhjS0Dz7-eSauHBpaJ6xfZljbK5qGvQuk1L74UD/Apple-MacBook-Pro-M5-2025-14-16-GB-RAM-512-GB-SSD-10-Core-GPU-Space-Schwarz.webp?h=630&w=1200,5410370769,MacBook Pro M5 2025 14'' 16 GB RAM 512 GB SSD 10-Core GPU Space Schwarz,laptop
b00965,"Apple MacBook Pro 14"" 2025 M5/16/512 GB 10C CPU 10C GPU Space Schwarz MDE04D/A",Cyberport,1449.00,Apple,Notebooks,https://cdn.billiger.com/dynimg/H-gbsd01zqyof0p75-xL_TbU5MYMu4rRqhE8nUhH7Pc88MgR1b3VHcWvS03VxtgwEZ-eOhjS0Dz7-eSauHBpaJ6xfZljbK5qGvQuk1L74UD/Apple-MacBook-Pro-M5-2025-14-16-GB-RAM-512-GB-SSD-10-Core-GPU-Space-Schwarz.webp?h=630&w=1200,5410370769,MacBook Pro M5 2025 14'' 16 GB RAM 512 GB SSD 10-Core GPU Space Schwarz,laptop
b00966,"Apple Laptop MacBook Pro 14 MDE04D/A, space schwarz, 14,2 Zoll, 10C CPU / 10C GPU, Apple M5, 512 GB SSD, 16 GB RAM",bueromarkt-ag.de,1489.58,Apple,Notebooks,https://cdn.billiger.com/dynimg/H-gbsd01zqyof0p75-xL_TbU5MYMu4rRqhE8nUhH7Pc88MgR1b3VHcWvS03VxtgwEZ-eOhjS0Dz7-eSauHBpaJ6xfZljbK5qGvQuk1L74UD/Apple-MacBook-Pro-M5-2025-14-16-GB-RAM-512-GB-SSD-10-Core-GPU-Space-Schwarz.webp?h=630&w=1200,5410370769,MacBook Pro M5 2025 14'' 16 GB RAM 512 GB SSD 10-Core GPU Space Schwarz,laptop
b00967,"MacBook Pro, 14 Zoll, 2025, Space Schwarz, M5, 10-Core CPU, 10-Core GPU, 16 GB, 512 GB SSD",Expert,1539.00,Apple,Notebooks,https://cdn.billiger.com/dynimg/H-gbsd01zqyof0p75-xL_TbU5MYMu4rRqhE8nUhH7Pc88MgR1b3VHcWvS03VxtgwEZ-eOhjS0Dz7-eSauHBpaJ6xfZljbK5qGvQuk1L74UD/Apple-MacBook-Pro-M5-2025-14-16-GB-RAM-512-GB-SSD-10-Core-GPU-Space-Schwarz.webp?h=630&w=1200,5410370769,MacBook Pro M5 2025 14'' 16 GB RAM 512 GB SSD 10-Core GPU Space Schwarz,laptop
b00968,"Apple MacBook Pro Space Schwarz MDE04D/A - 35,6cm 14'', M5 10-Core Chip, 10-Core GPU, 16GB RAM, 512GB SSD /ohne Netzteil | Laptop by NBB",notebooksbilliger,1559.00,Apple,Notebooks,https://cdn.billiger.com/dynimg/H-gbsd01zqyof0p75-xL_TbU5MYMu4rRqhE8nUhH7Pc88MgR1b3VHcWvS03VxtgwEZ-eOhjS0Dz7-eSauHBpaJ6xfZljbK5qGvQuk1L74UD/Apple-MacBook-Pro-M5-2025-14-16-GB-RAM-512-GB-SSD-10-Core-GPU-Space-Schwarz.webp?h=630&w=1200,5410370769,MacBook Pro M5 2025 14'' 16 GB RAM 512 GB SSD 10-Core GPU Space Schwarz,laptop
b00969,"MacBook Pro 14"" M5",Shifter,1593.01,Apple,Notebooks,https://cdn.billiger.com/dynimg/H-gbsd01zqyof0p75-xL_TbU5MYMu4rRqhE8nUhH7Pc88MgR1b3VHcWvS03VxtgwEZ-eOhjS0Dz7-eSauHBpaJ6xfZljbK5qGvQuk1L74UD/Apple-MacBook-Pro-M5-2025-14-16-GB-RAM-512-GB-SSD-10-Core-GPU-Space-Schwarz.webp?h=630&w=1200,5410370769,MacBook Pro M5 2025 14'' 16 GB RAM 512 GB SSD 10-Core GPU Space Schwarz,laptop
b00970,Apple MacBook Pro 14‘‘ M5 10-Core 512GB SpaceSchwarz (MDE04D/A),JACOB,1600.36,Apple,Notebooks,https://cdn.billiger.com/dynimg/H-gbsd01zqyof0p75-xL_TbU5MYMu4rRqhE8nUhH7Pc88MgR1b3VHcWvS03VxtgwEZ-eOhjS0Dz7-eSauHBpaJ6xfZljbK5qGvQuk1L74UD/Apple-MacBook-Pro-M5-2025-14-16-GB-RAM-512-GB-SSD-10-Core-GPU-Space-Schwarz.webp?h=630&w=1200,5410370769,MacBook Pro M5 2025 14'' 16 GB RAM 512 GB SSD 10-Core GPU Space Schwarz,laptop
b00971,"Apple MacBook Pro - M5 - Apple M5 10-core - 16 GB RAM - 512 GB SSD - 35.97 cm (14.2"")",Heinzsoft,1667.00,Apple,Notebooks,https://cdn.billiger.com/dynimg/H-gbsd01zqyof0p75-xL_TbU5MYMu4rRqhE8nUhH7Pc88MgR1b3VHcWvS03VxtgwEZ-eOhjS0Dz7-eSauHBpaJ6xfZljbK5qGvQuk1L74UD/Apple-MacBook-Pro-M5-2025-14-16-GB-RAM-512-GB-SSD-10-Core-GPU-Space-Schwarz.webp?h=630&w=1200,5410370769,MacBook Pro M5 2025 14'' 16 GB RAM 512 GB SSD 10-Core GPU Space Schwarz,laptop
b00972,"Apple MacBook Pro Apple M M5 Laptop 36,1 cm (14.2"") 16 GB 512 GB SSD Wi-Fi 6E (802.11ax) macOS Tahoe Schwarz - Schwarz",Kaufland.de,1707.21,Apple,Notebooks,https://cdn.billiger.com/dynimg/H-gbsd01zqyof0p75-xL_TbU5MYMu4rRqhE8nUhH7Pc88MgR1b3VHcWvS03VxtgwEZ-eOhjS0Dz7-eSauHBpaJ6xfZljbK5qGvQuk1L74UD/Apple-MacBook-Pro-M5-2025-14-16-GB-RAM-512-GB-SSD-10-Core-GPU-Space-Schwarz.webp?h=630&w=1200,5410370769,MacBook Pro M5 2025 14'' 16 GB RAM 512 GB SSD 10-Core GPU Space Schwarz,laptop
b00973,"Apple MacBook Pro 14"" 2025 M5/16/512 GB 10C CPU 10C GPU Silver MDE44D/A",computeruniverse.net,1449.00,Apple,Notebooks,https://cdn.billiger.com/dynimg/wwwnOp1d5B5of0p75-xL_RjHelR_uEEXahE8nUhH7Pc88MgR1b3VHcWvS03VxtgwL4Rnv3W1ttfN8sOPOT-Ry9BJbCzZRX_kvfWP-fYt6Nx/Apple-MacBook-Pro-M5-2025-14-16-GB-RAM-512-GB-SSD-10-Core-GPU-Silber.webp?h=630&w=1200,5410370799,MacBook Pro M5 2025 14'' 16 GB RAM 512 GB SSD 10-Core GPU Silber,laptop
b00974,"Apple MacBook Pro 14"" 2025 M5/16/512 GB 10C CPU 10C GPU Silver MDE44D/A",Cyberport,1449.00,Apple,Notebooks,https://cdn.billiger.com/dynimg/wwwnOp1d5B5of0p75-xL_RjHelR_uEEXahE8nUhH7Pc88MgR1b3VHcWvS03VxtgwL4Rnv3W1ttfN8sOPOT-Ry9BJbCzZRX_kvfWP-fYt6Nx/Apple-MacBook-Pro-M5-2025-14-16-GB-RAM-512-GB-SSD-10-Core-GPU-Silber.webp?h=630&w=1200,5410370799,MacBook Pro M5 2025 14'' 16 GB RAM 512 GB SSD 10-Core GPU Silber,laptop
b00975,"Apple MacBook Pro 14"" 2025 M5/16/512 GB 10C CPU 10C GPU Silver MDE44D/A",ebay.de,1452.67,Apple,Notebooks,https://cdn.billiger.com/dynimg/wwwnOp1d5B5of0p75-xL_RjHelR_uEEXahE8nUhH7Pc88MgR1b3VHcWvS03VxtgwL4Rnv3W1ttfN8sOPOT-Ry9BJbCzZRX_kvfWP-fYt6Nx/Apple-MacBook-Pro-M5-2025-14-16-GB-RAM-512-GB-SSD-10-Core-GPU-Silber.webp?h=630&w=1200,5410370799,MacBook Pro M5 2025 14'' 16 GB RAM 512 GB SSD 10-Core GPU Silber,laptop
b00976,Apple MacBook Pro 14.2 Standardglas M5 10-Core CPU 10-Core GPU 16GB RAM 512GB SSD ohne Netzteil - MDE44D/A silber,Electronis.de,1552.10,Apple,Notebooks,https://cdn.billiger.com/dynimg/wwwnOp1d5B5of0p75-xL_RjHelR_uEEXahE8nUhH7Pc88MgR1b3VHcWvS03VxtgwL4Rnv3W1ttfN8sOPOT-Ry9BJbCzZRX_kvfWP-fYt6Nx/Apple-MacBook-Pro-M5-2025-14-16-GB-RAM-512-GB-SSD-10-Core-GPU-Silber.webp?h=630&w=1200,5410370799,MacBook Pro M5 2025 14'' 16 GB RAM 512 GB SSD 10-Core GPU Silber,laptop
b00977,"Apple MacBook Pro Silber MDE44D/A - 35,6cm 14'', M5 10-Core Chip, 10-Core GPU, 16GB RAM, 512GB SSD/ ohne Netzteil | Laptop by NBB",notebooksbilliger,1559.00,Apple,Notebooks,https://cdn.billiger.com/dynimg/wwwnOp1d5B5of0p75-xL_RjHelR_uEEXahE8nUhH7Pc88MgR1b3VHcWvS03VxtgwL4Rnv3W1ttfN8sOPOT-Ry9BJbCzZRX_kvfWP-fYt6Nx/Apple-MacBook-Pro-M5-2025-14-16-GB-RAM-512-GB-SSD-10-Core-GPU-Silber.webp?h=630&w=1200,5410370799,MacBook Pro M5 2025 14'' 16 GB RAM 512 GB SSD 10-Core GPU Silber,laptop
b00978,"MacBook Pro, 14 Zoll, 2025, Silber, M5, 10-Core CPU, 10-Core GPU, 16 GB, 512 GB SSD",Expert,1643.00,Apple,Notebooks,https://cdn.billiger.com/dynimg/wwwnOp1d5B5of0p75-xL_RjHelR_uEEXahE8nUhH7Pc88MgR1b3VHcWvS03VxtgwL4Rnv3W1ttfN8sOPOT-Ry9BJbCzZRX_kvfWP-fYt6Nx/Apple-MacBook-Pro-M5-2025-14-16-GB-RAM-512-GB-SSD-10-Core-GPU-Silber.webp?h=630&w=1200,5410370799,MacBook Pro M5 2025 14'' 16 GB RAM 512 GB SSD 10-Core GPU Silber,laptop
b00979,"Apple MacBook Pro - M5 - Apple M5 10-core - 16 GB RAM - 512 GB SSD - 35.97 cm (14.2"")",Heinzsoft,1667.00,Apple,Notebooks,https://cdn.billiger.com/dynimg/wwwnOp1d5B5of0p75-xL_RjHelR_uEEXahE8nUhH7Pc88MgR1b3VHcWvS03VxtgwL4Rnv3W1ttfN8sOPOT-Ry9BJbCzZRX_kvfWP-fYt6Nx/Apple-MacBook-Pro-M5-2025-14-16-GB-RAM-512-GB-SSD-10-Core-GPU-Silber.webp?h=630&w=1200,5410370799,MacBook Pro M5 2025 14'' 16 GB RAM 512 GB SSD 10-Core GPU Silber,laptop
b00980,"Apple MacBook Pro - M5 - Apple M5 10-core - 16 GB RAM - 512 GB SSD - 35.97 cm (14.2"") - Silber",Kaufland.de,1700.67,Apple,Notebooks,https://cdn.billiger.com/dynimg/wwwnOp1d5B5of0p75-xL_RjHelR_uEEXahE8nUhH7Pc88MgR1b3VHcWvS03VxtgwL4Rnv3W1ttfN8sOPOT-Ry9BJbCzZRX_kvfWP-fYt6Nx/Apple-MacBook-Pro-M5-2025-14-16-GB-RAM-512-GB-SSD-10-Core-GPU-Silber.webp?h=630&w=1200,5410370799,MacBook Pro M5 2025 14'' 16 GB RAM 512 GB SSD 10-Core GPU Silber,laptop
b00981,"MacBook Pro (14"") 2025, Notebook - silber, 16 GB, 512 GB (512 GB SSD), M5, MacOS, Deutsch",Alternate,1729.00,Apple,Notebooks,https://cdn.billiger.com/dynimg/wwwnOp1d5B5of0p75-xL_RjHelR_uEEXahE8nUhH7Pc88MgR1b3VHcWvS03VxtgwL4Rnv3W1ttfN8sOPOT-Ry9BJbCzZRX_kvfWP-fYt6Nx/Apple-MacBook-Pro-M5-2025-14-16-GB-RAM-512-GB-SSD-10-Core-GPU-Silber.webp?h=630&w=1200,5410370799,MacBook Pro M5 2025 14'' 16 GB RAM 512 GB SSD 10-Core GPU Silber,laptop
b00982,Apple MacBook Pro (14'') M5 10/10-Core/16GB/512GBSSD/Silber MacOS,25n.de,1765.25,Apple,Notebooks,https://cdn.billiger.com/dynimg/wwwnOp1d5B5of0p75-xL_RjHelR_uEEXahE8nUhH7Pc88MgR1b3VHcWvS03VxtgwL4Rnv3W1ttfN8sOPOT-Ry9BJbCzZRX_kvfWP-fYt6Nx/Apple-MacBook-Pro-M5-2025-14-16-GB-RAM-512-GB-SSD-10-Core-GPU-Silber.webp?h=630&w=1200,5410370799,MacBook Pro M5 2025 14'' 16 GB RAM 512 GB SSD 10-Core GPU Silber,laptop
b00983,"Apple MacBook Pro 14"" M5 (2025) 1TB 16GB 10 Core C - 10 Core GPU Schwarz",ebay.de,1525.93,Apple,Notebooks,https://cdn.billiger.com/dynimg/M6lh1GvalyWof0p75-xL_TJMim1qeG-AKhE8nUhH7Pc88MgR1b3VHcWvS03VxtgwEZ-eOhjS0Dz7-eSauHBpaJ6xfZljbK5qGvQuk1L74UD/Apple-MacBook-Pro-M5-2025-14-16-GB-RAM-1-TB-SSD-10-Core-GPU-Space-Schwarz.webp?h=630&w=1200,5410370839,MacBook Pro M5 2025 14'' 16 GB RAM 1 TB SSD 10-Core GPU Space Schwarz,laptop
b00984,"Apple MacBook Pro 14"" M5 2025 16GB / 1TB Schwarz QWERTZ",coolblue,1619.00,Apple,Notebooks,https://cdn.billiger.com/dynimg/M6lh1GvalyWof0p75-xL_TJMim1qeG-AKhE8nUhH7Pc88MgR1b3VHcWvS03VxtgwEZ-eOhjS0Dz7-eSauHBpaJ6xfZljbK5qGvQuk1L74UD/Apple-MacBook-Pro-M5-2025-14-16-GB-RAM-1-TB-SSD-10-Core-GPU-Space-Schwarz.webp?h=630&w=1200,5410370839,MacBook Pro M5 2025 14'' 16 GB RAM 1 TB SSD 10-Core GPU Space Schwarz,laptop
b00985,"Apple MacBook Pro 14"" Notebook (35,97 cm/14,2 Zoll, Apple M5, 10-Core GPU, 16 GB, 1000 GB SSD) schwarz 1000 GB | 16 GB RAM",OTTO,1660.71,Apple,Notebooks,https://cdn.billiger.com/dynimg/M6lh1GvalyWof0p75-xL_TJMim1qeG-AKhE8nUhH7Pc88MgR1b3VHcWvS03VxtgwEZ-eOhjS0Dz7-eSauHBpaJ6xfZljbK5qGvQuk1L74UD/Apple-MacBook-Pro-M5-2025-14-16-GB-RAM-1-TB-SSD-10-Core-GPU-Space-Schwarz.webp?h=630&w=1200,5410370839,MacBook Pro M5 2025 14'' 16 GB RAM 1 TB SSD 10-Core GPU Space Schwarz,laptop
b00986,"Apple MacBook Pro - M5 - Apple M5 10-core - 16 GB RAM - 1 TB SSD - 35.97 cm (14.2"") - Schwarz",Kaufland.de,1746.68,Apple,Notebooks,https://cdn.billiger.com/dynimg/M6lh1GvalyWof0p75-xL_TJMim1qeG-AKhE8nUhH7Pc88MgR1b3VHcWvS03VxtgwEZ-eOhjS0Dz7-eSauHBpaJ6xfZljbK5qGvQuk1L74UD/Apple-MacBook-Pro-M5-2025-14-16-GB-RAM-1-TB-SSD-10-Core-GPU-Space-Schwarz.webp?h=630&w=1200,5410370839,MacBook Pro M5 2025 14'' 16 GB RAM 1 TB SSD 10-Core GPU Space Schwarz,laptop
b00987,"Apple Laptop MacBook Pro 14 MDE14D/A, space schwarz, 14,2 Zoll, 10C CPU / 10C GPU, Apple M5, 1 TB SSD, 16 GB RAM",bueromarkt-ag.de,1832.59,Apple,Notebooks,https://cdn.billiger.com/dynimg/M6lh1GvalyWof0p75-xL_TJMim1qeG-AKhE8nUhH7Pc88MgR1b3VHcWvS03VxtgwEZ-eOhjS0Dz7-eSauHBpaJ6xfZljbK5qGvQuk1L74UD/Apple-MacBook-Pro-M5-2025-14-16-GB-RAM-1-TB-SSD-10-Core-GPU-Space-Schwarz.webp?h=630&w=1200,5410370839,MacBook Pro M5 2025 14'' 16 GB RAM 1 TB SSD 10-Core GPU Space Schwarz,laptop
b00988,"MacBook Pro, 14 Zoll, 2025, Space Schwarz, M5, 10-Core CPU, 10-Core GPU, 16 GB, 1 TB SSD",Expert,1836.99,Apple,Notebooks,https://cdn.billiger.com/dynimg/M6lh1GvalyWof0p75-xL_TJMim1qeG-AKhE8nUhH7Pc88MgR1b3VHcWvS03VxtgwEZ-eOhjS0Dz7-eSauHBpaJ6xfZljbK5qGvQuk1L74UD/Apple-MacBook-Pro-M5-2025-14-16-GB-RAM-1-TB-SSD-10-Core-GPU-Space-Schwarz.webp?h=630&w=1200,5410370839,MacBook Pro M5 2025 14'' 16 GB RAM 1 TB SSD 10-Core GPU Space Schwarz,laptop
b00989,"Apple MacBook Pro 14 – 2025 (14.20"", 1000 GB, 16 GB, DE, M5), Notebook, Schwarz",Galaxus.de,1875.00,Apple,Notebooks,https://cdn.billiger.com/dynimg/M6lh1GvalyWof0p75-xL_TJMim1qeG-AKhE8nUhH7Pc88MgR1b3VHcWvS03VxtgwEZ-eOhjS0Dz7-eSauHBpaJ6xfZljbK5qGvQuk1L74UD/Apple-MacBook-Pro-M5-2025-14-16-GB-RAM-1-TB-SSD-10-Core-GPU-Space-Schwarz.webp?h=630&w=1200,5410370839,MacBook Pro M5 2025 14'' 16 GB RAM 1 TB SSD 10-Core GPU Space Schwarz,laptop
b00990,"Apple MacBook Pro Space Schwarz MDE14D/A - 35,6cm 14'', M5 10-Core Chip, 10-Core GPU, 16GB RAM, 1TB SSD/ ohne Netzteil | Laptop by NBB",notebooksbilliger,1899.00,Apple,Notebooks,https://cdn.billiger.com/dynimg/M6lh1GvalyWof0p75-xL_TJMim1qeG-AKhE8nUhH7Pc88MgR1b3VHcWvS03VxtgwEZ-eOhjS0Dz7-eSauHBpaJ6xfZljbK5qGvQuk1L74UD/Apple-MacBook-Pro-M5-2025-14-16-GB-RAM-1-TB-SSD-10-Core-GPU-Space-Schwarz.webp?h=630&w=1200,5410370839,MacBook Pro M5 2025 14'' 16 GB RAM 1 TB SSD 10-Core GPU Space Schwarz,laptop
b00991,Apple MacBook Pro 14.2 Standardglas M5 10-Core CPU 10-Core GPU 16GB RAM 1TB SSD ohne Netzteil - MDE14D/A space-black,Electronis.de,1999.95,Apple,Notebooks,https://cdn.billiger.com/dynimg/M6lh1GvalyWof0p75-xL_TJMim1qeG-AKhE8nUhH7Pc88MgR1b3VHcWvS03VxtgwEZ-eOhjS0Dz7-eSauHBpaJ6xfZljbK5qGvQuk1L74UD/Apple-MacBook-Pro-M5-2025-14-16-GB-RAM-1-TB-SSD-10-Core-GPU-Space-Schwarz.webp?h=630&w=1200,5410370839,MacBook Pro M5 2025 14'' 16 GB RAM 1 TB SSD 10-Core GPU Space Schwarz,laptop
b00992,"Apple MacBook Pro - M5 - Apple M5 10-core - 16 GB RAM - 1 TB SSD - 35.97 cm (14.2"")",Heinzsoft,2031.00,Apple,Notebooks,https://cdn.billiger.com/dynimg/M6lh1GvalyWof0p75-xL_TJMim1qeG-AKhE8nUhH7Pc88MgR1b3VHcWvS03VxtgwEZ-eOhjS0Dz7-eSauHBpaJ6xfZljbK5qGvQuk1L74UD/Apple-MacBook-Pro-M5-2025-14-16-GB-RAM-1-TB-SSD-10-Core-GPU-Space-Schwarz.webp?h=630&w=1200,5410370839,MacBook Pro M5 2025 14'' 16 GB RAM 1 TB SSD 10-Core GPU Space Schwarz,laptop
b00993,"Acer Black Week % | Aspire 17 A17-51M-52TK 17,3"" Full-HD, IPS, Intel i5-1334U, 16GB RAM, 512GB SSD, Windows 11 | Laptop by NBB",notebooksbilliger,599.00,Acer,Notebooks,https://cdn.billiger.com/dynimg/dkHLguhG2Vkof0p75-xL_R-VLqVGDCE4ahE8nUhH7Pc88MgR1b3VHcWvS03VxtgwCyVMstvnbmqpVXRZj_LsyQZcAvyDLFRQPr2825_-oXN/Acer-Aspire-17-A17-51M-52TK-Intel-Core-i5-1334U-16-GB-RAM-512-GB-SSD-Win11-Home.webp?h=630&w=1200,5369101147,Aspire 17 A17-51M-52TK Intel Core i5-1334U 16 GB RAM 512 GB SSD Win11 Home,laptop
b00994,"Acer Aspire 17 (17.30"", 512 GB, 16 GB, DE, Intel Core i5-1334U), Notebook, Grau",Galaxus.de,607.99,Acer,Notebooks,https://cdn.billiger.com/dynimg/dkHLguhG2Vkof0p75-xL_R-VLqVGDCE4ahE8nUhH7Pc88MgR1b3VHcWvS03VxtgwCyVMstvnbmqpVXRZj_LsyQZcAvyDLFRQPr2825_-oXN/Acer-Aspire-17-A17-51M-52TK-Intel-Core-i5-1334U-16-GB-RAM-512-GB-SSD-Win11-Home.webp?h=630&w=1200,5369101147,Aspire 17 A17-51M-52TK Intel Core i5-1334U 16 GB RAM 512 GB SSD Win11 Home,laptop
b00995,"Acer Aspire 17 A17-51M-52TK - 17.3"", Intel Core i5-1334U, 16 GB RAM, 512 GB SSD, Windows 11 Home",Heinzsoft,644.00,Acer,Notebooks,https://cdn.billiger.com/dynimg/dkHLguhG2Vkof0p75-xL_R-VLqVGDCE4ahE8nUhH7Pc88MgR1b3VHcWvS03VxtgwCyVMstvnbmqpVXRZj_LsyQZcAvyDLFRQPr2825_-oXN/Acer-Aspire-17-A17-51M-52TK-Intel-Core-i5-1334U-16-GB-RAM-512-GB-SSD-Win11-Home.webp?h=630&w=1200,5369101147,Aspire 17 A17-51M-52TK Intel Core i5-1334U 16 GB RAM 512 GB SSD Win11 Home,laptop
b00996,"Acer Aspire 17 A17-51M - Intel Core i5 i5-1334U / 1.3 GHz - Win 11 Home - Intel Iris Xe Grafik - 16 GB RAM - 512 GB SSD NVMe - 43.9 cm (17.3"") - Grau",Kaufland.de,663.24,Acer,Notebooks,https://cdn.billiger.com/dynimg/dkHLguhG2Vkof0p75-xL_R-VLqVGDCE4ahE8nUhH7Pc88MgR1b3VHcWvS03VxtgwCyVMstvnbmqpVXRZj_LsyQZcAvyDLFRQPr2825_-oXN/Acer-Aspire-17-A17-51M-52TK-Intel-Core-i5-1334U-16-GB-RAM-512-GB-SSD-Win11-Home.webp?h=630&w=1200,5369101147,Aspire 17 A17-51M-52TK Intel Core i5-1334U 16 GB RAM 512 GB SSD Win11 Home,laptop
b00997,"Acer Aspire 17 Laptop Full HD Core i5 16 GB RAM 512 GB SSD Windows 11 Notebook (43,94 cm/17.3 Zoll, Intel Core i5 1334U, Iris® Xe Graphics, 16 GB, 512 GB SSD) grau",OTTO,799.00,Acer,Notebooks,https://cdn.billiger.com/dynimg/dkHLguhG2Vkof0p75-xL_R-VLqVGDCE4ahE8nUhH7Pc88MgR1b3VHcWvS03VxtgwCyVMstvnbmqpVXRZj_LsyQZcAvyDLFRQPr2825_-oXN/Acer-Aspire-17-A17-51M-52TK-Intel-Core-i5-1334U-16-GB-RAM-512-GB-SSD-Win11-Home.webp?h=630&w=1200,5369101147,Aspire 17 A17-51M-52TK Intel Core i5-1334U 16 GB RAM 512 GB SSD Win11 Home,laptop
b00998,"Acer Aspire 17 A17-51M-52TK 17.3""/i5-1334/16/512SSD/W11",Metro.de,826.18,Acer,Notebooks,https://cdn.billiger.com/dynimg/dkHLguhG2Vkof0p75-xL_R-VLqVGDCE4ahE8nUhH7Pc88MgR1b3VHcWvS03VxtgwCyVMstvnbmqpVXRZj_LsyQZcAvyDLFRQPr2825_-oXN/Acer-Aspire-17-A17-51M-52TK-Intel-Core-i5-1334U-16-GB-RAM-512-GB-SSD-Win11-Home.webp?h=630&w=1200,5369101147,Aspire 17 A17-51M-52TK Intel Core i5-1334U 16 GB RAM 512 GB SSD Win11 Home,laptop
b00999,"Acer Aspire 17 A17-51M-55BT 17.3"" FHD IPS Core 5 120U 16GB/512GB SSD Win11",computeruniverse.net,649.00,Acer,Notebooks,https://cdn.billiger.com/dynimg/4l8_hFa5Sorof0p75-xL_TiS85U8G4Z96hE8nUhH7Pc88MgR1b3VHcWvS03VxtgwGzguU1FUXL1lA3rBoDNxScNjs28OpISQuYG4h9n3EGR/Acer-Aspire-17-A17-51M-55BT-Intel-Core-5-120U-16-GB-RAM-512-GB-SSD-Win11-Home.webp?h=630&w=1200,5517548328,Aspire 17 A17-51M-55BT Intel Core 5 120U 16 GB RAM 512 GB SSD Win11 Home,laptop
b01000,"Acer Aspire 17 A17-51M-55BT 17.3"" FHD IPS Core 5 120U 16GB/512GB SSD Win11",Cyberport,649.00,Acer,Notebooks,https://cdn.billiger.com/dynimg/4l8_hFa5Sorof0p75-xL_TiS85U8G4Z96hE8nUhH7Pc88MgR1b3VHcWvS03VxtgwGzguU1FUXL1lA3rBoDNxScNjs28OpISQuYG4h9n3EGR/Acer-Aspire-17-A17-51M-55BT-Intel-Core-5-120U-16-GB-RAM-512-GB-SSD-Win11-Home.webp?h=630&w=1200,5517548328,Aspire 17 A17-51M-55BT Intel Core 5 120U 16 GB RAM 512 GB SSD Win11 Home,laptop
b01001,"Acer Aspire 17 (17.30"", 512 GB, 16 GB, DE, Intel Core 5 120U), Notebook, Grau",Galaxus.de,655.99,Acer,Notebooks,https://cdn.billiger.com/dynimg/4l8_hFa5Sorof0p75-xL_TiS85U8G4Z96hE8nUhH7Pc88MgR1b3VHcWvS03VxtgwGzguU1FUXL1lA3rBoDNxScNjs28OpISQuYG4h9n3EGR/Acer-Aspire-17-A17-51M-55BT-Intel-Core-5-120U-16-GB-RAM-512-GB-SSD-Win11-Home.webp?h=630&w=1200,5517548328,Aspire 17 A17-51M-55BT Intel Core 5 120U 16 GB RAM 512 GB SSD Win11 Home,laptop
b01002,"Acer Aspire 17 A17-51M - 17.3"", Intel Core 5 120U, 16 GB RAM, 512 GB SSD, Windows 11 Home",Heinzsoft,690.00,Acer,Notebooks,https://cdn.billiger.com/dynimg/4l8_hFa5Sorof0p75-xL_TiS85U8G4Z96hE8nUhH7Pc88MgR1b3VHcWvS03VxtgwGzguU1FUXL1lA3rBoDNxScNjs28OpISQuYG4h9n3EGR/Acer-Aspire-17-A17-51M-55BT-Intel-Core-5-120U-16-GB-RAM-512-GB-SSD-Win11-Home.webp?h=630&w=1200,5517548328,Aspire 17 A17-51M-55BT Intel Core 5 120U 16 GB RAM 512 GB SSD Win11 Home,laptop
b01003,"Acer Aspire 17 A17-51M - Intel Core 5 120U / 1.4 GHz - Win 11 Home - UHD Graphics - 16 GB RAM - 512 GB SSD NVMe - 43.9 cm (17.3"")",Kaufland.de,736.38,Acer,Notebooks,https://cdn.billiger.com/dynimg/4l8_hFa5Sorof0p75-xL_TiS85U8G4Z96hE8nUhH7Pc88MgR1b3VHcWvS03VxtgwGzguU1FUXL1lA3rBoDNxScNjs28OpISQuYG4h9n3EGR/Acer-Aspire-17-A17-51M-55BT-Intel-Core-5-120U-16-GB-RAM-512-GB-SSD-Win11-Home.webp?h=630&w=1200,5517548328,Aspire 17 A17-51M-55BT Intel Core 5 120U 16 GB RAM 512 GB SSD Win11 Home,laptop
b01004,"Acer Aspire 17 A17-51M-51GJ 17,3"" Full-HD, IPS, Intel® CoreTM 5, 16GB RAM, 1TB SSD, Windows 11 | Laptop by NBB",notebooksbilliger,699.00,Acer,Notebooks,https://cdn.billiger.com/dynimg/2EbWAa22o1qof0p75-xL_SkgEJHLsSTdahE8nUhH7Pc88MgR1b3VHcWvS03VxtgwBVIwQCuvxbJS3G4qc-1r-237mzc_e44I6Mvv8KfbWxz/Acer-Aspire-17-A17-51M-51GJ-Intel-Core-5-120U-16-GB-RAM-1-TB-SSD-Win11-Home.webp?h=630&w=1200,5549234755,Aspire 17 A17-51M-51GJ Intel Core 5 120U 16 GB RAM 1 TB SSD Win11 Home,laptop
b01005,"Acer Aspire 17 (17.30"", 1000 GB, 16 GB, DE, Intel Core 5 120U), Notebook, Grau",Galaxus.de,707.99,Acer,Notebooks,https://cdn.billiger.com/dynimg/2EbWAa22o1qof0p75-xL_SkgEJHLsSTdahE8nUhH7Pc88MgR1b3VHcWvS03VxtgwBVIwQCuvxbJS3G4qc-1r-237mzc_e44I6Mvv8KfbWxz/Acer-Aspire-17-A17-51M-51GJ-Intel-Core-5-120U-16-GB-RAM-1-TB-SSD-Win11-Home.webp?h=630&w=1200,5549234755,Aspire 17 A17-51M-51GJ Intel Core 5 120U 16 GB RAM 1 TB SSD Win11 Home,laptop
b01006,"Acer Aspire 17 (A17-51M-51GJ) – 17,3"" Full HD IPS, Intel Core 5 120U, 16 GB RAM, 1 TB SSD, Windows 11 Home",Heinzsoft,751.00,Acer,Notebooks,https://cdn.billiger.com/dynimg/2EbWAa22o1qof0p75-xL_SkgEJHLsSTdahE8nUhH7Pc88MgR1b3VHcWvS03VxtgwBVIwQCuvxbJS3G4qc-1r-237mzc_e44I6Mvv8KfbWxz/Acer-Aspire-17-A17-51M-51GJ-Intel-Core-5-120U-16-GB-RAM-1-TB-SSD-Win11-Home.webp?h=630&w=1200,5549234755,Aspire 17 A17-51M-51GJ Intel Core 5 120U 16 GB RAM 1 TB SSD Win11 Home,laptop
b01007,"Acer Aspire 17 A17-51M - Intel Core 5 120U / 1.4 GHz - Win 11 Home - Intel Graphics - 16 GB RAM - 1.024 TB SSD NVMe - 43.9 cm (17.3"") - Grau",Kaufland.de,772.32,Acer,Notebooks,https://cdn.billiger.com/dynimg/2EbWAa22o1qof0p75-xL_SkgEJHLsSTdahE8nUhH7Pc88MgR1b3VHcWvS03VxtgwBVIwQCuvxbJS3G4qc-1r-237mzc_e44I6Mvv8KfbWxz/Acer-Aspire-17-A17-51M-51GJ-Intel-Core-5-120U-16-GB-RAM-1-TB-SSD-Win11-Home.webp?h=630&w=1200,5549234755,Aspire 17 A17-51M-51GJ Intel Core 5 120U 16 GB RAM 1 TB SSD Win11 Home,laptop
b01008,Acer Notebook,OTTO,834.39,Acer,Notebooks,https://cdn.billiger.com/dynimg/2EbWAa22o1qof0p75-xL_SkgEJHLsSTdahE8nUhH7Pc88MgR1b3VHcWvS03VxtgwBVIwQCuvxbJS3G4qc-1r-237mzc_e44I6Mvv8KfbWxz/Acer-Aspire-17-A17-51M-51GJ-Intel-Core-5-120U-16-GB-RAM-1-TB-SSD-Win11-Home.webp?h=630&w=1200,5549234755,Aspire 17 A17-51M-51GJ Intel Core 5 120U 16 GB RAM 1 TB SSD Win11 Home,laptop
b01009,ASUS Zenbook 14 90NB14U1-M007J0,amazon.de,1399.00,Asus,Notebooks,https://cdn.billiger.com/dynimg/Om3tlm1fRNSof0p75-xL_TLDwvH0U66O6hE8nUhH7Pc88MgR1b3VHcWvS03VxtgwMKiYhKd9x0bpK-GYfqvE6yAxSACUbcYksBQ_IdOVMhg/Asus-ZenBook-14-OLED-AMD-Ryzen-AI-7-350-32-GB-RAM-1-TB-SSD-Win11-Home.webp?h=630&w=1200,5197638722,ZenBook 14 OLED AMD Ryzen AI 7 350 32 GB RAM 1 TB SSD Win11 Home,laptop
b01010,ASUS Zenbook 14 90NB14U1-M007J0,Amazon Marketplace CE,1399.00,Asus,Notebooks,https://cdn.billiger.com/dynimg/Om3tlm1fRNSof0p75-xL_TLDwvH0U66O6hE8nUhH7Pc88MgR1b3VHcWvS03VxtgwMKiYhKd9x0bpK-GYfqvE6yAxSACUbcYksBQ_IdOVMhg/Asus-ZenBook-14-OLED-AMD-Ryzen-AI-7-350-32-GB-RAM-1-TB-SSD-Win11-Home.webp?h=630&w=1200,5197638722,ZenBook 14 OLED AMD Ryzen AI 7 350 32 GB RAM 1 TB SSD Win11 Home,laptop
b01011,ASUS Zenbook 14 90NB14U1-M007J0,Amazon Marketplace PC Notebook,1399.00,Asus,Notebooks,https://cdn.billiger.com/dynimg/Om3tlm1fRNSof0p75-xL_TLDwvH0U66O6hE8nUhH7Pc88MgR1b3VHcWvS03VxtgwMKiYhKd9x0bpK-GYfqvE6yAxSACUbcYksBQ_IdOVMhg/Asus-ZenBook-14-OLED-AMD-Ryzen-AI-7-350-32-GB-RAM-1-TB-SSD-Win11-Home.webp?h=630&w=1200,5197638722,ZenBook 14 OLED AMD Ryzen AI 7 350 32 GB RAM 1 TB SSD Win11 Home,laptop
b01012,"Magnifica Evo ECAM 290.22.B     , Vollautomat - schwarz",Alternate,309.00,De'Longhi,Kaffeevollautomaten,https://cdn.billiger.com/dynimg/F3dzKHFlQjvof0p75-xL_QQo4PlK0CiOahE8nUhH7Pc88MgR1b3VHcWvS03VxtgwHyotqpx-JvwsIWnIvByEKnPu63ofl5mW0ajs_Q3s4Fx/De-Longhi-Magnifica-Evo-ECAM290-22-B-Black.webp?h=630&w=1200,3345595739,Magnifica Evo ECAM290.22.B Black,kaffeevollautomat
b01013,Delonghi ECAM 290.22.B Magnifica Evo - 0132220046,Electronis.de,316.98,De'Longhi,Kaffeevollautomaten,https://cdn.billiger.com/dynimg/F3dzKHFlQjvof0p75-xL_QQo4PlK0CiOahE8nUhH7Pc88MgR1b3VHcWvS03VxtgwHyotqpx-JvwsIWnIvByEKnPu63ofl5mW0ajs_Q3s4Fx/De-Longhi-Magnifica-Evo-ECAM290-22-B-Black.webp?h=630&w=1200,3345595739,Magnifica Evo ECAM290.22.B Black,kaffeevollautomat
b01014,"De'Longhi Magnifica Evo, Kaffeevollautomat, Schwarz",Galaxus.de,316.99,De'Longhi,Kaffeevollautomaten,https://cdn.billiger.com/dynimg/F3dzKHFlQjvof0p75-xL_QQo4PlK0CiOahE8nUhH7Pc88MgR1b3VHcWvS03VxtgwHyotqpx-JvwsIWnIvByEKnPu63ofl5mW0ajs_Q3s4Fx/De-Longhi-Magnifica-Evo-ECAM290-22-B-Black.webp?h=630&w=1200,3345595739,Magnifica Evo ECAM290.22.B Black,kaffeevollautomat
b01015,"DeLonghi Kaffeevollautomat Magnifica Evo, ECAM 290.22.B, mit Milchaufschäumer, 1,8L, Touchscreen, 3 Kaffeespezialitäten",bueromarkt-ag.de,318.99,De'Longhi,Kaffeevollautomaten,https://cdn.billiger.com/dynimg/F3dzKHFlQjvof0p75-xL_QQo4PlK0CiOahE8nUhH7Pc88MgR1b3VHcWvS03VxtgwHyotqpx-JvwsIWnIvByEKnPu63ofl5mW0ajs_Q3s4Fx/De-Longhi-Magnifica-Evo-ECAM290-22-B-Black.webp?h=630&w=1200,3345595739,Magnifica Evo ECAM290.22.B Black,kaffeevollautomat
b01016,DELONGHI Magnifica Evo ECAM290.22.B,Best-In-Espresso,319.00,De'Longhi,Kaffeevollautomaten,https://cdn.billiger.com/dynimg/F3dzKHFlQjvof0p75-xL_QQo4PlK0CiOahE8nUhH7Pc88MgR1b3VHcWvS03VxtgwHyotqpx-JvwsIWnIvByEKnPu63ofl5mW0ajs_Q3s4Fx/De-Longhi-Magnifica-Evo-ECAM290-22-B-Black.webp?h=630&w=1200,3345595739,Magnifica Evo ECAM290.22.B Black,kaffeevollautomat
b01017,DeLonghi ECAM 290.22.B Magnifica Evo Kaffeevollautomat schwarz,computeruniverse.net,319.24,De'Longhi,Kaffeevollautomaten,https://cdn.billiger.com/dynimg/F3dzKHFlQjvof0p75-xL_QQo4PlK0CiOahE8nUhH7Pc88MgR1b3VHcWvS03VxtgwHyotqpx-JvwsIWnIvByEKnPu63ofl5mW0ajs_Q3s4Fx/De-Longhi-Magnifica-Evo-ECAM290-22-B-Black.webp?h=630&w=1200,3345595739,Magnifica Evo ECAM290.22.B Black,kaffeevollautomat
b01018,DeLonghi ECAM 290.22.B Magnifica Evo Kaffeevollautomat schwarz,Cyberport,319.24,De'Longhi,Kaffeevollautomaten,https://cdn.billiger.com/dynimg/F3dzKHFlQjvof0p75-xL_QQo4PlK0CiOahE8nUhH7Pc88MgR1b3VHcWvS03VxtgwHyotqpx-JvwsIWnIvByEKnPu63ofl5mW0ajs_Q3s4Fx/De-Longhi-Magnifica-Evo-ECAM290-22-B-Black.webp?h=630&w=1200,3345595739,Magnifica Evo ECAM290.22.B Black,kaffeevollautomat
b01019,DeLonghi ECAM 290.22.B Magnifica Evo Kaffeevollautomat schwarz,ebay.de,345.26,De'Longhi,Kaffeevollautomaten,https://cdn.billiger.com/dynimg/F3dzKHFlQjvof0p75-xL_QQo4PlK0CiOahE8nUhH7Pc88MgR1b3VHcWvS03VxtgwHyotqpx-JvwsIWnIvByEKnPu63ofl5mW0ajs_Q3s4Fx/De-Longhi-Magnifica-Evo-ECAM290-22-B-Black.webp?h=630&w=1200,3345595739,Magnifica Evo ECAM290.22.B Black,kaffeevollautomat
b01020,DeLonghi ECAM 290.22.B schwarz - Schwarz,Kaufland.de,371.20,De'Longhi,Kaffeevollautomaten,https://cdn.billiger.com/dynimg/F3dzKHFlQjvof0p75-xL_QQo4PlK0CiOahE8nUhH7Pc88MgR1b3VHcWvS03VxtgwHyotqpx-JvwsIWnIvByEKnPu63ofl5mW0ajs_Q3s4Fx/De-Longhi-Magnifica-Evo-ECAM290-22-B-Black.webp?h=630&w=1200,3345595739,Magnifica Evo ECAM290.22.B Black,kaffeevollautomat
b01021,ECAM 290.22.B,voelkner Marktplatz,376.72,De'Longhi,Kaffeevollautomaten,https://cdn.billiger.com/dynimg/F3dzKHFlQjvof0p75-xL_QQo4PlK0CiOahE8nUhH7Pc88MgR1b3VHcWvS03VxtgwHyotqpx-JvwsIWnIvByEKnPu63ofl5mW0ajs_Q3s4Fx/De-Longhi-Magnifica-Evo-ECAM290-22-B-Black.webp?h=630&w=1200,3345595739,Magnifica Evo ECAM290.22.B Black,kaffeevollautomat
b01022,De'Longhi ECAM293.52.B MAGNIFICA Kaffeevollautomat Kegelmahlwerk 250 g NEU OVP,ebay.de,324.90,De'Longhi,Kaffeevollautomaten,https://cdn.billiger.com/dynimg/VuaRIDFpkTwof0p75-xL_RJF_tFF8nsSKhE8nUhH7Pc88MgR1b3VHcWvS03VxtgwG9ThR5MExd4BvHqpSbosfqbUAzfj70mKqlZq-N4jgR_/De-Longhi-Magnifica-Evo-ECAM293-52-B-Black.webp?h=630&w=1200,4517823726,Magnifica Evo ECAM293.52.B Black,kaffeevollautomat
b01023,"Magnifica ECAM293.52.B Kaffeevollautomat 15 bar 1,8 l 250 g  (Schwarz) (Versandkostenfrei)",expert TechnoMarkt,349.00,De'Longhi,Kaffeevollautomaten,https://cdn.billiger.com/dynimg/VuaRIDFpkTwof0p75-xL_RJF_tFF8nsSKhE8nUhH7Pc88MgR1b3VHcWvS03VxtgwG9ThR5MExd4BvHqpSbosfqbUAzfj70mKqlZq-N4jgR_/De-Longhi-Magnifica-Evo-ECAM293-52-B-Black.webp?h=630&w=1200,4517823726,Magnifica Evo ECAM293.52.B Black,kaffeevollautomat
b01024,"Kaffeevollautomat 15 bar 1,8 l 250 g  Magnifica ECAM293.52.B (Schwarz)",Boomstore,352.00,De'Longhi,Kaffeevollautomaten,https://cdn.billiger.com/dynimg/VuaRIDFpkTwof0p75-xL_RJF_tFF8nsSKhE8nUhH7Pc88MgR1b3VHcWvS03VxtgwG9ThR5MExd4BvHqpSbosfqbUAzfj70mKqlZq-N4jgR_/De-Longhi-Magnifica-Evo-ECAM293-52-B-Black.webp?h=630&w=1200,4517823726,Magnifica Evo ECAM293.52.B Black,kaffeevollautomat
b01025,De'Longhi ECAM293.52.B MAGNIFICA Kaffeevollautomat 15 bar,Tronyq,353.49,De'Longhi,Kaffeevollautomaten,https://cdn.billiger.com/dynimg/VuaRIDFpkTwof0p75-xL_RJF_tFF8nsSKhE8nUhH7Pc88MgR1b3VHcWvS03VxtgwG9ThR5MExd4BvHqpSbosfqbUAzfj70mKqlZq-N4jgR_/De-Longhi-Magnifica-Evo-ECAM293-52-B-Black.webp?h=630&w=1200,4517823726,Magnifica Evo ECAM293.52.B Black,kaffeevollautomat
b01026,DeLonghi ECAM 293.52B Kaffeevollautomat - Schwarz,Kaufland.de,379.90,De'Longhi,Kaffeevollautomaten,https://cdn.billiger.com/dynimg/VuaRIDFpkTwof0p75-xL_RJF_tFF8nsSKhE8nUhH7Pc88MgR1b3VHcWvS03VxtgwG9ThR5MExd4BvHqpSbosfqbUAzfj70mKqlZq-N4jgR_/De-Longhi-Magnifica-Evo-ECAM293-52-B-Black.webp?h=630&w=1200,4517823726,Magnifica Evo ECAM293.52.B Black,kaffeevollautomat
b01027,De'Longhi Kaffeevollautomat,OTTO,381.56,De'Longhi,Kaffeevollautomaten,https://cdn.billiger.com/dynimg/VuaRIDFpkTwof0p75-xL_RJF_tFF8nsSKhE8nUhH7Pc88MgR1b3VHcWvS03VxtgwG9ThR5MExd4BvHqpSbosfqbUAzfj70mKqlZq-N4jgR_/De-Longhi-Magnifica-Evo-ECAM293-52-B-Black.webp?h=630&w=1200,4517823726,Magnifica Evo ECAM293.52.B Black,kaffeevollautomat
b01028,ECAM293.52.B MAGNIFICA EVO Kaffeevollautomat,Expert,429.00,De'Longhi,Kaffeevollautomaten,https://cdn.billiger.com/dynimg/VuaRIDFpkTwof0p75-xL_RJF_tFF8nsSKhE8nUhH7Pc88MgR1b3VHcWvS03VxtgwG9ThR5MExd4BvHqpSbosfqbUAzfj70mKqlZq-N4jgR_/De-Longhi-Magnifica-Evo-ECAM293-52-B-Black.webp?h=630&w=1200,4517823726,Magnifica Evo ECAM293.52.B Black,kaffeevollautomat
b01029,De'Longhi Magnifica EVO ECAM290.51 – Kaffeevollautomat mit Milchsystem,bros.deals,329.99,De'Longhi,Kaffeevollautomaten,https://cdn.billiger.com/dynimg/e9JCUvfqhWlof0p75-xL_S10TWyHpbJp6hE8nUhH7Pc88MgR1b3VHcWvS03VxtgwFdb5_KT0qJmX7uehbGswmie4BMXYV8u9l3xQRtwl_vq/De-Longhi-Magnifica-Evo-ECAM290-51B-Black.webp?h=630&w=1200,4449577944,Magnifica Evo ECAM290.51B Black,kaffeevollautomat
b01030,DeLonghi Magnifica Evo ECAM290.51.B Kaffeevollautomat - Schwarz,coffeefriend.de,340.00,De'Longhi,Kaffeevollautomaten,https://cdn.billiger.com/dynimg/e9JCUvfqhWlof0p75-xL_S10TWyHpbJp6hE8nUhH7Pc88MgR1b3VHcWvS03VxtgwFdb5_KT0qJmX7uehbGswmie4BMXYV8u9l3xQRtwl_vq/De-Longhi-Magnifica-Evo-ECAM290-51B-Black.webp?h=630&w=1200,4449577944,Magnifica Evo ECAM290.51B Black,kaffeevollautomat
b01031,"DeLonghi Vollautomat Magnifica Evo ECAM 290.51.B, Black",amazon.de,350.80,De'Longhi,Kaffeevollautomaten,https://cdn.billiger.com/dynimg/e9JCUvfqhWlof0p75-xL_S10TWyHpbJp6hE8nUhH7Pc88MgR1b3VHcWvS03VxtgwFdb5_KT0qJmX7uehbGswmie4BMXYV8u9l3xQRtwl_vq/De-Longhi-Magnifica-Evo-ECAM290-51B-Black.webp?h=630&w=1200,4449577944,Magnifica Evo ECAM290.51B Black,kaffeevollautomat
b01032,"DeLonghi Vollautomat Magnifica Evo ECAM 290.51.B, Black",Amazon Marketplace Kitchen,350.80,De'Longhi,Kaffeevollautomaten,https://cdn.billiger.com/dynimg/e9JCUvfqhWlof0p75-xL_S10TWyHpbJp6hE8nUhH7Pc88MgR1b3VHcWvS03VxtgwFdb5_KT0qJmX7uehbGswmie4BMXYV8u9l3xQRtwl_vq/De-Longhi-Magnifica-Evo-ECAM290-51B-Black.webp?h=630&w=1200,4449577944,Magnifica Evo ECAM290.51B Black,kaffeevollautomat
b01033,Delonghi ECAM 290.51.B Magnifica Evo,Electronis.de,350.97,De'Longhi,Kaffeevollautomaten,https://cdn.billiger.com/dynimg/e9JCUvfqhWlof0p75-xL_S10TWyHpbJp6hE8nUhH7Pc88MgR1b3VHcWvS03VxtgwFdb5_KT0qJmX7uehbGswmie4BMXYV8u9l3xQRtwl_vq/De-Longhi-Magnifica-Evo-ECAM290-51B-Black.webp?h=630&w=1200,4449577944,Magnifica Evo ECAM290.51B Black,kaffeevollautomat
b01034,"De'Longhi Magnifica Evo, Kaffeevollautomat, Schwarz",Galaxus.de,350.98,De'Longhi,Kaffeevollautomaten,https://cdn.billiger.com/dynimg/e9JCUvfqhWlof0p75-xL_S10TWyHpbJp6hE8nUhH7Pc88MgR1b3VHcWvS03VxtgwFdb5_KT0qJmX7uehbGswmie4BMXYV8u9l3xQRtwl_vq/De-Longhi-Magnifica-Evo-ECAM290-51B-Black.webp?h=630&w=1200,4449577944,Magnifica Evo ECAM290.51B Black,kaffeevollautomat
b01035,DeLonghi ECAM 290.51.B Magnifica Evo,TECHNIKdirekt,363.00,De'Longhi,Kaffeevollautomaten,https://cdn.billiger.com/dynimg/e9JCUvfqhWlof0p75-xL_S10TWyHpbJp6hE8nUhH7Pc88MgR1b3VHcWvS03VxtgwFdb5_KT0qJmX7uehbGswmie4BMXYV8u9l3xQRtwl_vq/De-Longhi-Magnifica-Evo-ECAM290-51B-Black.webp?h=630&w=1200,4449577944,Magnifica Evo ECAM290.51B Black,kaffeevollautomat
b01036,DeLonghi ECAM 290.51.B Magnifica Evo Kaffeevollautomat,ebay.de,372.59,De'Longhi,Kaffeevollautomaten,https://cdn.billiger.com/dynimg/e9JCUvfqhWlof0p75-xL_S10TWyHpbJp6hE8nUhH7Pc88MgR1b3VHcWvS03VxtgwFdb5_KT0qJmX7uehbGswmie4BMXYV8u9l3xQRtwl_vq/De-Longhi-Magnifica-Evo-ECAM290-51B-Black.webp?h=630&w=1200,4449577944,Magnifica Evo ECAM290.51B Black,kaffeevollautomat
b01037,De'Longhi Magnifica Evo ECAM290.51.B Kaffeevollautomat Schwarz - Schwarz,Kaufland.de,385.87,De'Longhi,Kaffeevollautomaten,https://cdn.billiger.com/dynimg/e9JCUvfqhWlof0p75-xL_S10TWyHpbJp6hE8nUhH7Pc88MgR1b3VHcWvS03VxtgwFdb5_KT0qJmX7uehbGswmie4BMXYV8u9l3xQRtwl_vq/De-Longhi-Magnifica-Evo-ECAM290-51B-Black.webp?h=630&w=1200,4449577944,Magnifica Evo ECAM290.51B Black,kaffeevollautomat
b01038,DeLonghi Kaffeevollautomat Magnifica Evo ECAM290.51.B - schwarz,mueller.de,385.99,De'Longhi,Kaffeevollautomaten,https://cdn.billiger.com/dynimg/e9JCUvfqhWlof0p75-xL_S10TWyHpbJp6hE8nUhH7Pc88MgR1b3VHcWvS03VxtgwFdb5_KT0qJmX7uehbGswmie4BMXYV8u9l3xQRtwl_vq/De-Longhi-Magnifica-Evo-ECAM290-51B-Black.webp?h=630&w=1200,4449577944,Magnifica Evo ECAM290.51B Black,kaffeevollautomat
b01039,"JURA E8 (EC) Piano Black, TOP-ANGEBOT",Medimax Alzenau,899.00,Jura,Kaffeevollautomaten,https://cdn.billiger.com/dynimg/LLoA6DHAyMWof0p75-xL_Qvl5Rp99LFn6hE8nUhH7Pc88MgR1b3VHcWvS03VxtgwCNU_dPoHDLQiOVuVWwDovgNhw13kuEcqWW4US8P2QtU/Jura-E8-Piano-Black-EC.webp?h=630&w=1200,4886309430,E8 Piano Black (EC),kaffeevollautomat
b01040,"JURA E8 ( EC ) Piano Black 15584, P.A.G.2 grinder , Aut. Espresso Machine, NEW !",ebay.de,975.00,Jura,Kaffeevollautomaten,https://cdn.billiger.com/dynimg/LLoA6DHAyMWof0p75-xL_Qvl5Rp99LFn6hE8nUhH7Pc88MgR1b3VHcWvS03VxtgwCNU_dPoHDLQiOVuVWwDovgNhw13kuEcqWW4US8P2QtU/Jura-E8-Piano-Black-EC.webp?h=630&w=1200,4886309430,E8 Piano Black (EC),kaffeevollautomat
b01041,E8 Piano Black (EC) Kaffeevollautomat,Expert,989.00,Jura,Kaffeevollautomaten,https://cdn.billiger.com/dynimg/LLoA6DHAyMWof0p75-xL_Qvl5Rp99LFn6hE8nUhH7Pc88MgR1b3VHcWvS03VxtgwCNU_dPoHDLQiOVuVWwDovgNhw13kuEcqWW4US8P2QtU/Jura-E8-Piano-Black-EC.webp?h=630&w=1200,4886309430,E8 Piano Black (EC),kaffeevollautomat
b01042,JURA Kaffeevollautomat  E 8 Piano Black (EC),holzleitner.de,999.00,Jura,Kaffeevollautomaten,https://cdn.billiger.com/dynimg/LLoA6DHAyMWof0p75-xL_Qvl5Rp99LFn6hE8nUhH7Pc88MgR1b3VHcWvS03VxtgwCNU_dPoHDLQiOVuVWwDovgNhw13kuEcqWW4US8P2QtU/Jura-E8-Piano-Black-EC.webp?h=630&w=1200,4886309430,E8 Piano Black (EC),kaffeevollautomat
b01043,JURA E8 Piano Black (EC) Kaffeevollautomat - Schwarz,coffeefriend.de,1029.00,Jura,Kaffeevollautomaten,https://cdn.billiger.com/dynimg/LLoA6DHAyMWof0p75-xL_Qvl5Rp99LFn6hE8nUhH7Pc88MgR1b3VHcWvS03VxtgwCNU_dPoHDLQiOVuVWwDovgNhw13kuEcqWW4US8P2QtU/Jura-E8-Piano-Black-EC.webp?h=630&w=1200,4886309430,E8 Piano Black (EC),kaffeevollautomat
b01044,Jura - E8 Piano Black Kaffeemaschine - Schwarz,Kaufland.de,1199.00,Jura,Kaffeevollautomaten,https://cdn.billiger.com/dynimg/LLoA6DHAyMWof0p75-xL_Qvl5Rp99LFn6hE8nUhH7Pc88MgR1b3VHcWvS03VxtgwCNU_dPoHDLQiOVuVWwDovgNhw13kuEcqWW4US8P2QtU/Jura-E8-Piano-Black-EC.webp?h=630&w=1200,4886309430,E8 Piano Black (EC),kaffeevollautomat
b01045,Jura - E8 Piano Black Kaffeemaschine,Metro.de,1299.00,Jura,Kaffeevollautomaten,https://cdn.billiger.com/dynimg/LLoA6DHAyMWof0p75-xL_Qvl5Rp99LFn6hE8nUhH7Pc88MgR1b3VHcWvS03VxtgwCNU_dPoHDLQiOVuVWwDovgNhw13kuEcqWW4US8P2QtU/Jura-E8-Piano-Black-EC.webp?h=630&w=1200,4886309430,E8 Piano Black (EC),kaffeevollautomat
b01046,JURA E8 (ED) Kaffeevollautomat Piano Black 15 bar,ebay.de,993.90,Jura,Kaffeevollautomaten,https://cdn.billiger.com/dynimg/qzrqsuAjYQJof0p75-xL_QEB8LZgZlB56hE8nUhH7Pc88MgR1b3VHcWvS03VxtgwBKUgMKY7h8E2C7slIDbD9nw09aybaA22EO7IwKoVZOc/Jura-E8-Piano-Black-ED.webp?h=630&w=1200,5552222757,E8 Piano Black (ED),kaffeevollautomat
b01047,JURA E8 Piano Black (ED) (15745),Best-In-Espresso,999.00,Jura,Kaffeevollautomaten,https://cdn.billiger.com/dynimg/qzrqsuAjYQJof0p75-xL_QEB8LZgZlB56hE8nUhH7Pc88MgR1b3VHcWvS03VxtgwBKUgMKY7h8E2C7slIDbD9nw09aybaA22EO7IwKoVZOc/Jura-E8-Piano-Black-ED.webp?h=630&w=1200,5552222757,E8 Piano Black (ED),kaffeevollautomat
b01048,"JURA E8 Piano Black (ED) (15745) - Jura Herstellergarantie, kostenlose Beratung 08001006679",best-in-coffee.de,999.00,Jura,Kaffeevollautomaten,https://cdn.billiger.com/dynimg/qzrqsuAjYQJof0p75-xL_QEB8LZgZlB56hE8nUhH7Pc88MgR1b3VHcWvS03VxtgwBKUgMKY7h8E2C7slIDbD9nw09aybaA22EO7IwKoVZOc/Jura-E8-Piano-Black-ED.webp?h=630&w=1200,5552222757,E8 Piano Black (ED),kaffeevollautomat
b01049,JURA E8 Piano Black (ED),kitchenland.de,999.00,Jura,Kaffeevollautomaten,https://cdn.billiger.com/dynimg/qzrqsuAjYQJof0p75-xL_QEB8LZgZlB56hE8nUhH7Pc88MgR1b3VHcWvS03VxtgwBKUgMKY7h8E2C7slIDbD9nw09aybaA22EO7IwKoVZOc/Jura-E8-Piano-Black-ED.webp?h=630&w=1200,5552222757,E8 Piano Black (ED),kaffeevollautomat
b01050,JURA E8 Piano Black (ED) Kaffeevollautomat 15745,computeruniverse.net,999.00,Jura,Kaffeevollautomaten,https://cdn.billiger.com/dynimg/qzrqsuAjYQJof0p75-xL_QEB8LZgZlB56hE8nUhH7Pc88MgR1b3VHcWvS03VxtgwBKUgMKY7h8E2C7slIDbD9nw09aybaA22EO7IwKoVZOc/Jura-E8-Piano-Black-ED.webp?h=630&w=1200,5552222757,E8 Piano Black (ED),kaffeevollautomat
b01051,JURA E8 (ED) Kaffeevollautomat Piano Black,Media Markt Online Shop,999.00,Jura,Kaffeevollautomaten,https://cdn.billiger.com/dynimg/qzrqsuAjYQJof0p75-xL_QEB8LZgZlB56hE8nUhH7Pc88MgR1b3VHcWvS03VxtgwBKUgMKY7h8E2C7slIDbD9nw09aybaA22EO7IwKoVZOc/Jura-E8-Piano-Black-ED.webp?h=630&w=1200,5552222757,E8 Piano Black (ED),kaffeevollautomat
b01052,JURA E8 (ED) Kaffeevollautomat Piano Black,Saturn Online Shop,999.00,Jura,Kaffeevollautomaten,https://cdn.billiger.com/dynimg/qzrqsuAjYQJof0p75-xL_QEB8LZgZlB56hE8nUhH7Pc88MgR1b3VHcWvS03VxtgwBKUgMKY7h8E2C7slIDbD9nw09aybaA22EO7IwKoVZOc/Jura-E8-Piano-Black-ED.webp?h=630&w=1200,5552222757,E8 Piano Black (ED),kaffeevollautomat
b01053,JURA Kaffeevollautomat 15745 E8 schwarz,OTTO,999.00,Jura,Kaffeevollautomaten,https://cdn.billiger.com/dynimg/qzrqsuAjYQJof0p75-xL_QEB8LZgZlB56hE8nUhH7Pc88MgR1b3VHcWvS03VxtgwBKUgMKY7h8E2C7slIDbD9nw09aybaA22EO7IwKoVZOc/Jura-E8-Piano-Black-ED.webp?h=630&w=1200,5552222757,E8 Piano Black (ED),kaffeevollautomat
b01054,"E8 Kaffeevollautomat 15 bar 1,9 l AutoClean (Piano Black (EC)) (Versandkostenfrei)",expert TechnoMarkt,999.00,Jura,Kaffeevollautomaten,https://cdn.billiger.com/dynimg/qzrqsuAjYQJof0p75-xL_QEB8LZgZlB56hE8nUhH7Pc88MgR1b3VHcWvS03VxtgwBKUgMKY7h8E2C7slIDbD9nw09aybaA22EO7IwKoVZOc/Jura-E8-Piano-Black-ED.webp?h=630&w=1200,5552222757,E8 Piano Black (ED),kaffeevollautomat
b01055,JURA E8 Piano Black (ED) Kaffeevollautomat 15745,Cyberport,999.00,Jura,Kaffeevollautomaten,https://cdn.billiger.com/dynimg/qzrqsuAjYQJof0p75-xL_QEB8LZgZlB56hE8nUhH7Pc88MgR1b3VHcWvS03VxtgwBKUgMKY7h8E2C7slIDbD9nw09aybaA22EO7IwKoVZOc/Jura-E8-Piano-Black-ED.webp?h=630&w=1200,5552222757,E8 Piano Black (ED),kaffeevollautomat
b01056,JURA E8 Dark Inox 15583 (EC) Kaffeevollautomat,computeruniverse.net,1049.00,Jura,Kaffeevollautomaten,https://cdn.billiger.com/dynimg/PMMn0HdXzFHof0p75-xL_RnSYUGIHMrUqhE8nUhH7Pc88MgR1b3VHcWvS03VxtgwJTqi9oqfqTocMRNfEabAeYlMXCEsvUKaO-YXGlyCmac/Jura-E8-Dark-Inox-EC.webp?h=630&w=1200,4513803252,E8 Dark Inox (EC),kaffeevollautomat
b01057,JURA E8 Dark Inox 15583 (EC) Kaffeevollautomat,Cyberport,1049.00,Jura,Kaffeevollautomaten,https://cdn.billiger.com/dynimg/PMMn0HdXzFHof0p75-xL_RnSYUGIHMrUqhE8nUhH7Pc88MgR1b3VHcWvS03VxtgwJTqi9oqfqTocMRNfEabAeYlMXCEsvUKaO-YXGlyCmac/Jura-E8-Dark-Inox-EC.webp?h=630&w=1200,4513803252,E8 Dark Inox (EC),kaffeevollautomat
b01058,E8 Dark Inox (EC) Kaffeevollautomat,Expert,1049.00,Jura,Kaffeevollautomaten,https://cdn.billiger.com/dynimg/PMMn0HdXzFHof0p75-xL_RnSYUGIHMrUqhE8nUhH7Pc88MgR1b3VHcWvS03VxtgwJTqi9oqfqTocMRNfEabAeYlMXCEsvUKaO-YXGlyCmac/Jura-E8-Dark-Inox-EC.webp?h=630&w=1200,4513803252,E8 Dark Inox (EC),kaffeevollautomat
b01059,JURA Kaffeevollautomat  E8 Dark Inox (EC),holzleitner.de,1099.00,Jura,Kaffeevollautomaten,https://cdn.billiger.com/dynimg/PMMn0HdXzFHof0p75-xL_RnSYUGIHMrUqhE8nUhH7Pc88MgR1b3VHcWvS03VxtgwJTqi9oqfqTocMRNfEabAeYlMXCEsvUKaO-YXGlyCmac/Jura-E8-Dark-Inox-EC.webp?h=630&w=1200,4513803252,E8 Dark Inox (EC),kaffeevollautomat
b01060,Kaffeevollautomat E8 (EC) -  Dark Inox,Schmidts.Store,1236.51,Jura,Kaffeevollautomaten,https://cdn.billiger.com/dynimg/PMMn0HdXzFHof0p75-xL_RnSYUGIHMrUqhE8nUhH7Pc88MgR1b3VHcWvS03VxtgwJTqi9oqfqTocMRNfEabAeYlMXCEsvUKaO-YXGlyCmac/Jura-E8-Dark-Inox-EC.webp?h=630&w=1200,4513803252,E8 Dark Inox (EC),kaffeevollautomat
b01061,Jura - E8 Dark Inox Kaffeemaschine - Schwarz/Grau,Kaufland.de,1299.00,Jura,Kaffeevollautomaten,https://cdn.billiger.com/dynimg/PMMn0HdXzFHof0p75-xL_RnSYUGIHMrUqhE8nUhH7Pc88MgR1b3VHcWvS03VxtgwJTqi9oqfqTocMRNfEabAeYlMXCEsvUKaO-YXGlyCmac/Jura-E8-Dark-Inox-EC.webp?h=630&w=1200,4513803252,E8 Dark Inox (EC),kaffeevollautomat
b01062,Siemens EQ.6 plus s700 Kaffeevollautomat - Edelstahl (TE657503DE) NEU OVP (A1),ebay.de,529.00,Siemens,Kaffeevollautomaten,https://cdn.billiger.com/dynimg/-5EQXruMECzof0p75-xL_SYR1ZxDaiXKKhE8nUhH7Pc88MgR1b3VHcWvS03VxtgwAhd6hy8qugzfO-szZ4vwACLNPWo5DjBFdXcthHo9EBZ/Siemens-EQ-6-plus-s700-TE657503DE-edelstahl.webp?h=630&w=1200,1201182057,EQ.6 plus s700 TE657503DE edelstahl,kaffeevollautomat
b01063,Siemens Kaffeevollautomat EQ6 plus s700 mit Milchsystem und Touchdisplay,speicher-module,599.00,Siemens,Kaffeevollautomaten,https://cdn.billiger.com/dynimg/-5EQXruMECzof0p75-xL_SYR1ZxDaiXKKhE8nUhH7Pc88MgR1b3VHcWvS03VxtgwAhd6hy8qugzfO-szZ4vwACLNPWo5DjBFdXcthHo9EBZ/Siemens-EQ-6-plus-s700-TE657503DE-edelstahl.webp?h=630&w=1200,1201182057,EQ.6 plus s700 TE657503DE edelstahl,kaffeevollautomat
b01064,"Siemens Kaffeevollautomat EQ6 plus s700, Milchsystem, 12 Getränke, automatische Reinigung des Milchsystems, Keramikmahlwerk, großes Touchdisplay, Edelstahl, TE657503DE",Amazon Marketplace Kitchen,647.90,Siemens,Kaffeevollautomaten,https://cdn.billiger.com/dynimg/-5EQXruMECzof0p75-xL_SYR1ZxDaiXKKhE8nUhH7Pc88MgR1b3VHcWvS03VxtgwAhd6hy8qugzfO-szZ4vwACLNPWo5DjBFdXcthHo9EBZ/Siemens-EQ-6-plus-s700-TE657503DE-edelstahl.webp?h=630&w=1200,1201182057,EQ.6 plus s700 TE657503DE edelstahl,kaffeevollautomat
b01065,"Siemens Kaffeevollautomat EQ6 plus s700, Milchsystem, 12 Getränke, automatische Reinigung des Milchsystems, Keramikmahlwerk, großes Touchdisplay, Edelstahl, TE657503DE",amazon.de,649.00,Siemens,Kaffeevollautomaten,https://cdn.billiger.com/dynimg/-5EQXruMECzof0p75-xL_SYR1ZxDaiXKKhE8nUhH7Pc88MgR1b3VHcWvS03VxtgwAhd6hy8qugzfO-szZ4vwACLNPWo5DjBFdXcthHo9EBZ/Siemens-EQ-6-plus-s700-TE657503DE-edelstahl.webp?h=630&w=1200,1201182057,EQ.6 plus s700 TE657503DE edelstahl,kaffeevollautomat
b01066,"SIEMENS Kaffeevollautomat EQ6 plus s700 TE657503DE, Doppeltassenfunktion, Keramikmahlwerk, viele Kaffeespezialitäten, automatische Dampfreinigung, edelstahl schwarz|silberfarben",OTTO,649.00,Siemens,Kaffeevollautomaten,https://cdn.billiger.com/dynimg/-5EQXruMECzof0p75-xL_SYR1ZxDaiXKKhE8nUhH7Pc88MgR1b3VHcWvS03VxtgwAhd6hy8qugzfO-szZ4vwACLNPWo5DjBFdXcthHo9EBZ/Siemens-EQ-6-plus-s700-TE657503DE-edelstahl.webp?h=630&w=1200,1201182057,EQ.6 plus s700 TE657503DE edelstahl,kaffeevollautomat
b01067,"Siemens EQ.6 plus s700 - Espressomaschine - 1,7 l - Kaffeebohnen - Gemahlener Kaffee - Eingebautes Mahlwerk - 1500 W - Schwarz - Grau - Schwarz/Grau",Kaufland.de,658.37,Siemens,Kaffeevollautomaten,https://cdn.billiger.com/dynimg/-5EQXruMECzof0p75-xL_SYR1ZxDaiXKKhE8nUhH7Pc88MgR1b3VHcWvS03VxtgwAhd6hy8qugzfO-szZ4vwACLNPWo5DjBFdXcthHo9EBZ/Siemens-EQ-6-plus-s700-TE657503DE-edelstahl.webp?h=630&w=1200,1201182057,EQ.6 plus s700 TE657503DE edelstahl,kaffeevollautomat
b01068,"Siemens TE657503DE EQ6 Plus S700, Kaffeevollautomat, Grau, Schwarz, Silber",Galaxus.de,902.06,Siemens,Kaffeevollautomaten,https://cdn.billiger.com/dynimg/-5EQXruMECzof0p75-xL_SYR1ZxDaiXKKhE8nUhH7Pc88MgR1b3VHcWvS03VxtgwAhd6hy8qugzfO-szZ4vwACLNPWo5DjBFdXcthHo9EBZ/Siemens-EQ-6-plus-s700-TE657503DE-edelstahl.webp?h=630&w=1200,1201182057,EQ.6 plus s700 TE657503DE edelstahl,kaffeevollautomat
b01069,SIEMENS TE657509DE EQ6 plus s700 Kaffeevollautomat Schwarz,ebay.de,599.00,Siemens,Kaffeevollautomaten,https://cdn.billiger.com/dynimg/Hqwwh92S7qlof0p75-xL_TVcdZh-OuOOahE8nUhH7Pc88MgR1b3VHcWvS03VxtgwEK3H6PhkW4WsVt71JlT9Y36f5qCbSZs8kUIm-mLYWEo/Siemens-EQ-6-plus-s700-TE657509DE-dark-inox.webp?h=630&w=1200,1367050263,EQ.6 plus s700 TE657509DE dark inox,kaffeevollautomat
b01070,SIEMENS TE657509DE EQ6 plus s700 Kaffeevollautomat Schwarz,Media Markt Online Shop,649.00,Siemens,Kaffeevollautomaten,https://cdn.billiger.com/dynimg/Hqwwh92S7qlof0p75-xL_TVcdZh-OuOOahE8nUhH7Pc88MgR1b3VHcWvS03VxtgwEK3H6PhkW4WsVt71JlT9Y36f5qCbSZs8kUIm-mLYWEo/Siemens-EQ-6-plus-s700-TE657509DE-dark-inox.webp?h=630&w=1200,1367050263,EQ.6 plus s700 TE657509DE dark inox,kaffeevollautomat
b01071,SIEMENS TE657509DE EQ6 plus s700 Kaffeevollautomat Schwarz,Saturn Online Shop,649.00,Siemens,Kaffeevollautomaten,https://cdn.billiger.com/dynimg/Hqwwh92S7qlof0p75-xL_TVcdZh-OuOOahE8nUhH7Pc88MgR1b3VHcWvS03VxtgwEK3H6PhkW4WsVt71JlT9Y36f5qCbSZs8kUIm-mLYWEo/Siemens-EQ-6-plus-s700-TE657509DE-dark-inox.webp?h=630&w=1200,1367050263,EQ.6 plus s700 TE657509DE dark inox,kaffeevollautomat
b01072,SIEMENS EQ6 plus s700 (TE657M03DE),Best-In-Espresso,599.00,Siemens,Kaffeevollautomaten,https://cdn.billiger.com/dynimg/wX3ZdXwKk4Eof0p75-xL_Q2-qvIoP76XKhE8nUhH7Pc88MgR1b3VHcWvS03VxtgwN-EnNsbOZ6nPueqIbPGBldeqmL0ltIaVuCrtl4hvjxu/Siemens-EQ-6-plus-s700-TE657M03DE-edelstahl.webp?h=630&w=1200,1503526811,EQ.6 plus s700 TE657M03DE edelstahl,kaffeevollautomat
b01073,"SIEMENS Kaffeevollautomat EQ6 plus s700 TE657M03DE, viele Kaffeespezialitäten, Doppeltassenfunk, Edelstahl-Milchbehälter, automatische Dampfreinigung, edelstahl silberfarben",OTTO,599.00,Siemens,Kaffeevollautomaten,https://cdn.billiger.com/dynimg/wX3ZdXwKk4Eof0p75-xL_Q2-qvIoP76XKhE8nUhH7Pc88MgR1b3VHcWvS03VxtgwN-EnNsbOZ6nPueqIbPGBldeqmL0ltIaVuCrtl4hvjxu/Siemens-EQ-6-plus-s700-TE657M03DE-edelstahl.webp?h=630&w=1200,1503526811,EQ.6 plus s700 TE657M03DE edelstahl,kaffeevollautomat
b01074,Siemens TE657M03DE EQ.6 plus s700 Kaffeevollautomat Kaffeemaschine 19 bar,ebay.de,599.00,Siemens,Kaffeevollautomaten,https://cdn.billiger.com/dynimg/wX3ZdXwKk4Eof0p75-xL_Q2-qvIoP76XKhE8nUhH7Pc88MgR1b3VHcWvS03VxtgwN-EnNsbOZ6nPueqIbPGBldeqmL0ltIaVuCrtl4hvjxu/Siemens-EQ-6-plus-s700-TE657M03DE-edelstahl.webp?h=630&w=1200,1503526811,EQ.6 plus s700 TE657M03DE edelstahl,kaffeevollautomat
b01075,Siemens TE657M03DE EQ.6 plus s700 Kaffeevollautomat Edelstahl,Cyberport,599.00,Siemens,Kaffeevollautomaten,https://cdn.billiger.com/dynimg/wX3ZdXwKk4Eof0p75-xL_Q2-qvIoP76XKhE8nUhH7Pc88MgR1b3VHcWvS03VxtgwN-EnNsbOZ6nPueqIbPGBldeqmL0ltIaVuCrtl4hvjxu/Siemens-EQ-6-plus-s700-TE657M03DE-edelstahl.webp?h=630&w=1200,1503526811,EQ.6 plus s700 TE657M03DE edelstahl,kaffeevollautomat
b01076,Siemens TE657M03DE EQ.6 plus s700 Kaffeevollautomat Edelstahl,computeruniverse.net,619.00,Siemens,Kaffeevollautomaten,https://cdn.billiger.com/dynimg/wX3ZdXwKk4Eof0p75-xL_Q2-qvIoP76XKhE8nUhH7Pc88MgR1b3VHcWvS03VxtgwN-EnNsbOZ6nPueqIbPGBldeqmL0ltIaVuCrtl4hvjxu/Siemens-EQ-6-plus-s700-TE657M03DE-edelstahl.webp?h=630&w=1200,1503526811,EQ.6 plus s700 TE657M03DE edelstahl,kaffeevollautomat
b01077,"Siemens EQ6 plus s700 TE657M03DE, Kaffeevollautomat, Silber",Galaxus.de,637.19,Siemens,Kaffeevollautomaten,https://cdn.billiger.com/dynimg/wX3ZdXwKk4Eof0p75-xL_Q2-qvIoP76XKhE8nUhH7Pc88MgR1b3VHcWvS03VxtgwN-EnNsbOZ6nPueqIbPGBldeqmL0ltIaVuCrtl4hvjxu/Siemens-EQ-6-plus-s700-TE657M03DE-edelstahl.webp?h=630&w=1200,1503526811,EQ.6 plus s700 TE657M03DE edelstahl,kaffeevollautomat
b01078,"Siemens EQ.6 plus s700 Vollautomatisch Espressomaschine 1,7 l",JB-Computer,693.54,Siemens,Kaffeevollautomaten,https://cdn.billiger.com/dynimg/wX3ZdXwKk4Eof0p75-xL_Q2-qvIoP76XKhE8nUhH7Pc88MgR1b3VHcWvS03VxtgwN-EnNsbOZ6nPueqIbPGBldeqmL0ltIaVuCrtl4hvjxu/Siemens-EQ-6-plus-s700-TE657M03DE-edelstahl.webp?h=630&w=1200,1503526811,EQ.6 plus s700 TE657M03DE edelstahl,kaffeevollautomat
b01079,SIEMENS EQ.6 Plus S700 TE657M03DE,e-tec,693.55,Siemens,Kaffeevollautomaten,https://cdn.billiger.com/dynimg/wX3ZdXwKk4Eof0p75-xL_Q2-qvIoP76XKhE8nUhH7Pc88MgR1b3VHcWvS03VxtgwN-EnNsbOZ6nPueqIbPGBldeqmL0ltIaVuCrtl4hvjxu/Siemens-EQ-6-plus-s700-TE657M03DE-edelstahl.webp?h=630&w=1200,1503526811,EQ.6 plus s700 TE657M03DE edelstahl,kaffeevollautomat
b01080,Siemens Kaffeevollautomat EQ.6 plus s700 TE657M03DE eds/sw,Metro.de,723.77,Siemens,Kaffeevollautomaten,https://cdn.billiger.com/dynimg/wX3ZdXwKk4Eof0p75-xL_Q2-qvIoP76XKhE8nUhH7Pc88MgR1b3VHcWvS03VxtgwN-EnNsbOZ6nPueqIbPGBldeqmL0ltIaVuCrtl4hvjxu/Siemens-EQ-6-plus-s700-TE657M03DE-edelstahl.webp?h=630&w=1200,1503526811,EQ.6 plus s700 TE657M03DE edelstahl,kaffeevollautomat
b01081,Siemens Hausgeräte EQ 6 plus S700 TE657M03DE Kaffeevollautomat Edelstahl,voelkner,733.99,Siemens,Kaffeevollautomaten,https://cdn.billiger.com/dynimg/wX3ZdXwKk4Eof0p75-xL_Q2-qvIoP76XKhE8nUhH7Pc88MgR1b3VHcWvS03VxtgwN-EnNsbOZ6nPueqIbPGBldeqmL0ltIaVuCrtl4hvjxu/Siemens-EQ-6-plus-s700-TE657M03DE-edelstahl.webp?h=630&w=1200,1503526811,EQ.6 plus s700 TE657M03DE edelstahl,kaffeevollautomat
b01082,DE‘LONGHI Eletta Explore ECAM450.55.S Kaffeevollautomat Silber,Joybuy,639.00,De'Longhi,Kaffeevollautomaten,https://cdn.billiger.com/dynimg/kzczUS83TmRof0p75-xL_QQRCFqrudrJKhE8nUhH7Pc88MgR1b3VHcWvS03VxtgwNGyRfBGPx7GXruhE2cnTeu20jBtPVr9UzCIISZAT1au/De-Longhi-Eletta-Explore-ECAM450-55-S-silber.webp?h=630&w=1200,3730395942,Eletta Explore ECAM450.55.S silber,kaffeevollautomat
b01083,De'Longhi ECAM 450.55.S ELETTA EXPLORE Kaffeevollautomat #2879130,ebay.de,666.00,De'Longhi,Kaffeevollautomaten,https://cdn.billiger.com/dynimg/kzczUS83TmRof0p75-xL_QQRCFqrudrJKhE8nUhH7Pc88MgR1b3VHcWvS03VxtgwNGyRfBGPx7GXruhE2cnTeu20jBtPVr9UzCIISZAT1au/De-Longhi-Eletta-Explore-ECAM450-55-S-silber.webp?h=630&w=1200,3730395942,Eletta Explore ECAM450.55.S silber,kaffeevollautomat
b01084,ECAM 450.55.S ELETTA EXPLORE Kaffeevollautomat,Expert,666.00,De'Longhi,Kaffeevollautomaten,https://cdn.billiger.com/dynimg/kzczUS83TmRof0p75-xL_QQRCFqrudrJKhE8nUhH7Pc88MgR1b3VHcWvS03VxtgwNGyRfBGPx7GXruhE2cnTeu20jBtPVr9UzCIISZAT1au/De-Longhi-Eletta-Explore-ECAM450-55-S-silber.webp?h=630&w=1200,3730395942,Eletta Explore ECAM450.55.S silber,kaffeevollautomat
b01085,De'Longhi Eletta Explore ECAM450.55.S Kaffeevollautomat silber - Silber,Kaufland.de,666.25,De'Longhi,Kaffeevollautomaten,https://cdn.billiger.com/dynimg/kzczUS83TmRof0p75-xL_QQRCFqrudrJKhE8nUhH7Pc88MgR1b3VHcWvS03VxtgwNGyRfBGPx7GXruhE2cnTeu20jBtPVr9UzCIISZAT1au/De-Longhi-Eletta-Explore-ECAM450-55-S-silber.webp?h=630&w=1200,3730395942,Eletta Explore ECAM450.55.S silber,kaffeevollautomat
b01086,"De'Longhi Eletta Explore, Kaffeevollautomat, Schwarz",Galaxus.de,671.23,De'Longhi,Kaffeevollautomaten,https://cdn.billiger.com/dynimg/kzczUS83TmRof0p75-xL_QQRCFqrudrJKhE8nUhH7Pc88MgR1b3VHcWvS03VxtgwNGyRfBGPx7GXruhE2cnTeu20jBtPVr9UzCIISZAT1au/De-Longhi-Eletta-Explore-ECAM450-55-S-silber.webp?h=630&w=1200,3730395942,Eletta Explore ECAM450.55.S silber,kaffeevollautomat
b01087,"De'Longhi Kaffeevollautomat Eletta Explore ECAM450.55.S - 40 Rezepte, heißer & kalter Milchschaum, 3,5"" Touch-Display, herausnehmbare Brühgruppe, einstellbarer Mahlgrad silberfarben",OTTO,699.00,De'Longhi,Kaffeevollautomaten,https://cdn.billiger.com/dynimg/kzczUS83TmRof0p75-xL_QQRCFqrudrJKhE8nUhH7Pc88MgR1b3VHcWvS03VxtgwNGyRfBGPx7GXruhE2cnTeu20jBtPVr9UzCIISZAT1au/De-Longhi-Eletta-Explore-ECAM450-55-S-silber.webp?h=630&w=1200,3730395942,Eletta Explore ECAM450.55.S silber,kaffeevollautomat
b01088,"Eletta Explore ECAM450.55.S , Vollautomat - silber/schwarz",Alternate,699.00,De'Longhi,Kaffeevollautomaten,https://cdn.billiger.com/dynimg/kzczUS83TmRof0p75-xL_QQRCFqrudrJKhE8nUhH7Pc88MgR1b3VHcWvS03VxtgwNGyRfBGPx7GXruhE2cnTeu20jBtPVr9UzCIISZAT1au/De-Longhi-Eletta-Explore-ECAM450-55-S-silber.webp?h=630&w=1200,3730395942,Eletta Explore ECAM450.55.S silber,kaffeevollautomat
b01089,"DeLonghi Kaffeevollautomat Eletta Explore ECAM450.55.S, silber, mit Milchsystem, 1,8 L, Touchscreen, 40 Kaffeespezialitäten",bueromarkt-ag.de,720.93,De'Longhi,Kaffeevollautomaten,https://cdn.billiger.com/dynimg/kzczUS83TmRof0p75-xL_QQRCFqrudrJKhE8nUhH7Pc88MgR1b3VHcWvS03VxtgwNGyRfBGPx7GXruhE2cnTeu20jBtPVr9UzCIISZAT1au/De-Longhi-Eletta-Explore-ECAM450-55-S-silber.webp?h=630&w=1200,3730395942,Eletta Explore ECAM450.55.S silber,kaffeevollautomat
b01090,Delonghi ECAM 450.55.S Eletta Explore,Electronis.de,729.71,De'Longhi,Kaffeevollautomaten,https://cdn.billiger.com/dynimg/kzczUS83TmRof0p75-xL_QQRCFqrudrJKhE8nUhH7Pc88MgR1b3VHcWvS03VxtgwNGyRfBGPx7GXruhE2cnTeu20jBtPVr9UzCIISZAT1au/De-Longhi-Eletta-Explore-ECAM450-55-S-silber.webp?h=630&w=1200,3730395942,Eletta Explore ECAM450.55.S silber,kaffeevollautomat
b01091,DeLonghi ECAM 450.55.S Eletta Explore Kaffeevollautomat silber/schwarz,Cyberport,739.00,De'Longhi,Kaffeevollautomaten,https://cdn.billiger.com/dynimg/kzczUS83TmRof0p75-xL_QQRCFqrudrJKhE8nUhH7Pc88MgR1b3VHcWvS03VxtgwNGyRfBGPx7GXruhE2cnTeu20jBtPVr9UzCIISZAT1au/De-Longhi-Eletta-Explore-ECAM450-55-S-silber.webp?h=630&w=1200,3730395942,Eletta Explore ECAM450.55.S silber,kaffeevollautomat
b01092,De'Longhi Eletta Explore ECAM 450.55.G mit Rechnung 19% MwSt - NEU & OVP,ebay.de,675.99,De'Longhi,Kaffeevollautomaten,https://cdn.billiger.com/dynimg/bs-zRru8Mi3of0p75-xL_Qyd8xW31Q4jahE8nUhH7Pc88MgR1b3VHcWvS03VxtgwKWnzZb-WJMS0a7pjLI-R5Lk-TwBUdZSIzU3wVYF3gkg/De-Longhi-Eletta-Explore-ECAM450-55-G-grau.webp?h=630&w=1200,3740223884,Eletta Explore ECAM450.55.G grau,kaffeevollautomat
b01093,"DELONGHI Eletta Explore ECAM450.55.G - 40 heiße und kalte Rezepte, 4 Benutzerprofile, einfache Bedienung, Kaffeevollautomat Grau",Media Markt Online Shop,769.99,De'Longhi,Kaffeevollautomaten,https://cdn.billiger.com/dynimg/bs-zRru8Mi3of0p75-xL_Qyd8xW31Q4jahE8nUhH7Pc88MgR1b3VHcWvS03VxtgwKWnzZb-WJMS0a7pjLI-R5Lk-TwBUdZSIzU3wVYF3gkg/De-Longhi-Eletta-Explore-ECAM450-55-G-grau.webp?h=630&w=1200,3740223884,Eletta Explore ECAM450.55.G grau,kaffeevollautomat
b01094,"DELONGHI Eletta Explore ECAM450.55.G - 40 heiße und kalte Rezepte, 4 Benutzerprofile, einfache Bedienung, Kaffeevollautomat Grau",Saturn Online Shop,769.99,De'Longhi,Kaffeevollautomaten,https://cdn.billiger.com/dynimg/bs-zRru8Mi3of0p75-xL_Qyd8xW31Q4jahE8nUhH7Pc88MgR1b3VHcWvS03VxtgwKWnzZb-WJMS0a7pjLI-R5Lk-TwBUdZSIzU3wVYF3gkg/De-Longhi-Eletta-Explore-ECAM450-55-G-grau.webp?h=630&w=1200,3740223884,Eletta Explore ECAM450.55.G grau,kaffeevollautomat
b01095,DeLonghi ECAM 450.55.G Eletta Explore grau/schwarz,computeruniverse.net,769.99,De'Longhi,Kaffeevollautomaten,https://cdn.billiger.com/dynimg/bs-zRru8Mi3of0p75-xL_Qyd8xW31Q4jahE8nUhH7Pc88MgR1b3VHcWvS03VxtgwKWnzZb-WJMS0a7pjLI-R5Lk-TwBUdZSIzU3wVYF3gkg/De-Longhi-Eletta-Explore-ECAM450-55-G-grau.webp?h=630&w=1200,3740223884,Eletta Explore ECAM450.55.G grau,kaffeevollautomat
b01096,DeLonghi ECAM 450.55.G Eletta Explore grau/schwarz,Cyberport,769.99,De'Longhi,Kaffeevollautomaten,https://cdn.billiger.com/dynimg/bs-zRru8Mi3of0p75-xL_Qyd8xW31Q4jahE8nUhH7Pc88MgR1b3VHcWvS03VxtgwKWnzZb-WJMS0a7pjLI-R5Lk-TwBUdZSIzU3wVYF3gkg/De-Longhi-Eletta-Explore-ECAM450-55-G-grau.webp?h=630&w=1200,3740223884,Eletta Explore ECAM450.55.G grau,kaffeevollautomat
b01097,Delonghi Eletta Explore Kaffeevollautomat - Gray,Techinn DE,803.99,De'Longhi,Kaffeevollautomaten,https://cdn.billiger.com/dynimg/bs-zRru8Mi3of0p75-xL_Qyd8xW31Q4jahE8nUhH7Pc88MgR1b3VHcWvS03VxtgwKWnzZb-WJMS0a7pjLI-R5Lk-TwBUdZSIzU3wVYF3gkg/De-Longhi-Eletta-Explore-ECAM450-55-G-grau.webp?h=630&w=1200,3740223884,Eletta Explore ECAM450.55.G grau,kaffeevollautomat
b01098,DeLonghi ECAM 450.55.G Eletta - Grau,Kaufland.de,836.22,De'Longhi,Kaffeevollautomaten,https://cdn.billiger.com/dynimg/bs-zRru8Mi3of0p75-xL_Qyd8xW31Q4jahE8nUhH7Pc88MgR1b3VHcWvS03VxtgwKWnzZb-WJMS0a7pjLI-R5Lk-TwBUdZSIzU3wVYF3gkg/De-Longhi-Eletta-Explore-ECAM450-55-G-grau.webp?h=630&w=1200,3740223884,Eletta Explore ECAM450.55.G grau,kaffeevollautomat
b01099,De’Longhi Eletta Explore Perfetto Kaffeevollautomat LatteCrema Grau Kaffee Neu,ebay.de,779.99,De'Longhi,Kaffeevollautomaten,https://cdn.billiger.com/dynimg/w3tysmbsABKof0p75-xL_TqusS5bnrYj6hE8nUhH7Pc88MgR1b3VHcWvS03VxtgwICG2JDB7u7Sh0cZSaXRtoJuGFnRqomO3KEidBTSuMDR/De-Longhi-Eletta-Explore-ECAM452-57-G-grau.webp?h=630&w=1200,3717603220,Eletta Explore ECAM452.57.G grau,kaffeevollautomat
b01100,"De’Longhi Eletta Explore - Perfetto Kaffeevollautomat mit LatteCrema-Milchaufschäumer, 40 Getränke auf Knopfdruck, farbiges Touch-Display, Dunkelgrau (ECAM452.57.G)",amazon.de,799.99,De'Longhi,Kaffeevollautomaten,https://cdn.billiger.com/dynimg/w3tysmbsABKof0p75-xL_TqusS5bnrYj6hE8nUhH7Pc88MgR1b3VHcWvS03VxtgwICG2JDB7u7Sh0cZSaXRtoJuGFnRqomO3KEidBTSuMDR/De-Longhi-Eletta-Explore-ECAM452-57-G-grau.webp?h=630&w=1200,3717603220,Eletta Explore ECAM452.57.G grau,kaffeevollautomat
b01101,Delonghi EXAM 440.35.B Rivelia,Electronis.de,544.98,De'Longhi,Kaffeevollautomaten,https://cdn.billiger.com/dynimg/09Nr0XeQHSBof0p75-xL_RR9OkkpJKDY6hE8nUhH7Pc88MgR1b3VHcWvS03VxtgwN8KD2Lt7hnc5N6TD7jHpLQ5OvTTj-G4SFbKMWMIQ8oJ/De-Longhi-Rivelia-EXAM440-35-B-onyx-black.webp?h=630&w=1200,4807258449,Rivelia EXAM440.35.B onyx black,kaffeevollautomat
b01102,"DeLonghi EXAM440.35B Rivelia Perfetto Kaffeevollautomat mit Milchaufschäumer, 8",ebay.de,586.00,De'Longhi,Kaffeevollautomaten,https://cdn.billiger.com/dynimg/09Nr0XeQHSBof0p75-xL_RR9OkkpJKDY6hE8nUhH7Pc88MgR1b3VHcWvS03VxtgwN8KD2Lt7hnc5N6TD7jHpLQ5OvTTj-G4SFbKMWMIQ8oJ/De-Longhi-Rivelia-EXAM440-35-B-onyx-black.webp?h=630&w=1200,4807258449,Rivelia EXAM440.35.B onyx black,kaffeevollautomat
b01103,Delonghi Exam440.35.b Espressomaschine Mit Mahlwerk - Carbon Black,Techinn DE,590.49,De'Longhi,Kaffeevollautomaten,https://cdn.billiger.com/dynimg/09Nr0XeQHSBof0p75-xL_RR9OkkpJKDY6hE8nUhH7Pc88MgR1b3VHcWvS03VxtgwN8KD2Lt7hnc5N6TD7jHpLQ5OvTTj-G4SFbKMWMIQ8oJ/De-Longhi-Rivelia-EXAM440-35-B-onyx-black.webp?h=630&w=1200,4807258449,Rivelia EXAM440.35.B onyx black,kaffeevollautomat
b01104,DeLonghi Rivelia EXAM 440.35.B,TECHNIKdirekt,604.00,De'Longhi,Kaffeevollautomaten,https://cdn.billiger.com/dynimg/09Nr0XeQHSBof0p75-xL_RR9OkkpJKDY6hE8nUhH7Pc88MgR1b3VHcWvS03VxtgwN8KD2Lt7hnc5N6TD7jHpLQ5OvTTj-G4SFbKMWMIQ8oJ/De-Longhi-Rivelia-EXAM440-35-B-onyx-black.webp?h=630&w=1200,4807258449,Rivelia EXAM440.35.B onyx black,kaffeevollautomat
b01105,DeLonghi Rivelia EXAM440.35 B Kaffeevollautomat mit Bean Switch System,Metro.de,638.59,De'Longhi,Kaffeevollautomaten,https://cdn.billiger.com/dynimg/09Nr0XeQHSBof0p75-xL_RR9OkkpJKDY6hE8nUhH7Pc88MgR1b3VHcWvS03VxtgwN8KD2Lt7hnc5N6TD7jHpLQ5OvTTj-G4SFbKMWMIQ8oJ/De-Longhi-Rivelia-EXAM440-35-B-onyx-black.webp?h=630&w=1200,4807258449,Rivelia EXAM440.35.B onyx black,kaffeevollautomat
b01106,DELONGHI Rivelia Onyx Black (EXAM440.35.B),Best-In-Espresso,669.00,De'Longhi,Kaffeevollautomaten,https://cdn.billiger.com/dynimg/09Nr0XeQHSBof0p75-xL_RR9OkkpJKDY6hE8nUhH7Pc88MgR1b3VHcWvS03VxtgwN8KD2Lt7hnc5N6TD7jHpLQ5OvTTj-G4SFbKMWMIQ8oJ/De-Longhi-Rivelia-EXAM440-35-B-onyx-black.webp?h=630&w=1200,4807258449,Rivelia EXAM440.35.B onyx black,kaffeevollautomat
b01107,DeLonghi Rivelia EXAM 440.35.B,voelkner Marktplatz,924.85,De'Longhi,Kaffeevollautomaten,https://cdn.billiger.com/dynimg/09Nr0XeQHSBof0p75-xL_RR9OkkpJKDY6hE8nUhH7Pc88MgR1b3VHcWvS03VxtgwN8KD2Lt7hnc5N6TD7jHpLQ5OvTTj-G4SFbKMWMIQ8oJ/De-Longhi-Rivelia-EXAM440-35-B-onyx-black.webp?h=630&w=1200,4807258449,Rivelia EXAM440.35.B onyx black,kaffeevollautomat
b01108,DeLonghi Rivelia EXAM440.55.W Kaffeevollautomat - Weiß,coffeefriend.de,599.00,De'Longhi,Kaffeevollautomaten,https://cdn.billiger.com/dynimg/UPz2-Lqwu7Xof0p75-xL_TUGqjB3yaqoahE8nUhH7Pc88MgR1b3VHcWvS03VxtgwMJ8Jyh9DNAc7xXlmL9_54Vj_mNNWZH_tQsHnKS1iL-r/De-Longhi-Rivelia-EXAM440-55-W-arctic-white.webp?h=630&w=1200,4831442030,Rivelia EXAM440.55.W arctic white,kaffeevollautomat
b01109,"De'Longhi Rivelia EXAM440.55.W Kaffeevollautomat, perfekter Milchschaum, wechselbarer Bohnenbehälter, 16 Kaffee- & Milchgetränke auf Knopfdruck, Extra-Shot-Funktion, 3,5"" Touch-Display, Weiß",amazon.de,629.00,De'Longhi,Kaffeevollautomaten,https://cdn.billiger.com/dynimg/UPz2-Lqwu7Xof0p75-xL_TUGqjB3yaqoahE8nUhH7Pc88MgR1b3VHcWvS03VxtgwMJ8Jyh9DNAc7xXlmL9_54Vj_mNNWZH_tQsHnKS1iL-r/De-Longhi-Rivelia-EXAM440-55-W-arctic-white.webp?h=630&w=1200,4831442030,Rivelia EXAM440.55.W arctic white,kaffeevollautomat
b01110,"De'Longhi Rivelia EXAM440.55.W Kaffeevollautomat, perfekter Milchschaum, wechselbarer Bohnenbehälter, 16 Kaffee- & Milchgetränke auf Knopfdruck, Extra-Shot-Funktion, 3,5"" Touch-Display, Weiß",Amazon Marketplace Kitchen,629.00,De'Longhi,Kaffeevollautomaten,https://cdn.billiger.com/dynimg/UPz2-Lqwu7Xof0p75-xL_TUGqjB3yaqoahE8nUhH7Pc88MgR1b3VHcWvS03VxtgwMJ8Jyh9DNAc7xXlmL9_54Vj_mNNWZH_tQsHnKS1iL-r/De-Longhi-Rivelia-EXAM440-55-W-arctic-white.webp?h=630&w=1200,4831442030,Rivelia EXAM440.55.W arctic white,kaffeevollautomat
b01111,DeLonghi Rivelia EXAM 440.55W,TECHNIKdirekt,680.00,De'Longhi,Kaffeevollautomaten,https://cdn.billiger.com/dynimg/UPz2-Lqwu7Xof0p75-xL_TUGqjB3yaqoahE8nUhH7Pc88MgR1b3VHcWvS03VxtgwMJ8Jyh9DNAc7xXlmL9_54Vj_mNNWZH_tQsHnKS1iL-r/De-Longhi-Rivelia-EXAM440-55-W-arctic-white.webp?h=630&w=1200,4831442030,Rivelia EXAM440.55.W arctic white,kaffeevollautomat
b01112,DELONGHI EXAM 440.55.W Rivelia arctic white,e-tec,681.45,De'Longhi,Kaffeevollautomaten,https://cdn.billiger.com/dynimg/UPz2-Lqwu7Xof0p75-xL_TUGqjB3yaqoahE8nUhH7Pc88MgR1b3VHcWvS03VxtgwMJ8Jyh9DNAc7xXlmL9_54Vj_mNNWZH_tQsHnKS1iL-r/De-Longhi-Rivelia-EXAM440-55-W-arctic-white.webp?h=630&w=1200,4831442030,Rivelia EXAM440.55.W arctic white,kaffeevollautomat
b01113,Delonghi EXAM 440.55.W Rivelia arctic-white,Electronis.de,685.98,De'Longhi,Kaffeevollautomaten,https://cdn.billiger.com/dynimg/UPz2-Lqwu7Xof0p75-xL_TUGqjB3yaqoahE8nUhH7Pc88MgR1b3VHcWvS03VxtgwMJ8Jyh9DNAc7xXlmL9_54Vj_mNNWZH_tQsHnKS1iL-r/De-Longhi-Rivelia-EXAM440-55-W-arctic-white.webp?h=630&w=1200,4831442030,Rivelia EXAM440.55.W arctic white,kaffeevollautomat
b01114,Delonghi Exam440.55.w Kaffeevollautomat - White,Techinn DE,689.99,De'Longhi,Kaffeevollautomaten,https://cdn.billiger.com/dynimg/UPz2-Lqwu7Xof0p75-xL_TUGqjB3yaqoahE8nUhH7Pc88MgR1b3VHcWvS03VxtgwMJ8Jyh9DNAc7xXlmL9_54Vj_mNNWZH_tQsHnKS1iL-r/De-Longhi-Rivelia-EXAM440-55-W-arctic-white.webp?h=630&w=1200,4831442030,Rivelia EXAM440.55.W arctic white,kaffeevollautomat
b01115,"De'Longhi Kaffeevollautomat Rivelia EXAM440.55.W – 16 Kaffee-Rezepte, 2 Barista-Bohnenbehälter, weiß, Extra-Shot-Funktion, Innovatives Bean-Switch System, Touchdisplay weiß",OTTO,699.00,De'Longhi,Kaffeevollautomaten,https://cdn.billiger.com/dynimg/UPz2-Lqwu7Xof0p75-xL_TUGqjB3yaqoahE8nUhH7Pc88MgR1b3VHcWvS03VxtgwMJ8Jyh9DNAc7xXlmL9_54Vj_mNNWZH_tQsHnKS1iL-r/De-Longhi-Rivelia-EXAM440-55-W-arctic-white.webp?h=630&w=1200,4831442030,Rivelia EXAM440.55.W arctic white,kaffeevollautomat
b01116,DeLonghi Rivelia EXAM 440.55W Kaffeevollautomat,ebay.de,710.60,De'Longhi,Kaffeevollautomaten,https://cdn.billiger.com/dynimg/UPz2-Lqwu7Xof0p75-xL_TUGqjB3yaqoahE8nUhH7Pc88MgR1b3VHcWvS03VxtgwMJ8Jyh9DNAc7xXlmL9_54Vj_mNNWZH_tQsHnKS1iL-r/De-Longhi-Rivelia-EXAM440-55-W-arctic-white.webp?h=630&w=1200,4831442030,Rivelia EXAM440.55.W arctic white,kaffeevollautomat
b01117,EXAM440.55.BG Rivelia Kaffeevollautomat,Expert,625.00,De'Longhi,Kaffeevollautomaten,https://cdn.billiger.com/dynimg/JuWzru7kJIPof0p75-xL_SJZvJJePBM3ahE8nUhH7Pc88MgR1b3VHcWvS03VxtgwOE7ITP8oW0bImV3kyuPJGZKAOO_8hUvm_i8EPdNMCZ3/De-Longhi-Rivelia-EXAM440-55-BG-sand-beige.webp?h=630&w=1200,4707033881,Rivelia EXAM440.55.BG sand beige,kaffeevollautomat
b01118,De’Longhi Rivelia EXAM440.55.BG,Proshop.de,633.26,De'Longhi,Kaffeevollautomaten,https://cdn.billiger.com/dynimg/JuWzru7kJIPof0p75-xL_SJZvJJePBM3ahE8nUhH7Pc88MgR1b3VHcWvS03VxtgwOE7ITP8oW0bImV3kyuPJGZKAOO_8hUvm_i8EPdNMCZ3/De-Longhi-Rivelia-EXAM440-55-BG-sand-beige.webp?h=630&w=1200,4707033881,Rivelia EXAM440.55.BG sand beige,kaffeevollautomat
b01119,Delonghi EXAM 440.55.BG Rivelia sand-beige,Electronis.de,639.24,De'Longhi,Kaffeevollautomaten,https://cdn.billiger.com/dynimg/JuWzru7kJIPof0p75-xL_SJZvJJePBM3ahE8nUhH7Pc88MgR1b3VHcWvS03VxtgwOE7ITP8oW0bImV3kyuPJGZKAOO_8hUvm_i8EPdNMCZ3/De-Longhi-Rivelia-EXAM440-55-BG-sand-beige.webp?h=630&w=1200,4707033881,Rivelia EXAM440.55.BG sand beige,kaffeevollautomat
b01120,De ́Longhi Kaffeevollautomat 2. Bohnenbehälter EXAM 440.55.BG RIVELIA Beige,ebay.de,679.00,De'Longhi,Kaffeevollautomaten,https://cdn.billiger.com/dynimg/JuWzru7kJIPof0p75-xL_SJZvJJePBM3ahE8nUhH7Pc88MgR1b3VHcWvS03VxtgwOE7ITP8oW0bImV3kyuPJGZKAOO_8hUvm_i8EPdNMCZ3/De-Longhi-Rivelia-EXAM440-55-BG-sand-beige.webp?h=630&w=1200,4707033881,Rivelia EXAM440.55.BG sand beige,kaffeevollautomat
b01121,DeLonghi Rivelia EXAM 440.55.BG,TECHNIKdirekt,688.00,De'Longhi,Kaffeevollautomaten,https://cdn.billiger.com/dynimg/JuWzru7kJIPof0p75-xL_SJZvJJePBM3ahE8nUhH7Pc88MgR1b3VHcWvS03VxtgwOE7ITP8oW0bImV3kyuPJGZKAOO_8hUvm_i8EPdNMCZ3/De-Longhi-Rivelia-EXAM440-55-BG-sand-beige.webp?h=630&w=1200,4707033881,Rivelia EXAM440.55.BG sand beige,kaffeevollautomat
b01122,Delonghi Exam440.55.bg Kaffeevollautomat - Beige,Techinn DE,695.49,De'Longhi,Kaffeevollautomaten,https://cdn.billiger.com/dynimg/JuWzru7kJIPof0p75-xL_SJZvJJePBM3ahE8nUhH7Pc88MgR1b3VHcWvS03VxtgwOE7ITP8oW0bImV3kyuPJGZKAOO_8hUvm_i8EPdNMCZ3/De-Longhi-Rivelia-EXAM440-55-BG-sand-beige.webp?h=630&w=1200,4707033881,Rivelia EXAM440.55.BG sand beige,kaffeevollautomat
b01123,DeLonghi EXAM440.55.BG Rivelia Milk (sand beige) Kaffee-Vollautomat,xxl-deals.de,748.48,De'Longhi,Kaffeevollautomaten,https://cdn.billiger.com/dynimg/JuWzru7kJIPof0p75-xL_SJZvJJePBM3ahE8nUhH7Pc88MgR1b3VHcWvS03VxtgwOE7ITP8oW0bImV3kyuPJGZKAOO_8hUvm_i8EPdNMCZ3/De-Longhi-Rivelia-EXAM440-55-BG-sand-beige.webp?h=630&w=1200,4707033881,Rivelia EXAM440.55.BG sand beige,kaffeevollautomat
b01124,"DeLonghi De`Longhi Rivelia EXAM440.55 BG Kaffeevollautomat, Sand Beige",Metro.de,754.65,De'Longhi,Kaffeevollautomaten,https://cdn.billiger.com/dynimg/JuWzru7kJIPof0p75-xL_SJZvJJePBM3ahE8nUhH7Pc88MgR1b3VHcWvS03VxtgwOE7ITP8oW0bImV3kyuPJGZKAOO_8hUvm_i8EPdNMCZ3/De-Longhi-Rivelia-EXAM440-55-BG-sand-beige.webp?h=630&w=1200,4707033881,Rivelia EXAM440.55.BG sand beige,kaffeevollautomat
b01125,"De'Longhi Kaffeevollautomat Rivelia EXAM 440.55.BG, für Bohnen/Pulver, 1450 W, bis 1,4 l/250 g, 2 Bohnenbehälter, Milchaufschäumer, sand-beige",Schaefer-Shop,773.44,De'Longhi,Kaffeevollautomaten,https://cdn.billiger.com/dynimg/JuWzru7kJIPof0p75-xL_SJZvJJePBM3ahE8nUhH7Pc88MgR1b3VHcWvS03VxtgwOE7ITP8oW0bImV3kyuPJGZKAOO_8hUvm_i8EPdNMCZ3/De-Longhi-Rivelia-EXAM440-55-BG-sand-beige.webp?h=630&w=1200,4707033881,Rivelia EXAM440.55.BG sand beige,kaffeevollautomat
b01126,DeLonghi Rivelia EXAM 440.55,voelkner Marktplatz,976.60,De'Longhi,Kaffeevollautomaten,https://cdn.billiger.com/dynimg/JuWzru7kJIPof0p75-xL_SJZvJJePBM3ahE8nUhH7Pc88MgR1b3VHcWvS03VxtgwOE7ITP8oW0bImV3kyuPJGZKAOO_8hUvm_i8EPdNMCZ3/De-Longhi-Rivelia-EXAM440-55-BG-sand-beige.webp?h=630&w=1200,4707033881,Rivelia EXAM440.55.BG sand beige,kaffeevollautomat
b01127,Philips EP3321/40 Series 3300,Electronis.de,291.90,Philips,Kaffeevollautomaten,https://cdn.billiger.com/dynimg/JRynWGr7a3zof0p75-xL_TJUCtEJqI3a6hE8nUhH7Pc88MgR1b3VHcWvS03VxtgwPDEcNzUcXqAtPnAXGVmqeyfwOLR2YxgdilKVBn1ajgx/Philips-3300-Series-EP3321-40-schwarz.webp?h=630&w=1200,4678696386,3300 Series EP3321/40 schwarz,kaffeevollautomat
b01128,Philips Home Series 3300 EP3321/40 Kaffeevollautomat Schwarz,voelkner,291.91,Philips,Kaffeevollautomaten,https://cdn.billiger.com/dynimg/JRynWGr7a3zof0p75-xL_TJUCtEJqI3a6hE8nUhH7Pc88MgR1b3VHcWvS03VxtgwPDEcNzUcXqAtPnAXGVmqeyfwOLR2YxgdilKVBn1ajgx/Philips-3300-Series-EP3321-40-schwarz.webp?h=630&w=1200,4678696386,3300 Series EP3321/40 schwarz,kaffeevollautomat
b01129,Philips EP3321/40 3200 Serie Kaffeevollautomat Klavierlack Schwarz,computeruniverse.net,294.98,Philips,Kaffeevollautomaten,https://cdn.billiger.com/dynimg/JRynWGr7a3zof0p75-xL_TJUCtEJqI3a6hE8nUhH7Pc88MgR1b3VHcWvS03VxtgwPDEcNzUcXqAtPnAXGVmqeyfwOLR2YxgdilKVBn1ajgx/Philips-3300-Series-EP3321-40-schwarz.webp?h=630&w=1200,4678696386,3300 Series EP3321/40 schwarz,kaffeevollautomat
b01130,Philips 3300 Series EP3321/40 Kaffeevollautomat - Schwarz,coffeefriend.de,299.00,Philips,Kaffeevollautomaten,https://cdn.billiger.com/dynimg/JRynWGr7a3zof0p75-xL_TJUCtEJqI3a6hE8nUhH7Pc88MgR1b3VHcWvS03VxtgwPDEcNzUcXqAtPnAXGVmqeyfwOLR2YxgdilKVBn1ajgx/Philips-3300-Series-EP3321-40-schwarz.webp?h=630&w=1200,4678696386,3300 Series EP3321/40 schwarz,kaffeevollautomat
b01131,"Philips Kaffeevollautomat Serie 3200, schwarz (EP3321/40)",ebay.de,299.62,Philips,Kaffeevollautomaten,https://cdn.billiger.com/dynimg/JRynWGr7a3zof0p75-xL_TJUCtEJqI3a6hE8nUhH7Pc88MgR1b3VHcWvS03VxtgwPDEcNzUcXqAtPnAXGVmqeyfwOLR2YxgdilKVBn1ajgx/Philips-3300-Series-EP3321-40-schwarz.webp?h=630&w=1200,4678696386,3300 Series EP3321/40 schwarz,kaffeevollautomat
b01132,"Philips 3300 Series EP3321/40, Kaffeevollautomat, Schwarz",Galaxus.de,309.00,Philips,Kaffeevollautomaten,https://cdn.billiger.com/dynimg/JRynWGr7a3zof0p75-xL_TJUCtEJqI3a6hE8nUhH7Pc88MgR1b3VHcWvS03VxtgwPDEcNzUcXqAtPnAXGVmqeyfwOLR2YxgdilKVBn1ajgx/Philips-3300-Series-EP3321-40-schwarz.webp?h=630&w=1200,4678696386,3300 Series EP3321/40 schwarz,kaffeevollautomat
b01133,Philips EP3321/40 3200 Serie Kaffeevollautomat Klavierlack Schwarz,Cyberport,309.00,Philips,Kaffeevollautomaten,https://cdn.billiger.com/dynimg/JRynWGr7a3zof0p75-xL_TJUCtEJqI3a6hE8nUhH7Pc88MgR1b3VHcWvS03VxtgwPDEcNzUcXqAtPnAXGVmqeyfwOLR2YxgdilKVBn1ajgx/Philips-3300-Series-EP3321-40-schwarz.webp?h=630&w=1200,4678696386,3300 Series EP3321/40 schwarz,kaffeevollautomat
b01134,"Philips Kaffeevollautomat Serie 3200, 5 Kaffeeeinstellungen, LatteGo-Milchsystem, Touch-Display, schwarz (EP3321/40) - Schwarz",Kaufland.de,332.67,Philips,Kaffeevollautomaten,https://cdn.billiger.com/dynimg/JRynWGr7a3zof0p75-xL_TJUCtEJqI3a6hE8nUhH7Pc88MgR1b3VHcWvS03VxtgwPDEcNzUcXqAtPnAXGVmqeyfwOLR2YxgdilKVBn1ajgx/Philips-3300-Series-EP3321-40-schwarz.webp?h=630&w=1200,4678696386,3300 Series EP3321/40 schwarz,kaffeevollautomat
b01135,PHILIPS Series 3300 Kaffeevollautomat EP3321/40,Best-In-Espresso,339.00,Philips,Kaffeevollautomaten,https://cdn.billiger.com/dynimg/JRynWGr7a3zof0p75-xL_TJUCtEJqI3a6hE8nUhH7Pc88MgR1b3VHcWvS03VxtgwPDEcNzUcXqAtPnAXGVmqeyfwOLR2YxgdilKVBn1ajgx/Philips-3300-Series-EP3321-40-schwarz.webp?h=630&w=1200,4678696386,3300 Series EP3321/40 schwarz,kaffeevollautomat
b01136,Philips EP3321/40 coffee maker Fully-auto Espresso machine 18 L,voelkner Marktplatz,343.49,Philips,Kaffeevollautomaten,https://cdn.billiger.com/dynimg/JRynWGr7a3zof0p75-xL_TJUCtEJqI3a6hE8nUhH7Pc88MgR1b3VHcWvS03VxtgwPDEcNzUcXqAtPnAXGVmqeyfwOLR2YxgdilKVBn1ajgx/Philips-3300-Series-EP3321-40-schwarz.webp?h=630&w=1200,4678696386,3300 Series EP3321/40 schwarz,kaffeevollautomat
b01137,PHILIPS EP3329/70 Series 3300 Kaffeevollautomat,e-tec,329.00,Philips,Kaffeevollautomaten,https://cdn.billiger.com/dynimg/PuB3hBfxam-of0p75-xL_ReCowLmMgh46hE8nUhH7Pc88MgR1b3VHcWvS03VxtgwFgBaWnen1uSM7IppbUybJdL1uAdwKLHP3Ae_Qw2lIYZ/Philips-3300-Series-EP3329-70-schwarz.webp?h=630&w=1200,4688272691,3300 Series EP3329/70 schwarz,kaffeevollautomat
b01138,Philips Series 3300 EP3329/70 Kaffeevollautomat Espressomaschine Kaffeebohnen,ebay.de,338.49,Philips,Kaffeevollautomaten,https://cdn.billiger.com/dynimg/PuB3hBfxam-of0p75-xL_ReCowLmMgh46hE8nUhH7Pc88MgR1b3VHcWvS03VxtgwFgBaWnen1uSM7IppbUybJdL1uAdwKLHP3Ae_Qw2lIYZ/Philips-3300-Series-EP3329-70-schwarz.webp?h=630&w=1200,4688272691,3300 Series EP3329/70 schwarz,kaffeevollautomat
b01139,Philips Home Series 3300 EP3329/70 Kaffeevollautomat Schwarz,voelkner,338.99,Philips,Kaffeevollautomaten,https://cdn.billiger.com/dynimg/PuB3hBfxam-of0p75-xL_ReCowLmMgh46hE8nUhH7Pc88MgR1b3VHcWvS03VxtgwFgBaWnen1uSM7IppbUybJdL1uAdwKLHP3Ae_Qw2lIYZ/Philips-3300-Series-EP3329-70-schwarz.webp?h=630&w=1200,4688272691,3300 Series EP3329/70 schwarz,kaffeevollautomat
b01140,"Philips Kaffeevollautomat, Display, herausnehmbare Brühgruppe, Höhenverstellbarer Kaffeeauslauf",OTTO,339.00,Philips,Kaffeevollautomaten,https://cdn.billiger.com/dynimg/PuB3hBfxam-of0p75-xL_ReCowLmMgh46hE8nUhH7Pc88MgR1b3VHcWvS03VxtgwFgBaWnen1uSM7IppbUybJdL1uAdwKLHP3Ae_Qw2lIYZ/Philips-3300-Series-EP3329-70-schwarz.webp?h=630&w=1200,4688272691,3300 Series EP3329/70 schwarz,kaffeevollautomat
b01141,Philips Ep3329/70 Kaffeevollautomat - Black,Techinn DE,345.99,Philips,Kaffeevollautomaten,https://cdn.billiger.com/dynimg/PuB3hBfxam-of0p75-xL_ReCowLmMgh46hE8nUhH7Pc88MgR1b3VHcWvS03VxtgwFgBaWnen1uSM7IppbUybJdL1uAdwKLHP3Ae_Qw2lIYZ/Philips-3300-Series-EP3329-70-schwarz.webp?h=630&w=1200,4688272691,3300 Series EP3329/70 schwarz,kaffeevollautomat
b01142,"Philips 3300 Series EP3329/70, Kaffeevollautomat, Grau",Galaxus.de,346.44,Philips,Kaffeevollautomaten,https://cdn.billiger.com/dynimg/PuB3hBfxam-of0p75-xL_ReCowLmMgh46hE8nUhH7Pc88MgR1b3VHcWvS03VxtgwFgBaWnen1uSM7IppbUybJdL1uAdwKLHP3Ae_Qw2lIYZ/Philips-3300-Series-EP3329-70-schwarz.webp?h=630&w=1200,4688272691,3300 Series EP3329/70 schwarz,kaffeevollautomat
b01143,"Philips Kaffeevollautomat Serie 3300, 5 Kaffeeeinstellungen, Touch-Display, schwarz (EP3329/70) - Schwarz",Kaufland.de,361.00,Philips,Kaffeevollautomaten,https://cdn.billiger.com/dynimg/PuB3hBfxam-of0p75-xL_ReCowLmMgh46hE8nUhH7Pc88MgR1b3VHcWvS03VxtgwFgBaWnen1uSM7IppbUybJdL1uAdwKLHP3Ae_Qw2lIYZ/Philips-3300-Series-EP3329-70-schwarz.webp?h=630&w=1200,4688272691,3300 Series EP3329/70 schwarz,kaffeevollautomat
b01144,Philips Home Series 3300 EP3329/70 Kaffeevollautomat Schwarz,Thalia.de,374.99,Philips,Kaffeevollautomaten,https://cdn.billiger.com/dynimg/PuB3hBfxam-of0p75-xL_ReCowLmMgh46hE8nUhH7Pc88MgR1b3VHcWvS03VxtgwFgBaWnen1uSM7IppbUybJdL1uAdwKLHP3Ae_Qw2lIYZ/Philips-3300-Series-EP3329-70-schwarz.webp?h=630&w=1200,4688272691,3300 Series EP3329/70 schwarz,kaffeevollautomat
b01145,Philips Home Series 3300 EP3329/70 Kaffeevollautomat Schwarz,bücher.de,441.99,Philips,Kaffeevollautomaten,https://cdn.billiger.com/dynimg/PuB3hBfxam-of0p75-xL_ReCowLmMgh46hE8nUhH7Pc88MgR1b3VHcWvS03VxtgwFgBaWnen1uSM7IppbUybJdL1uAdwKLHP3Ae_Qw2lIYZ/Philips-3300-Series-EP3329-70-schwarz.webp?h=630&w=1200,4688272691,3300 Series EP3329/70 schwarz,kaffeevollautomat
b01146,Philips 3300 Series Kaffeevollautomat EP3326/90 Schwarzchrom,ebay.de,329.99,Philips,Kaffeevollautomaten,https://cdn.billiger.com/dynimg/B3wVrpINSJHof0p75-xL_TvltSyFSo7MqhE8nUhH7Pc88MgR1b3VHcWvS03VxtgwH3hO2AZFpCSr4w_vpulViK6yKFjDkkHXaWGLDlH4TFi/Philips-3300-Series-EP3326-90-schwarz-chrom.webp?h=630&w=1200,4785725660,3300 Series EP3326/90 schwarz/chrom,kaffeevollautomat
b01147,"Philips Series 3300 EP3326/90 Kaffeevollautomat, Espressomaschine, 1,8 l, Kaffeebohnen, Eingebautes Mahlwerk, 1500 W",Kaufland.de,383.91,Philips,Kaffeevollautomaten,https://cdn.billiger.com/dynimg/B3wVrpINSJHof0p75-xL_TvltSyFSo7MqhE8nUhH7Pc88MgR1b3VHcWvS03VxtgwH3hO2AZFpCSr4w_vpulViK6yKFjDkkHXaWGLDlH4TFi/Philips-3300-Series-EP3326-90-schwarz-chrom.webp?h=630&w=1200,4785725660,3300 Series EP3326/90 schwarz/chrom,kaffeevollautomat
b01148,"Philips 3300 Series Vollautomatische Espressomaschine - 5 Getränke & Wasserfilter für Espressomaschine, Kein Entkalken bis 5000 Tassen, Doppelpack",amazon.de,427.01,Philips,Kaffeevollautomaten,https://cdn.billiger.com/dynimg/B3wVrpINSJHof0p75-xL_TvltSyFSo7MqhE8nUhH7Pc88MgR1b3VHcWvS03VxtgwH3hO2AZFpCSr4w_vpulViK6yKFjDkkHXaWGLDlH4TFi/Philips-3300-Series-EP3326-90-schwarz-chrom.webp?h=630&w=1200,4785725660,3300 Series EP3326/90 schwarz/chrom,kaffeevollautomat
b01149,"Philips EP3326/90, Kaffeevollautomat, Silber, Schwarz",Galaxus.de,459.00,Philips,Kaffeevollautomaten,https://cdn.billiger.com/dynimg/B3wVrpINSJHof0p75-xL_TvltSyFSo7MqhE8nUhH7Pc88MgR1b3VHcWvS03VxtgwH3hO2AZFpCSr4w_vpulViK6yKFjDkkHXaWGLDlH4TFi/Philips-3300-Series-EP3326-90-schwarz-chrom.webp?h=630&w=1200,4785725660,3300 Series EP3326/90 schwarz/chrom,kaffeevollautomat
b01150,Delonghi ECAM 220.22.GB Magnifica Start,Electronis.de,265.91,De'Longhi,Kaffeevollautomaten,https://cdn.billiger.com/dynimg/9iVoUnai9IUof0p75-xL_QC7cctRGQbqKhE8nUhH7Pc88MgR1b3VHcWvS03VxtgwD88V6imk7ekRqDbTWHUOMhY5xPtE5NyhheCqKSas6L1/De-Longhi-Magnifica-Start-ECAM220-22-GB-grau-schwarz.webp?h=630&w=1200,4080710668,Magnifica Start ECAM220.22.GB grau/schwarz,kaffeevollautomat
b01151,"DeLonghi ECAM220.22.GB 132220079 Kaffeevollautomat Grau, Schwarz",voelkner,265.92,De'Longhi,Kaffeevollautomaten,https://cdn.billiger.com/dynimg/9iVoUnai9IUof0p75-xL_QC7cctRGQbqKhE8nUhH7Pc88MgR1b3VHcWvS03VxtgwD88V6imk7ekRqDbTWHUOMhY5xPtE5NyhheCqKSas6L1/De-Longhi-Magnifica-Start-ECAM220-22-GB-grau-schwarz.webp?h=630&w=1200,4080710668,Magnifica Start ECAM220.22.GB grau/schwarz,kaffeevollautomat
b01152,DeLonghi Magnifica Start Kaffeevollautomat ECAM 220.22.GB  Neu & OVP Top Preis !,ebay.de,268.59,De'Longhi,Kaffeevollautomaten,https://cdn.billiger.com/dynimg/9iVoUnai9IUof0p75-xL_QC7cctRGQbqKhE8nUhH7Pc88MgR1b3VHcWvS03VxtgwD88V6imk7ekRqDbTWHUOMhY5xPtE5NyhheCqKSas6L1/De-Longhi-Magnifica-Start-ECAM220-22-GB-grau-schwarz.webp?h=630&w=1200,4080710668,Magnifica Start ECAM220.22.GB grau/schwarz,kaffeevollautomat
b01153,"De'Longhi Magnifica Start, Kaffeevollautomat, Schwarz, Grau",Galaxus.de,269.00,De'Longhi,Kaffeevollautomaten,https://cdn.billiger.com/dynimg/9iVoUnai9IUof0p75-xL_QC7cctRGQbqKhE8nUhH7Pc88MgR1b3VHcWvS03VxtgwD88V6imk7ekRqDbTWHUOMhY5xPtE5NyhheCqKSas6L1/De-Longhi-Magnifica-Start-ECAM220-22-GB-grau-schwarz.webp?h=630&w=1200,4080710668,Magnifica Start ECAM220.22.GB grau/schwarz,kaffeevollautomat
b01154,"DeLonghi Kaffeevollautomat Magnifica Start, ECAM 220.22.GB, mit Milchaufschäumer, 1,8L, Touchscreen, 3 Kaffeespezialitäten",bueromarkt-ag.de,269.88,De'Longhi,Kaffeevollautomaten,https://cdn.billiger.com/dynimg/9iVoUnai9IUof0p75-xL_QC7cctRGQbqKhE8nUhH7Pc88MgR1b3VHcWvS03VxtgwD88V6imk7ekRqDbTWHUOMhY5xPtE5NyhheCqKSas6L1/De-Longhi-Magnifica-Start-ECAM220-22-GB-grau-schwarz.webp?h=630&w=1200,4080710668,Magnifica Start ECAM220.22.GB grau/schwarz,kaffeevollautomat
b01155,DeLonghi ECAM 220.22.GB Magnifica Start Kaffeevollautomat schwarz,computeruniverse.net,275.11,De'Longhi,Kaffeevollautomaten,https://cdn.billiger.com/dynimg/9iVoUnai9IUof0p75-xL_QC7cctRGQbqKhE8nUhH7Pc88MgR1b3VHcWvS03VxtgwD88V6imk7ekRqDbTWHUOMhY5xPtE5NyhheCqKSas6L1/De-Longhi-Magnifica-Start-ECAM220-22-GB-grau-schwarz.webp?h=630&w=1200,4080710668,Magnifica Start ECAM220.22.GB grau/schwarz,kaffeevollautomat
b01156,DeLonghi ECAM 220.22.GB Magnifica Start Kaffeevollautomat schwarz,Cyberport,275.11,De'Longhi,Kaffeevollautomaten,https://cdn.billiger.com/dynimg/9iVoUnai9IUof0p75-xL_QC7cctRGQbqKhE8nUhH7Pc88MgR1b3VHcWvS03VxtgwD88V6imk7ekRqDbTWHUOMhY5xPtE5NyhheCqKSas6L1/De-Longhi-Magnifica-Start-ECAM220-22-GB-grau-schwarz.webp?h=630&w=1200,4080710668,Magnifica Start ECAM220.22.GB grau/schwarz,kaffeevollautomat
b01157,"DeLonghi De'Longhi Kaffeevollautomat MAGNIFICA START, ECAM 220.22.GB",Metro.de,279.64,De'Longhi,Kaffeevollautomaten,https://cdn.billiger.com/dynimg/9iVoUnai9IUof0p75-xL_QC7cctRGQbqKhE8nUhH7Pc88MgR1b3VHcWvS03VxtgwD88V6imk7ekRqDbTWHUOMhY5xPtE5NyhheCqKSas6L1/De-Longhi-Magnifica-Start-ECAM220-22-GB-grau-schwarz.webp?h=630&w=1200,4080710668,Magnifica Start ECAM220.22.GB grau/schwarz,kaffeevollautomat
b01158,"Magnifica Start ECAM220.22GB, Vollautomat - grau/grau",Alternate,284.00,De'Longhi,Kaffeevollautomaten,https://cdn.billiger.com/dynimg/9iVoUnai9IUof0p75-xL_QC7cctRGQbqKhE8nUhH7Pc88MgR1b3VHcWvS03VxtgwD88V6imk7ekRqDbTWHUOMhY5xPtE5NyhheCqKSas6L1/De-Longhi-Magnifica-Start-ECAM220-22-GB-grau-schwarz.webp?h=630&w=1200,4080710668,Magnifica Start ECAM220.22.GB grau/schwarz,kaffeevollautomat
b01159,DELONGHI ECAM220.22.GB Magnifica Start Kaffeevollautomat,e-tec,287.00,De'Longhi,Kaffeevollautomaten,https://cdn.billiger.com/dynimg/9iVoUnai9IUof0p75-xL_QC7cctRGQbqKhE8nUhH7Pc88MgR1b3VHcWvS03VxtgwD88V6imk7ekRqDbTWHUOMhY5xPtE5NyhheCqKSas6L1/De-Longhi-Magnifica-Start-ECAM220-22-GB-grau-schwarz.webp?h=630&w=1200,4080710668,Magnifica Start ECAM220.22.GB grau/schwarz,kaffeevollautomat
b01160,DeLonghi ECAM 220.60.B Magnifica Start Kaffeevollautomat schwar zmit Milchsystem,ebay.de,312.00,De'Longhi,Kaffeevollautomaten,https://cdn.billiger.com/dynimg/wy6YAXuPAz1of0p75-xL_Ri4y8YlZNd9ahE8nUhH7Pc88MgR1b3VHcWvS03VxtgwCtTIUvbymgo0rO3XfHeTpbrcHh3MjIIC_QekutHdTYk/De-Longhi-Magnifica-Start-Milk-ECAM-220-60-B-black.webp?h=630&w=1200,4624791202,Magnifica Start Milk ECAM 220.60.B black,kaffeevollautomat
b01161,"DeLonghi Kaffeevollautomat Magnifica Start, ECAM 220.60.B, mit Milchsystem, 1,8 Liter, Touchscreen, 4 Kaffeespezialitäten",bueromarkt-ag.de,324.88,De'Longhi,Kaffeevollautomaten,https://cdn.billiger.com/dynimg/wy6YAXuPAz1of0p75-xL_Ri4y8YlZNd9ahE8nUhH7Pc88MgR1b3VHcWvS03VxtgwCtTIUvbymgo0rO3XfHeTpbrcHh3MjIIC_QekutHdTYk/De-Longhi-Magnifica-Start-Milk-ECAM-220-60-B-black.webp?h=630&w=1200,4624791202,Magnifica Start Milk ECAM 220.60.B black,kaffeevollautomat
b01162,DeLonghi Coffeemachine ECAM 220 60 B Delonghi60 Delonghi 60 Magnifica Start black Schwarz (ECAM 220.60.B),JB-Computer,324.88,De'Longhi,Kaffeevollautomaten,https://cdn.billiger.com/dynimg/wy6YAXuPAz1of0p75-xL_Ri4y8YlZNd9ahE8nUhH7Pc88MgR1b3VHcWvS03VxtgwCtTIUvbymgo0rO3XfHeTpbrcHh3MjIIC_QekutHdTYk/De-Longhi-Magnifica-Start-Milk-ECAM-220-60-B-black.webp?h=630&w=1200,4624791202,Magnifica Start Milk ECAM 220.60.B black,kaffeevollautomat
b01163,Delonghi ECAM 220.60.B Magnifica Start Milk,Electronis.de,328.99,De'Longhi,Kaffeevollautomaten,https://cdn.billiger.com/dynimg/wy6YAXuPAz1of0p75-xL_Ri4y8YlZNd9ahE8nUhH7Pc88MgR1b3VHcWvS03VxtgwCtTIUvbymgo0rO3XfHeTpbrcHh3MjIIC_QekutHdTYk/De-Longhi-Magnifica-Start-Milk-ECAM-220-60-B-black.webp?h=630&w=1200,4624791202,Magnifica Start Milk ECAM 220.60.B black,kaffeevollautomat
b01164,DeLonghi ECAM 220.60.B Magnifica Start Kaffeevollautomat schwarz,computeruniverse.net,330.70,De'Longhi,Kaffeevollautomaten,https://cdn.billiger.com/dynimg/wy6YAXuPAz1of0p75-xL_Ri4y8YlZNd9ahE8nUhH7Pc88MgR1b3VHcWvS03VxtgwCtTIUvbymgo0rO3XfHeTpbrcHh3MjIIC_QekutHdTYk/De-Longhi-Magnifica-Start-Milk-ECAM-220-60-B-black.webp?h=630&w=1200,4624791202,Magnifica Start Milk ECAM 220.60.B black,kaffeevollautomat
b01165,DeLonghi ECAM 220.60.B Magnifica Start Kaffeevollautomat schwarz,Cyberport,330.70,De'Longhi,Kaffeevollautomaten,https://cdn.billiger.com/dynimg/wy6YAXuPAz1of0p75-xL_Ri4y8YlZNd9ahE8nUhH7Pc88MgR1b3VHcWvS03VxtgwCtTIUvbymgo0rO3XfHeTpbrcHh3MjIIC_QekutHdTYk/De-Longhi-Magnifica-Start-Milk-ECAM-220-60-B-black.webp?h=630&w=1200,4624791202,Magnifica Start Milk ECAM 220.60.B black,kaffeevollautomat
b01166,"De'Longhi Magnifica Start Milk, Kaffeevollautomat, Schwarz",Galaxus.de,333.00,De'Longhi,Kaffeevollautomaten,https://cdn.billiger.com/dynimg/wy6YAXuPAz1of0p75-xL_Ri4y8YlZNd9ahE8nUhH7Pc88MgR1b3VHcWvS03VxtgwCtTIUvbymgo0rO3XfHeTpbrcHh3MjIIC_QekutHdTYk/De-Longhi-Magnifica-Start-Milk-ECAM-220-60-B-black.webp?h=630&w=1200,4624791202,Magnifica Start Milk ECAM 220.60.B black,kaffeevollautomat
b01167,"DELONGHI Magnifica Start Milk ECAM220.60.B - 4 Kaffeerezepte, cremiger Milchschaum, Direktwahltasten, einfache Bedienung, Kaffeevollautomat Schwarz",Media Markt Online Shop,333.00,De'Longhi,Kaffeevollautomaten,https://cdn.billiger.com/dynimg/wy6YAXuPAz1of0p75-xL_Ri4y8YlZNd9ahE8nUhH7Pc88MgR1b3VHcWvS03VxtgwCtTIUvbymgo0rO3XfHeTpbrcHh3MjIIC_QekutHdTYk/De-Longhi-Magnifica-Start-Milk-ECAM-220-60-B-black.webp?h=630&w=1200,4624791202,Magnifica Start Milk ECAM 220.60.B black,kaffeevollautomat
b01168,"DELONGHI Magnifica Start Milk ECAM220.60.B - 4 Kaffeerezepte, cremiger Milchschaum, Direktwahltasten, einfache Bedienung, Kaffeevollautomat Schwarz",Saturn Online Shop,333.00,De'Longhi,Kaffeevollautomaten,https://cdn.billiger.com/dynimg/wy6YAXuPAz1of0p75-xL_Ri4y8YlZNd9ahE8nUhH7Pc88MgR1b3VHcWvS03VxtgwCtTIUvbymgo0rO3XfHeTpbrcHh3MjIIC_QekutHdTYk/De-Longhi-Magnifica-Start-Milk-ECAM-220-60-B-black.webp?h=630&w=1200,4624791202,Magnifica Start Milk ECAM 220.60.B black,kaffeevollautomat
b01169,DeLonghi ECAM 220.60.B Magnifica Start - Schwarz,Kaufland.de,347.03,De'Longhi,Kaffeevollautomaten,https://cdn.billiger.com/dynimg/wy6YAXuPAz1of0p75-xL_Ri4y8YlZNd9ahE8nUhH7Pc88MgR1b3VHcWvS03VxtgwCtTIUvbymgo0rO3XfHeTpbrcHh3MjIIC_QekutHdTYk/De-Longhi-Magnifica-Start-Milk-ECAM-220-60-B-black.webp?h=630&w=1200,4624791202,Magnifica Start Milk ECAM 220.60.B black,kaffeevollautomat
b01170,De'Longhi ECAM220.30.SB Magnifica Start Kaffeevollautomat #2126219,ebay.de,312.99,De'Longhi,Kaffeevollautomaten,https://cdn.billiger.com/dynimg/5iKt1sDffbMof0p75-xL_S6AnvqVE7uHKhE8nUhH7Pc88MgR1b3VHcWvS03VxtgwAlWadhGB4JJSsTHBwX_8FINBqwO8cPHTFks-fD3xXNl/De-Longhi-Magnifica-Start-ECAM-220-30-SB-silber-schwarz.webp?h=630&w=1200,4113859863,Magnifica Start ECAM 220.30.SB silber/schwarz,kaffeevollautomat
b01171,"De'Longhi Magnifica Start, Kaffeevollautomat, Schwarz, Silber",Galaxus.de,320.30,De'Longhi,Kaffeevollautomaten,https://cdn.billiger.com/dynimg/5iKt1sDffbMof0p75-xL_S6AnvqVE7uHKhE8nUhH7Pc88MgR1b3VHcWvS03VxtgwAlWadhGB4JJSsTHBwX_8FINBqwO8cPHTFks-fD3xXNl/De-Longhi-Magnifica-Start-ECAM-220-30-SB-silber-schwarz.webp?h=630&w=1200,4113859863,Magnifica Start ECAM 220.30.SB silber/schwarz,kaffeevollautomat
b01172,"DeLonghi Ekspres cia, Nieniowy ECAM 220.30.SB Magnifica, Silver Black",Amazon Marketplace Kitchen,324.00,De'Longhi,Kaffeevollautomaten,https://cdn.billiger.com/dynimg/5iKt1sDffbMof0p75-xL_S6AnvqVE7uHKhE8nUhH7Pc88MgR1b3VHcWvS03VxtgwAlWadhGB4JJSsTHBwX_8FINBqwO8cPHTFks-fD3xXNl/De-Longhi-Magnifica-Start-ECAM-220-30-SB-silber-schwarz.webp?h=630&w=1200,4113859863,Magnifica Start ECAM 220.30.SB silber/schwarz,kaffeevollautomat
b01173,ECAM220.30.SB Magnifica Start Kaffeevollautomat,Expert,327.96,De'Longhi,Kaffeevollautomaten,https://cdn.billiger.com/dynimg/5iKt1sDffbMof0p75-xL_S6AnvqVE7uHKhE8nUhH7Pc88MgR1b3VHcWvS03VxtgwAlWadhGB4JJSsTHBwX_8FINBqwO8cPHTFks-fD3xXNl/De-Longhi-Magnifica-Start-ECAM-220-30-SB-silber-schwarz.webp?h=630&w=1200,4113859863,Magnifica Start ECAM 220.30.SB silber/schwarz,kaffeevollautomat
b01174,"DeLonghi Kaffeevollautomat Magnifica Start, ECAM 220.30.SB, mit Milchaufschäumer, 1,8L, Touchscreen, 4 Kaffeespezialitäten",bueromarkt-ag.de,328.99,De'Longhi,Kaffeevollautomaten,https://cdn.billiger.com/dynimg/5iKt1sDffbMof0p75-xL_S6AnvqVE7uHKhE8nUhH7Pc88MgR1b3VHcWvS03VxtgwAlWadhGB4JJSsTHBwX_8FINBqwO8cPHTFks-fD3xXNl/De-Longhi-Magnifica-Start-ECAM-220-30-SB-silber-schwarz.webp?h=630&w=1200,4113859863,Magnifica Start ECAM 220.30.SB silber/schwarz,kaffeevollautomat
b01175,De Longhi Magnifica Start ECAM220.30.SB - Automatische - Schwarz/Silber,Kaufland.de,329.00,De'Longhi,Kaffeevollautomaten,https://cdn.billiger.com/dynimg/5iKt1sDffbMof0p75-xL_S6AnvqVE7uHKhE8nUhH7Pc88MgR1b3VHcWvS03VxtgwAlWadhGB4JJSsTHBwX_8FINBqwO8cPHTFks-fD3xXNl/De-Longhi-Magnifica-Start-ECAM-220-30-SB-silber-schwarz.webp?h=630&w=1200,4113859863,Magnifica Start ECAM 220.30.SB silber/schwarz,kaffeevollautomat
b01176,DELONGHI Maginifica (ECAM220.30.SB),Best-In-Espresso,339.00,De'Longhi,Kaffeevollautomaten,https://cdn.billiger.com/dynimg/5iKt1sDffbMof0p75-xL_S6AnvqVE7uHKhE8nUhH7Pc88MgR1b3VHcWvS03VxtgwAlWadhGB4JJSsTHBwX_8FINBqwO8cPHTFks-fD3xXNl/De-Longhi-Magnifica-Start-ECAM-220-30-SB-silber-schwarz.webp?h=630&w=1200,4113859863,Magnifica Start ECAM 220.30.SB silber/schwarz,kaffeevollautomat
b01177,DeLonghi ECAM 220.30.SB,TECHNIKdirekt,347.00,De'Longhi,Kaffeevollautomaten,https://cdn.billiger.com/dynimg/5iKt1sDffbMof0p75-xL_S6AnvqVE7uHKhE8nUhH7Pc88MgR1b3VHcWvS03VxtgwAlWadhGB4JJSsTHBwX_8FINBqwO8cPHTFks-fD3xXNl/De-Longhi-Magnifica-Start-ECAM-220-30-SB-silber-schwarz.webp?h=630&w=1200,4113859863,Magnifica Start ECAM 220.30.SB silber/schwarz,kaffeevollautomat
b01178,DELONGHI ECAM220.30.SB Magnifica Start Kaffeevollautomat,e-tec,359.00,De'Longhi,Kaffeevollautomaten,https://cdn.billiger.com/dynimg/5iKt1sDffbMof0p75-xL_S6AnvqVE7uHKhE8nUhH7Pc88MgR1b3VHcWvS03VxtgwAlWadhGB4JJSsTHBwX_8FINBqwO8cPHTFks-fD3xXNl/De-Longhi-Magnifica-Start-ECAM-220-30-SB-silber-schwarz.webp?h=630&w=1200,4113859863,Magnifica Start ECAM 220.30.SB silber/schwarz,kaffeevollautomat
b01179,De'Longhi Kaffeevollautomat,OTTO,368.87,De'Longhi,Kaffeevollautomaten,https://cdn.billiger.com/dynimg/5iKt1sDffbMof0p75-xL_S6AnvqVE7uHKhE8nUhH7Pc88MgR1b3VHcWvS03VxtgwAlWadhGB4JJSsTHBwX_8FINBqwO8cPHTFks-fD3xXNl/De-Longhi-Magnifica-Start-ECAM-220-30-SB-silber-schwarz.webp?h=630&w=1200,4113859863,Magnifica Start ECAM 220.30.SB silber/schwarz,kaffeevollautomat
b01180,Philips LatteGo 5400 Kaffeevollautomat EP5441/50,ebay.de,422.90,Philips,Kaffeevollautomaten,https://cdn.billiger.com/dynimg/DrtpoXEBs9aof0p75-xL_Qtrv_ZFiECCqhE8nUhH7Pc88MgR1b3VHcWvS03VxtgwJjIsbg_SzwryONovIcEj_B1OF6jw0dmIRwPXF6R7CuK/Philips-5400-Series-LatteGo-EP5441-50-Schwarz.webp?h=630&w=1200,2169072134,5400 Series LatteGo EP5441/50 Schwarz,kaffeevollautomat
b01181,"PHILIPS Kaffeevollautomat der Serie 5400 – Espressomaschine für 12 Getränke, schnell reinigendes LatteGo System, intuitives TFT-Display, anpassbare Kaffeeeinstellungen (EP5441/50)",amazon.de,448.99,Philips,Kaffeevollautomaten,https://cdn.billiger.com/dynimg/DrtpoXEBs9aof0p75-xL_Qtrv_ZFiECCqhE8nUhH7Pc88MgR1b3VHcWvS03VxtgwJjIsbg_SzwryONovIcEj_B1OF6jw0dmIRwPXF6R7CuK/Philips-5400-Series-LatteGo-EP5441-50-Schwarz.webp?h=630&w=1200,2169072134,5400 Series LatteGo EP5441/50 Schwarz,kaffeevollautomat
b01182,"PHILIPS Kaffeevollautomat der Serie 5400 – Espressomaschine für 12 Getränke, schnell reinigendes LatteGo System, intuitives TFT-Display, anpassbare Kaffeeeinstellungen (EP5441/50)",Amazon Marketplace Kitchen,448.99,Philips,Kaffeevollautomaten,https://cdn.billiger.com/dynimg/DrtpoXEBs9aof0p75-xL_Qtrv_ZFiECCqhE8nUhH7Pc88MgR1b3VHcWvS03VxtgwJjIsbg_SzwryONovIcEj_B1OF6jw0dmIRwPXF6R7CuK/Philips-5400-Series-LatteGo-EP5441-50-Schwarz.webp?h=630&w=1200,2169072134,5400 Series LatteGo EP5441/50 Schwarz,kaffeevollautomat
b01183,PHILIPS EP5441/50 Serie 5400 LatteGo 11 Kaffeespezialitäten Kaffeevollautomat Hochglanz Schwarz,Media Markt Online Shop,529.99,Philips,Kaffeevollautomaten,https://cdn.billiger.com/dynimg/DrtpoXEBs9aof0p75-xL_Qtrv_ZFiECCqhE8nUhH7Pc88MgR1b3VHcWvS03VxtgwJjIsbg_SzwryONovIcEj_B1OF6jw0dmIRwPXF6R7CuK/Philips-5400-Series-LatteGo-EP5441-50-Schwarz.webp?h=630&w=1200,2169072134,5400 Series LatteGo EP5441/50 Schwarz,kaffeevollautomat
b01184,PHILIPS EP5441/50 Serie 5400 LatteGo 11 Kaffeespezialitäten Kaffeevollautomat Hochglanz Schwarz,Saturn Online Shop,529.99,Philips,Kaffeevollautomaten,https://cdn.billiger.com/dynimg/DrtpoXEBs9aof0p75-xL_Qtrv_ZFiECCqhE8nUhH7Pc88MgR1b3VHcWvS03VxtgwJjIsbg_SzwryONovIcEj_B1OF6jw0dmIRwPXF6R7CuK/Philips-5400-Series-LatteGo-EP5441-50-Schwarz.webp?h=630&w=1200,2169072134,5400 Series LatteGo EP5441/50 Schwarz,kaffeevollautomat
b01185,"Philips 5400 Series EP5441/50, Kaffeevollautomat, Schwarz",Galaxus.de,537.00,Philips,Kaffeevollautomaten,https://cdn.billiger.com/dynimg/DrtpoXEBs9aof0p75-xL_Qtrv_ZFiECCqhE8nUhH7Pc88MgR1b3VHcWvS03VxtgwJjIsbg_SzwryONovIcEj_B1OF6jw0dmIRwPXF6R7CuK/Philips-5400-Series-LatteGo-EP5441-50-Schwarz.webp?h=630&w=1200,2169072134,5400 Series LatteGo EP5441/50 Schwarz,kaffeevollautomat
b01186,"Philips Kaffeevollautomat 5400 Series, 12 Kaffeespezialitäten, LatteGo Milchsystem, Touchdisplay, Schwarz (EP5441/50) - Schwarz",Kaufland.de,586.99,Philips,Kaffeevollautomaten,https://cdn.billiger.com/dynimg/DrtpoXEBs9aof0p75-xL_Qtrv_ZFiECCqhE8nUhH7Pc88MgR1b3VHcWvS03VxtgwJjIsbg_SzwryONovIcEj_B1OF6jw0dmIRwPXF6R7CuK/Philips-5400-Series-LatteGo-EP5441-50-Schwarz.webp?h=630&w=1200,2169072134,5400 Series LatteGo EP5441/50 Schwarz,kaffeevollautomat
b01187,Philips Ep5441/50 Kaffeevollautomat - Black,Techinn DE,625.99,Philips,Kaffeevollautomaten,https://cdn.billiger.com/dynimg/DrtpoXEBs9aof0p75-xL_Qtrv_ZFiECCqhE8nUhH7Pc88MgR1b3VHcWvS03VxtgwJjIsbg_SzwryONovIcEj_B1OF6jw0dmIRwPXF6R7CuK/Philips-5400-Series-LatteGo-EP5441-50-Schwarz.webp?h=630&w=1200,2169072134,5400 Series LatteGo EP5441/50 Schwarz,kaffeevollautomat
b01188,Philips Kaffeevollautomat schwarz,OTTO,949.00,Philips,Kaffeevollautomaten,https://cdn.billiger.com/dynimg/DrtpoXEBs9aof0p75-xL_Qtrv_ZFiECCqhE8nUhH7Pc88MgR1b3VHcWvS03VxtgwJjIsbg_SzwryONovIcEj_B1OF6jw0dmIRwPXF6R7CuK/Philips-5400-Series-LatteGo-EP5441-50-Schwarz.webp?h=630&w=1200,2169072134,5400 Series LatteGo EP5441/50 Schwarz,kaffeevollautomat
b01189,Philips LatteGo 5400 Series EP5447/90 - Schwarz Kaffeevollautomat - NEU&OVP,ebay.de,424.99,Philips,Kaffeevollautomaten,https://cdn.billiger.com/dynimg/tasgc-692u_of0p75-xL_RCLrUGDF9a_qhE8nUhH7Pc88MgR1b3VHcWvS03VxtgwJOGp3D4obXO7zMk8Q2q_VT1s04bKm8CK3SLv3FbUbTx/Philips-5400-Series-LatteGo-EP5447-90-Schwarz-Chrom.webp?h=630&w=1200,2169951449,5400 Series LatteGo EP5447/90 Schwarz/Chrom,kaffeevollautomat
b01190,"PHILIPS Serie 5400 Kaffeevollautomat - LatteGo, 12 Getränke, Milchaufschäumer, Touchscreen, 4 Profile, Chrom-Finish (EP5447/90)",amazon.de,431.95,Philips,Kaffeevollautomaten,https://cdn.billiger.com/dynimg/tasgc-692u_of0p75-xL_RCLrUGDF9a_qhE8nUhH7Pc88MgR1b3VHcWvS03VxtgwJOGp3D4obXO7zMk8Q2q_VT1s04bKm8CK3SLv3FbUbTx/Philips-5400-Series-LatteGo-EP5447-90-Schwarz-Chrom.webp?h=630&w=1200,2169951449,5400 Series LatteGo EP5447/90 Schwarz/Chrom,kaffeevollautomat
b01191,Philips 5400 Series EP5447/90 Kaffeevollautomaten,JB-Computer,431.95,Philips,Kaffeevollautomaten,https://cdn.billiger.com/dynimg/tasgc-692u_of0p75-xL_RCLrUGDF9a_qhE8nUhH7Pc88MgR1b3VHcWvS03VxtgwJOGp3D4obXO7zMk8Q2q_VT1s04bKm8CK3SLv3FbUbTx/Philips-5400-Series-LatteGo-EP5447-90-Schwarz-Chrom.webp?h=630&w=1200,2169951449,5400 Series LatteGo EP5447/90 Schwarz/Chrom,kaffeevollautomat
b01192,PHILIPS EP5447/90 Serie 5400 LatteGo 11 Kaffeespezialitäten Kaffeevollautomat Schwarz/Chrom,Media Markt Online Shop,431.95,Philips,Kaffeevollautomaten,https://cdn.billiger.com/dynimg/tasgc-692u_of0p75-xL_RCLrUGDF9a_qhE8nUhH7Pc88MgR1b3VHcWvS03VxtgwJOGp3D4obXO7zMk8Q2q_VT1s04bKm8CK3SLv3FbUbTx/Philips-5400-Series-LatteGo-EP5447-90-Schwarz-Chrom.webp?h=630&w=1200,2169951449,5400 Series LatteGo EP5447/90 Schwarz/Chrom,kaffeevollautomat
b01193,PHILIPS EP5447/90 Serie 5400 LatteGo 11 Kaffeespezialitäten Kaffeevollautomat Schwarz/Chrom,Saturn Online Shop,431.95,Philips,Kaffeevollautomaten,https://cdn.billiger.com/dynimg/tasgc-692u_of0p75-xL_RCLrUGDF9a_qhE8nUhH7Pc88MgR1b3VHcWvS03VxtgwJOGp3D4obXO7zMk8Q2q_VT1s04bKm8CK3SLv3FbUbTx/Philips-5400-Series-LatteGo-EP5447-90-Schwarz-Chrom.webp?h=630&w=1200,2169951449,5400 Series LatteGo EP5447/90 Schwarz/Chrom,kaffeevollautomat
b01194,"PHILIPS Serie 5400 Kaffeevollautomat - LatteGo, 12 Getränke, Milchaufschäumer, Touchscreen, 4 Profile, Chrom-Finish (EP5447/90)",Amazon Marketplace Kitchen,431.95,Philips,Kaffeevollautomaten,https://cdn.billiger.com/dynimg/tasgc-692u_of0p75-xL_RCLrUGDF9a_qhE8nUhH7Pc88MgR1b3VHcWvS03VxtgwJOGp3D4obXO7zMk8Q2q_VT1s04bKm8CK3SLv3FbUbTx/Philips-5400-Series-LatteGo-EP5447-90-Schwarz-Chrom.webp?h=630&w=1200,2169951449,5400 Series LatteGo EP5447/90 Schwarz/Chrom,kaffeevollautomat
b01195,"Philips 5400 Series EP5447/90, Kaffeevollautomat, Schwarz",Galaxus.de,432.47,Philips,Kaffeevollautomaten,https://cdn.billiger.com/dynimg/tasgc-692u_of0p75-xL_RCLrUGDF9a_qhE8nUhH7Pc88MgR1b3VHcWvS03VxtgwJOGp3D4obXO7zMk8Q2q_VT1s04bKm8CK3SLv3FbUbTx/Philips-5400-Series-LatteGo-EP5447-90-Schwarz-Chrom.webp?h=630&w=1200,2169951449,5400 Series LatteGo EP5447/90 Schwarz/Chrom,kaffeevollautomat
b01196,Philips EP5447/90 5400 Series LatteGo Kaffeevollautomat Schwarz,computeruniverse.net,466.02,Philips,Kaffeevollautomaten,https://cdn.billiger.com/dynimg/tasgc-692u_of0p75-xL_RCLrUGDF9a_qhE8nUhH7Pc88MgR1b3VHcWvS03VxtgwJOGp3D4obXO7zMk8Q2q_VT1s04bKm8CK3SLv3FbUbTx/Philips-5400-Series-LatteGo-EP5447-90-Schwarz-Chrom.webp?h=630&w=1200,2169951449,5400 Series LatteGo EP5447/90 Schwarz/Chrom,kaffeevollautomat
b01197,"Philips Kaffeevollautomat, Touch-Control-Bedienung schwarz",OTTO,469.00,Philips,Kaffeevollautomaten,https://cdn.billiger.com/dynimg/tasgc-692u_of0p75-xL_RCLrUGDF9a_qhE8nUhH7Pc88MgR1b3VHcWvS03VxtgwJOGp3D4obXO7zMk8Q2q_VT1s04bKm8CK3SLv3FbUbTx/Philips-5400-Series-LatteGo-EP5447-90-Schwarz-Chrom.webp?h=630&w=1200,2169951449,5400 Series LatteGo EP5447/90 Schwarz/Chrom,kaffeevollautomat
b01198,Philips EP5447/90 5400 Series LatteGo Kaffeevollautomat Schwarz,Cyberport,469.00,Philips,Kaffeevollautomaten,https://cdn.billiger.com/dynimg/tasgc-692u_of0p75-xL_RCLrUGDF9a_qhE8nUhH7Pc88MgR1b3VHcWvS03VxtgwJOGp3D4obXO7zMk8Q2q_VT1s04bKm8CK3SLv3FbUbTx/Philips-5400-Series-LatteGo-EP5447-90-Schwarz-Chrom.webp?h=630&w=1200,2169951449,5400 Series LatteGo EP5447/90 Schwarz/Chrom,kaffeevollautomat
b01199,"PHILIPS EP5443/70 Espressomaschine, LatteGo Milchsystem, AquaClean Filter",Amazon Marketplace Kitchen,449.99,Philips,Kaffeevollautomaten,https://cdn.billiger.com/dynimg/16AKhNLdGPPof0p75-xL_TpuyfwVUwlfahE8nUhH7Pc88MgR1b3VHcWvS03VxtgwO101NPWV7JMYKvVk49kgueyyOiM5K_vfoVUtXYWh94_/Philips-5400-Series-LatteGo-EP5443-70-Weiss-Rose-gold.webp?h=630&w=1200,4631414321,5400 Series LatteGo EP5443/70 Weiß/Roségold,kaffeevollautomat
b01200,"Philips Kaffeevollautomat EP5443/70 5400 Series, 12 Kaffeespezialitäten, LatteGo Milchsystem und 4 Benutzerprofilen weiß",OTTO,499.00,Philips,Kaffeevollautomaten,https://cdn.billiger.com/dynimg/16AKhNLdGPPof0p75-xL_TpuyfwVUwlfahE8nUhH7Pc88MgR1b3VHcWvS03VxtgwO101NPWV7JMYKvVk49kgueyyOiM5K_vfoVUtXYWh94_/Philips-5400-Series-LatteGo-EP5443-70-Weiss-Rose-gold.webp?h=630&w=1200,4631414321,5400 Series LatteGo EP5443/70 Weiß/Roségold,kaffeevollautomat
b01201,"PHILIPS Kaffeevollautomat ""5400 Series EP5447/90 LatteGo"", weiß und roségold, B:24,6cm H:43,3cm T:37,2cm, Kaffeevollautomaten, LatteGo Milchsystem und 4 Benutzerprofilen, Kaffeevollautomat, Topseller",baur.de,499.00,Philips,Kaffeevollautomaten,https://cdn.billiger.com/dynimg/16AKhNLdGPPof0p75-xL_TpuyfwVUwlfahE8nUhH7Pc88MgR1b3VHcWvS03VxtgwO101NPWV7JMYKvVk49kgueyyOiM5K_vfoVUtXYWh94_/Philips-5400-Series-LatteGo-EP5443-70-Weiss-Rose-gold.webp?h=630&w=1200,4631414321,5400 Series LatteGo EP5443/70 Weiß/Roségold,kaffeevollautomat
b01202,Philips Series 5500 Latte Go Kaffeevollautomat EP5546/70,ebay.de,514.79,Philips,Kaffeevollautomaten,https://cdn.billiger.com/dynimg/eVrPTSVbx7oof0p75-xL_TZmg-BYMkkuqhE8nUhH7Pc88MgR1b3VHcWvS03VxtgwBtKFn9q4yaf1OGbIw93b7iaPRf6f7lYGWD92diz3sLY/Philips-5500-Series-LatteGo-EP5546-70-Schwarz-Silber.webp?h=630&w=1200,4884853543,5500 Series LatteGo EP5546/70 Schwarz/Silber,kaffeevollautomat
b01203,"PHILIPS Serie 5500 Kaffeevollautomat – LatteGo Milchsystem, 20 heiße und kalte Kaffeespezialitäten, 40% leiser mit SilentBrew, QuickStart, Schwarz und Silber (EP5546/70)",amazon.de,519.99,Philips,Kaffeevollautomaten,https://cdn.billiger.com/dynimg/eVrPTSVbx7oof0p75-xL_TZmg-BYMkkuqhE8nUhH7Pc88MgR1b3VHcWvS03VxtgwBtKFn9q4yaf1OGbIw93b7iaPRf6f7lYGWD92diz3sLY/Philips-5500-Series-LatteGo-EP5546-70-Schwarz-Silber.webp?h=630&w=1200,4884853543,5500 Series LatteGo EP5546/70 Schwarz/Silber,kaffeevollautomat
b01204,"PHILIPS Serie 5500 Kaffeevollautomat – LatteGo Milchsystem, 20 heiße und kalte Kaffeespezialitäten, 40% leiser mit SilentBrew, QuickStart, Schwarz und Silber (EP5546/70)",Amazon Marketplace Kitchen,519.99,Philips,Kaffeevollautomaten,https://cdn.billiger.com/dynimg/eVrPTSVbx7oof0p75-xL_TZmg-BYMkkuqhE8nUhH7Pc88MgR1b3VHcWvS03VxtgwBtKFn9q4yaf1OGbIw93b7iaPRf6f7lYGWD92diz3sLY/Philips-5500-Series-LatteGo-EP5546-70-Schwarz-Silber.webp?h=630&w=1200,4884853543,5500 Series LatteGo EP5546/70 Schwarz/Silber,kaffeevollautomat
b01205,"Philips EP5546/70 5500 Serie, Kaffeevollautomat, Silber, Schwarz",Galaxus.de,533.93,Philips,Kaffeevollautomaten,https://cdn.billiger.com/dynimg/eVrPTSVbx7oof0p75-xL_TZmg-BYMkkuqhE8nUhH7Pc88MgR1b3VHcWvS03VxtgwBtKFn9q4yaf1OGbIw93b7iaPRf6f7lYGWD92diz3sLY/Philips-5500-Series-LatteGo-EP5546-70-Schwarz-Silber.webp?h=630&w=1200,4884853543,5500 Series LatteGo EP5546/70 Schwarz/Silber,kaffeevollautomat
b01206,Philips 5500 LatteGo EP5546/70 Kaffeevollautomat - Schwarz/Silber,coffeefriend.de,580.00,Philips,Kaffeevollautomaten,https://cdn.billiger.com/dynimg/eVrPTSVbx7oof0p75-xL_TZmg-BYMkkuqhE8nUhH7Pc88MgR1b3VHcWvS03VxtgwBtKFn9q4yaf1OGbIw93b7iaPRf6f7lYGWD92diz3sLY/Philips-5500-Series-LatteGo-EP5546-70-Schwarz-Silber.webp?h=630&w=1200,4884853543,5500 Series LatteGo EP5546/70 Schwarz/Silber,kaffeevollautomat
b01207,Philips 5500 series EP5546/70 Fuldautomatisk kaffemaskine - Kaffee-Vollautomat - 15 Bar - Schwarz,Kaufland.de,659.00,Philips,Kaffeevollautomaten,https://cdn.billiger.com/dynimg/eVrPTSVbx7oof0p75-xL_TZmg-BYMkkuqhE8nUhH7Pc88MgR1b3VHcWvS03VxtgwBtKFn9q4yaf1OGbIw93b7iaPRf6f7lYGWD92diz3sLY/Philips-5500-Series-LatteGo-EP5546-70-Schwarz-Silber.webp?h=630&w=1200,4884853543,5500 Series LatteGo EP5546/70 Schwarz/Silber,kaffeevollautomat
b01208,Philips Ep5546/70 Kaffeevollautomat - Black,Techinn DE,662.99,Philips,Kaffeevollautomaten,https://cdn.billiger.com/dynimg/eVrPTSVbx7oof0p75-xL_TZmg-BYMkkuqhE8nUhH7Pc88MgR1b3VHcWvS03VxtgwBtKFn9q4yaf1OGbIw93b7iaPRf6f7lYGWD92diz3sLY/Philips-5500-Series-LatteGo-EP5546-70-Schwarz-Silber.webp?h=630&w=1200,4884853543,5500 Series LatteGo EP5546/70 Schwarz/Silber,kaffeevollautomat
b01209,Philips Series 5500 Latte Go Kaffeevollautomat EP5544/50 Grau,ebay.de,528.90,Philips,Kaffeevollautomaten,https://cdn.billiger.com/dynimg/ARUimzk9tPvof0p75-xL_ShKu4AZSk3q6hE8nUhH7Pc88MgR1b3VHcWvS03VxtgwHhOcnPM2mD_vQwS4ABFf3dqFDYYWiYjCgGOSswjgEXo/Philips-5500-Series-LatteGo-EP5544-50-Grau.webp?h=630&w=1200,4974030662,5500 Series LatteGo EP5544/50 Grau,kaffeevollautomat
b01210,"PHILIPS Serie 5500 Kaffeevollautomat – LatteGo Milchsystem, 20 heiße und kalte Kaffeespezialitäten, 40% leiser mit SilentBrew, QuickStart, Schwarz/Grau (EP5544/50)",amazon.de,579.00,Philips,Kaffeevollautomaten,https://cdn.billiger.com/dynimg/ARUimzk9tPvof0p75-xL_ShKu4AZSk3q6hE8nUhH7Pc88MgR1b3VHcWvS03VxtgwHhOcnPM2mD_vQwS4ABFf3dqFDYYWiYjCgGOSswjgEXo/Philips-5500-Series-LatteGo-EP5544-50-Grau.webp?h=630&w=1200,4974030662,5500 Series LatteGo EP5544/50 Grau,kaffeevollautomat
b01211,"PHILIPS Serie 5500 Kaffeevollautomat – LatteGo Milchsystem, 20 heiße und kalte Kaffeespezialitäten, 40% leiser mit SilentBrew, QuickStart, Schwarz/Grau (EP5544/50)",Amazon Marketplace Kitchen,579.00,Philips,Kaffeevollautomaten,https://cdn.billiger.com/dynimg/ARUimzk9tPvof0p75-xL_ShKu4AZSk3q6hE8nUhH7Pc88MgR1b3VHcWvS03VxtgwHhOcnPM2mD_vQwS4ABFf3dqFDYYWiYjCgGOSswjgEXo/Philips-5500-Series-LatteGo-EP5544-50-Grau.webp?h=630&w=1200,4974030662,5500 Series LatteGo EP5544/50 Grau,kaffeevollautomat
b01212,"Philips Kaffeevollautomat EP5544/50 5500 Series, 20 Kaffeespezialitäten (heiß oder eisgekühlt), LatteGo-Milchsystem, SilentBrew Technologie grau|schwarz",OTTO,579.00,Philips,Kaffeevollautomaten,https://cdn.billiger.com/dynimg/ARUimzk9tPvof0p75-xL_ShKu4AZSk3q6hE8nUhH7Pc88MgR1b3VHcWvS03VxtgwHhOcnPM2mD_vQwS4ABFf3dqFDYYWiYjCgGOSswjgEXo/Philips-5500-Series-LatteGo-EP5544-50-Grau.webp?h=630&w=1200,4974030662,5500 Series LatteGo EP5544/50 Grau,kaffeevollautomat
b01213,"Philips 5500 Series EP5547/90 Latte Go, Kaffeevollautomat, Schwarz, Grau",Galaxus.de,539.00,Philips,Kaffeevollautomaten,https://cdn.billiger.com/dynimg/Xrd1Pw5W4HWof0p75-xL_RHJoaEcYht_KhE8nUhH7Pc88MgR1b3VHcWvS03VxtgwK9x_8J7kqxQV4YOlDsqGm1IAc_HCTsiSp-TupA1Il67/Philips-5500-Series-LatteGo-EP5547-90-Schwarz-Chrom.webp?h=630&w=1200,4862134365,5500 Series LatteGo EP5547/90 Schwarz/Chrom,kaffeevollautomat
b01214,Philips 5500 LatteGo EP5547/90 Kaffeevollautomat - Schwarz,coffeefriend.de,539.00,Philips,Kaffeevollautomaten,https://cdn.billiger.com/dynimg/Xrd1Pw5W4HWof0p75-xL_RHJoaEcYht_KhE8nUhH7Pc88MgR1b3VHcWvS03VxtgwK9x_8J7kqxQV4YOlDsqGm1IAc_HCTsiSp-TupA1Il67/Philips-5500-Series-LatteGo-EP5547-90-Schwarz-Chrom.webp?h=630&w=1200,4862134365,5500 Series LatteGo EP5547/90 Schwarz/Chrom,kaffeevollautomat
b01215,PHILIPS EP5547/90 Serie 5500 LatteGo 19 Kaffeespezialitäten Kaffeevollautomat Sc,ebay.de,539.00,Philips,Kaffeevollautomaten,https://cdn.billiger.com/dynimg/Xrd1Pw5W4HWof0p75-xL_RHJoaEcYht_KhE8nUhH7Pc88MgR1b3VHcWvS03VxtgwK9x_8J7kqxQV4YOlDsqGm1IAc_HCTsiSp-TupA1Il67/Philips-5500-Series-LatteGo-EP5547-90-Schwarz-Chrom.webp?h=630&w=1200,4862134365,5500 Series LatteGo EP5547/90 Schwarz/Chrom,kaffeevollautomat
b01216,PHILIPS EP5547/90 Serie 5500 LatteGo 19 Kaffeespezialitäten Kaffeevollautomat Schwarz verchromt,Media Markt Online Shop,559.99,Philips,Kaffeevollautomaten,https://cdn.billiger.com/dynimg/Xrd1Pw5W4HWof0p75-xL_RHJoaEcYht_KhE8nUhH7Pc88MgR1b3VHcWvS03VxtgwK9x_8J7kqxQV4YOlDsqGm1IAc_HCTsiSp-TupA1Il67/Philips-5500-Series-LatteGo-EP5547-90-Schwarz-Chrom.webp?h=630&w=1200,4862134365,5500 Series LatteGo EP5547/90 Schwarz/Chrom,kaffeevollautomat
b01217,PHILIPS EP5547/90 Serie 5500 LatteGo 19 Kaffeespezialitäten Kaffeevollautomat Schwarz verchromt,Saturn Online Shop,559.99,Philips,Kaffeevollautomaten,https://cdn.billiger.com/dynimg/Xrd1Pw5W4HWof0p75-xL_RHJoaEcYht_KhE8nUhH7Pc88MgR1b3VHcWvS03VxtgwK9x_8J7kqxQV4YOlDsqGm1IAc_HCTsiSp-TupA1Il67/Philips-5500-Series-LatteGo-EP5547-90-Schwarz-Chrom.webp?h=630&w=1200,4862134365,5500 Series LatteGo EP5547/90 Schwarz/Chrom,kaffeevollautomat
b01218,"PHILIPS Serie 5500 Kaffeevollautomat – LatteGo Milchsystem, 20 heiße und kalte Kaffeespezialitäten, 40% leiser mit SilentBrew, QuickStart, Schwarz Verchromt (EP5547/90)",Amazon Marketplace Kitchen,559.99,Philips,Kaffeevollautomaten,https://cdn.billiger.com/dynimg/Xrd1Pw5W4HWof0p75-xL_RHJoaEcYht_KhE8nUhH7Pc88MgR1b3VHcWvS03VxtgwK9x_8J7kqxQV4YOlDsqGm1IAc_HCTsiSp-TupA1Il67/Philips-5500-Series-LatteGo-EP5547-90-Schwarz-Chrom.webp?h=630&w=1200,4862134365,5500 Series LatteGo EP5547/90 Schwarz/Chrom,kaffeevollautomat
b01219,Philips 5500series EP5547 - Automatische Kaffeemaschine mit Cappuccinatore,voelkner,573.79,Philips,Kaffeevollautomaten,https://cdn.billiger.com/dynimg/Xrd1Pw5W4HWof0p75-xL_RHJoaEcYht_KhE8nUhH7Pc88MgR1b3VHcWvS03VxtgwK9x_8J7kqxQV4YOlDsqGm1IAc_HCTsiSp-TupA1Il67/Philips-5500-Series-LatteGo-EP5547-90-Schwarz-Chrom.webp?h=630&w=1200,4862134365,5500 Series LatteGo EP5547/90 Schwarz/Chrom,kaffeevollautomat
b01220,"Philips Kaffeevollautomat EP5547/90 5500 Series, 20 Kaffeespezialitäten (heiß oder eisgekühlt), LatteGo-Milchsystem, SilentBrew Technologie schwarz",OTTO,579.00,Philips,Kaffeevollautomaten,https://cdn.billiger.com/dynimg/Xrd1Pw5W4HWof0p75-xL_RHJoaEcYht_KhE8nUhH7Pc88MgR1b3VHcWvS03VxtgwK9x_8J7kqxQV4YOlDsqGm1IAc_HCTsiSp-TupA1Il67/Philips-5500-Series-LatteGo-EP5547-90-Schwarz-Chrom.webp?h=630&w=1200,4862134365,5500 Series LatteGo EP5547/90 Schwarz/Chrom,kaffeevollautomat
b01221,"PHILIPS Kaffeevollautomat ""EP5547/90 5500 Series, 20 Kaffeespezialitäten (heiß oder eisgekühlt)"", schwarz (schwarz verchromt), B:24,6cm H:37,1cm T:43,3cm, Kaffeevollautomaten, LatteGo-Milchsystem, SilentBrew Technologie, Kaffeevollautomat",baur.de,579.00,Philips,Kaffeevollautomaten,https://cdn.billiger.com/dynimg/Xrd1Pw5W4HWof0p75-xL_RHJoaEcYht_KhE8nUhH7Pc88MgR1b3VHcWvS03VxtgwK9x_8J7kqxQV4YOlDsqGm1IAc_HCTsiSp-TupA1Il67/Philips-5500-Series-LatteGo-EP5547-90-Schwarz-Chrom.webp?h=630&w=1200,4862134365,5500 Series LatteGo EP5547/90 Schwarz/Chrom,kaffeevollautomat
b01222,Philips 5500series EP5547 - Automatische Kaffeemaschine mit Cappuccinatore,Thalia.de,597.99,Philips,Kaffeevollautomaten,https://cdn.billiger.com/dynimg/Xrd1Pw5W4HWof0p75-xL_RHJoaEcYht_KhE8nUhH7Pc88MgR1b3VHcWvS03VxtgwK9x_8J7kqxQV4YOlDsqGm1IAc_HCTsiSp-TupA1Il67/Philips-5500-Series-LatteGo-EP5547-90-Schwarz-Chrom.webp?h=630&w=1200,4862134365,5500 Series LatteGo EP5547/90 Schwarz/Chrom,kaffeevollautomat
b01223,"De'Longhi Kaffeevollautomat Magnifica Evo Next ECAM310.60.B - Barista-Genuss per Touch, schwarz, MyLatteFunktion, 3 Benutzerprofile, LatteCrema Milchsystem, 10 Rezepte schwarz",OTTO,439.00,De'Longhi,Kaffeevollautomaten,https://cdn.billiger.com/dynimg/P88Gg7Ei5Jgof0p75-xL_TOBmPQVT7wKahE8nUhH7Pc88MgR1b3VHcWvS03VxtgwCxfpiQ42WS8JcYYWkJMuQ2qQ62mhFbE7Cxu_C-Q6cue/De-Longhi-Magnifica-Evo-Next-ECAM-310-60-B-Black.webp?h=630&w=1200,4961851492,Magnifica Evo Next ECAM 310.60.B Black,kaffeevollautomat
b01224,Delonghi ECAM 310.60.B Magnifica Evo Next,Electronis.de,443.99,De'Longhi,Kaffeevollautomaten,https://cdn.billiger.com/dynimg/P88Gg7Ei5Jgof0p75-xL_TOBmPQVT7wKahE8nUhH7Pc88MgR1b3VHcWvS03VxtgwCxfpiQ42WS8JcYYWkJMuQ2qQ62mhFbE7Cxu_C-Q6cue/De-Longhi-Magnifica-Evo-Next-ECAM-310-60-B-Black.webp?h=630&w=1200,4961851492,Magnifica Evo Next ECAM 310.60.B Black,kaffeevollautomat
b01225,DeLonghi ECAM 310.60.B Magnifica EVO Next Kaffeevollautomat OneTouch schwarz,ebay.de,444.00,De'Longhi,Kaffeevollautomaten,https://cdn.billiger.com/dynimg/P88Gg7Ei5Jgof0p75-xL_TOBmPQVT7wKahE8nUhH7Pc88MgR1b3VHcWvS03VxtgwCxfpiQ42WS8JcYYWkJMuQ2qQ62mhFbE7Cxu_C-Q6cue/De-Longhi-Magnifica-Evo-Next-ECAM-310-60-B-Black.webp?h=630&w=1200,4961851492,Magnifica Evo Next ECAM 310.60.B Black,kaffeevollautomat
b01226,"De'Longhi Magnifica Evo Next, Kaffeevollautomat, Schwarz",Galaxus.de,449.00,De'Longhi,Kaffeevollautomaten,https://cdn.billiger.com/dynimg/P88Gg7Ei5Jgof0p75-xL_TOBmPQVT7wKahE8nUhH7Pc88MgR1b3VHcWvS03VxtgwCxfpiQ42WS8JcYYWkJMuQ2qQ62mhFbE7Cxu_C-Q6cue/De-Longhi-Magnifica-Evo-Next-ECAM-310-60-B-Black.webp?h=630&w=1200,4961851492,Magnifica Evo Next ECAM 310.60.B Black,kaffeevollautomat
b01227,ECAM 310.60.B Magnifica Evo Next - Schwarz,Kaufland.de,449.00,De'Longhi,Kaffeevollautomaten,https://cdn.billiger.com/dynimg/P88Gg7Ei5Jgof0p75-xL_TOBmPQVT7wKahE8nUhH7Pc88MgR1b3VHcWvS03VxtgwCxfpiQ42WS8JcYYWkJMuQ2qQ62mhFbE7Cxu_C-Q6cue/De-Longhi-Magnifica-Evo-Next-ECAM-310-60-B-Black.webp?h=630&w=1200,4961851492,Magnifica Evo Next ECAM 310.60.B Black,kaffeevollautomat
b01228,ECAM 310.60.B Magnifica EVO Next Kaffeevollautomat,Expert,449.00,De'Longhi,Kaffeevollautomaten,https://cdn.billiger.com/dynimg/P88Gg7Ei5Jgof0p75-xL_TOBmPQVT7wKahE8nUhH7Pc88MgR1b3VHcWvS03VxtgwCxfpiQ42WS8JcYYWkJMuQ2qQ62mhFbE7Cxu_C-Q6cue/De-Longhi-Magnifica-Evo-Next-ECAM-310-60-B-Black.webp?h=630&w=1200,4961851492,Magnifica Evo Next ECAM 310.60.B Black,kaffeevollautomat
b01229,Magnifica Evo Next ECAM310.60.B,Proshop.de,450.95,De'Longhi,Kaffeevollautomaten,https://cdn.billiger.com/dynimg/P88Gg7Ei5Jgof0p75-xL_TOBmPQVT7wKahE8nUhH7Pc88MgR1b3VHcWvS03VxtgwCxfpiQ42WS8JcYYWkJMuQ2qQ62mhFbE7Cxu_C-Q6cue/De-Longhi-Magnifica-Evo-Next-ECAM-310-60-B-Black.webp?h=630&w=1200,4961851492,Magnifica Evo Next ECAM 310.60.B Black,kaffeevollautomat
b01230,DeLonghi Magnifica Evo Next ECAM310.60.B Kaffeevollautomat schwarz,voelkner Marktplatz,507.86,De'Longhi,Kaffeevollautomaten,https://cdn.billiger.com/dynimg/P88Gg7Ei5Jgof0p75-xL_TOBmPQVT7wKahE8nUhH7Pc88MgR1b3VHcWvS03VxtgwCxfpiQ42WS8JcYYWkJMuQ2qQ62mhFbE7Cxu_C-Q6cue/De-Longhi-Magnifica-Evo-Next-ECAM-310-60-B-Black.webp?h=630&w=1200,4961851492,Magnifica Evo Next ECAM 310.60.B Black,kaffeevollautomat
b01231,"DeLonghi ECAM 310.60.B Magnifica Evo Next Kaffeevollautomat, schwarz",Metro.de,548.63,De'Longhi,Kaffeevollautomaten,https://cdn.billiger.com/dynimg/P88Gg7Ei5Jgof0p75-xL_TOBmPQVT7wKahE8nUhH7Pc88MgR1b3VHcWvS03VxtgwCxfpiQ42WS8JcYYWkJMuQ2qQ62mhFbE7Cxu_C-Q6cue/De-Longhi-Magnifica-Evo-Next-ECAM-310-60-B-Black.webp?h=630&w=1200,4961851492,Magnifica Evo Next ECAM 310.60.B Black,kaffeevollautomat
b01232,Delonghi Ecam 310.60.b Kaffeevollautomat - Black,Techinn DE,554.99,De'Longhi,Kaffeevollautomaten,https://cdn.billiger.com/dynimg/P88Gg7Ei5Jgof0p75-xL_TOBmPQVT7wKahE8nUhH7Pc88MgR1b3VHcWvS03VxtgwCxfpiQ42WS8JcYYWkJMuQ2qQ62mhFbE7Cxu_C-Q6cue/De-Longhi-Magnifica-Evo-Next-ECAM-310-60-B-Black.webp?h=630&w=1200,4961851492,Magnifica Evo Next ECAM 310.60.B Black,kaffeevollautomat
b01233,"De'Longhi Magnifica Evo Next, Kaffeevollautomat, Schwarz, Grau",Galaxus.de,439.00,De'Longhi,Kaffeevollautomaten,https://cdn.billiger.com/dynimg/g0ghv_OSoDXof0p75-xL_TqgE49Fn1gfahE8nUhH7Pc88MgR1b3VHcWvS03VxtgwNl4yFvDGnPbB4-WuzlQGZsXMhygdDOHSQ5iSBs9y3Vn/De-Longhi-Magnifica-Evo-Next-ECAM-310-60-GB-Grey-Black.webp?h=630&w=1200,5005375726,Magnifica Evo Next ECAM 310.60.GB Grey Black,kaffeevollautomat
b01234,"De'Longhi Kaffeevollautomat Magnifica Evo Next ECAM310.60.GB, Barista-Genuss per Touch, grau, MyLatteFunktion, 3 Benutzerprofile, LatteCrema Milchsystem, 10 Rezepte grau",OTTO,439.00,De'Longhi,Kaffeevollautomaten,https://cdn.billiger.com/dynimg/g0ghv_OSoDXof0p75-xL_TqgE49Fn1gfahE8nUhH7Pc88MgR1b3VHcWvS03VxtgwNl4yFvDGnPbB4-WuzlQGZsXMhygdDOHSQ5iSBs9y3Vn/De-Longhi-Magnifica-Evo-Next-ECAM-310-60-GB-Grey-Black.webp?h=630&w=1200,5005375726,Magnifica Evo Next ECAM 310.60.GB Grey Black,kaffeevollautomat
b01235,"DE'LONGHI Kaffeevollautomat ""Magnifica Evo Next ECAM310.60.GB"", grau, B:29,5cm H:40cm T:48,8cm, Kaffeevollautomaten, MyLatteFunktion, 3 Benutzerprofile, LatteCrema Milchsystem, 10 Rezepte, Kaffeevollautomat",baur.de,439.00,De'Longhi,Kaffeevollautomaten,https://cdn.billiger.com/dynimg/g0ghv_OSoDXof0p75-xL_TqgE49Fn1gfahE8nUhH7Pc88MgR1b3VHcWvS03VxtgwNl4yFvDGnPbB4-WuzlQGZsXMhygdDOHSQ5iSBs9y3Vn/De-Longhi-Magnifica-Evo-Next-ECAM-310-60-GB-Grey-Black.webp?h=630&w=1200,5005375726,Magnifica Evo Next ECAM 310.60.GB Grey Black,kaffeevollautomat
b01236,Delonghi ECAM 310.60.GB Magnifica Evo Next,Electronis.de,448.99,De'Longhi,Kaffeevollautomaten,https://cdn.billiger.com/dynimg/g0ghv_OSoDXof0p75-xL_TqgE49Fn1gfahE8nUhH7Pc88MgR1b3VHcWvS03VxtgwNl4yFvDGnPbB4-WuzlQGZsXMhygdDOHSQ5iSBs9y3Vn/De-Longhi-Magnifica-Evo-Next-ECAM-310-60-GB-Grey-Black.webp?h=630&w=1200,5005375726,Magnifica Evo Next ECAM 310.60.GB Grey Black,kaffeevollautomat
b01237,Ekspres ciśnieniowy DeLonghi ECAM 310.60.GB - Schwarz,Kaufland.de,518.01,De'Longhi,Kaffeevollautomaten,https://cdn.billiger.com/dynimg/g0ghv_OSoDXof0p75-xL_TqgE49Fn1gfahE8nUhH7Pc88MgR1b3VHcWvS03VxtgwNl4yFvDGnPbB4-WuzlQGZsXMhygdDOHSQ5iSBs9y3Vn/De-Longhi-Magnifica-Evo-Next-ECAM-310-60-GB-Grey-Black.webp?h=630&w=1200,5005375726,Magnifica Evo Next ECAM 310.60.GB Grey Black,kaffeevollautomat
b01238,"De'Longhi Magnifica ECAM 22.110.SB – Kaffeevollautomat mit Milchaufschäumdüse, Digitaldisplay mit Klartext, 2-Tassen-Funktion, großr 1,8 l Wassertank, 35,4 x 23,8 x 43 cm, silber",amazon.de,260.61,De'Longhi,Kaffeevollautomaten,https://cdn.billiger.com/dynimg/bUK4zG7e1WHof0p75-xL_TYW46OkKcDCqhE8nUhH7Pc88MgR1b3VHcWvS03VxtgwM-4E4TpbGhXrUSrfRscAueRireRg0AnZlAdV4l3PSaJ/De-Longhi-Magnifica-S-ECAM-22-110-SB-silber-schwarz.webp?h=630&w=1200,128578951,Magnifica S ECAM 22.110 SB silber/schwarz,kaffeevollautomat
b01239,"De'Longhi Magnifica ECAM 22.110.SB – Kaffeevollautomat mit Milchaufschäumdüse, Digitaldisplay mit Klartext, 2-Tassen-Funktion, großr 1,8 l Wassertank, 35,4 x 23,8 x 43 cm, silber",Amazon Marketplace Kitchen,260.61,De'Longhi,Kaffeevollautomaten,https://cdn.billiger.com/dynimg/bUK4zG7e1WHof0p75-xL_TYW46OkKcDCqhE8nUhH7Pc88MgR1b3VHcWvS03VxtgwM-4E4TpbGhXrUSrfRscAueRireRg0AnZlAdV4l3PSaJ/De-Longhi-Magnifica-S-ECAM-22-110-SB-silber-schwarz.webp?h=630&w=1200,128578951,Magnifica S ECAM 22.110 SB silber/schwarz,kaffeevollautomat
b01240,"De'Longhi Magnifica S, Kaffeevollautomat, Schwarz, Silber",Galaxus.de,273.64,De'Longhi,Kaffeevollautomaten,https://cdn.billiger.com/dynimg/bUK4zG7e1WHof0p75-xL_TYW46OkKcDCqhE8nUhH7Pc88MgR1b3VHcWvS03VxtgwM-4E4TpbGhXrUSrfRscAueRireRg0AnZlAdV4l3PSaJ/De-Longhi-Magnifica-S-ECAM-22-110-SB-silber-schwarz.webp?h=630&w=1200,128578951,Magnifica S ECAM 22.110 SB silber/schwarz,kaffeevollautomat
b01241,DeLonghi ECAM 22.110.SB Kaffeevollautomat silber-schwarz,Cyberport,274.99,De'Longhi,Kaffeevollautomaten,https://cdn.billiger.com/dynimg/bUK4zG7e1WHof0p75-xL_TYW46OkKcDCqhE8nUhH7Pc88MgR1b3VHcWvS03VxtgwM-4E4TpbGhXrUSrfRscAueRireRg0AnZlAdV4l3PSaJ/De-Longhi-Magnifica-S-ECAM-22-110-SB-silber-schwarz.webp?h=630&w=1200,128578951,Magnifica S ECAM 22.110 SB silber/schwarz,kaffeevollautomat
b01242,DELONGHI Magnifica (ECAM22.110SB),Best-In-Espresso,279.00,De'Longhi,Kaffeevollautomaten,https://cdn.billiger.com/dynimg/bUK4zG7e1WHof0p75-xL_TYW46OkKcDCqhE8nUhH7Pc88MgR1b3VHcWvS03VxtgwM-4E4TpbGhXrUSrfRscAueRireRg0AnZlAdV4l3PSaJ/De-Longhi-Magnifica-S-ECAM-22-110-SB-silber-schwarz.webp?h=630&w=1200,128578951,Magnifica S ECAM 22.110 SB silber/schwarz,kaffeevollautomat
b01243,"DeLonghi Kaffeevollautomat Magnifica S, ECAM 22.110.SB, silber, mit Milchaufschäumer, 1,8 Liter, 2 Kaffeespezialitäten",bueromarkt-ag.de,279.00,De'Longhi,Kaffeevollautomaten,https://cdn.billiger.com/dynimg/bUK4zG7e1WHof0p75-xL_TYW46OkKcDCqhE8nUhH7Pc88MgR1b3VHcWvS03VxtgwM-4E4TpbGhXrUSrfRscAueRireRg0AnZlAdV4l3PSaJ/De-Longhi-Magnifica-S-ECAM-22-110-SB-silber-schwarz.webp?h=630&w=1200,128578951,Magnifica S ECAM 22.110 SB silber/schwarz,kaffeevollautomat
b01244,DeLonghi ECAM 22.110.SB Kaffeevollautomat silber-schwarz,computeruniverse.net,279.00,De'Longhi,Kaffeevollautomaten,https://cdn.billiger.com/dynimg/bUK4zG7e1WHof0p75-xL_TYW46OkKcDCqhE8nUhH7Pc88MgR1b3VHcWvS03VxtgwM-4E4TpbGhXrUSrfRscAueRireRg0AnZlAdV4l3PSaJ/De-Longhi-Magnifica-S-ECAM-22-110-SB-silber-schwarz.webp?h=630&w=1200,128578951,Magnifica S ECAM 22.110 SB silber/schwarz,kaffeevollautomat
b01245,"Magnifica S ECAM 22.110.SB, Vollautomat - silber/schwarz",Alternate,282.00,De'Longhi,Kaffeevollautomaten,https://cdn.billiger.com/dynimg/bUK4zG7e1WHof0p75-xL_TYW46OkKcDCqhE8nUhH7Pc88MgR1b3VHcWvS03VxtgwM-4E4TpbGhXrUSrfRscAueRireRg0AnZlAdV4l3PSaJ/De-Longhi-Magnifica-S-ECAM-22-110-SB-silber-schwarz.webp?h=630&w=1200,128578951,Magnifica S ECAM 22.110 SB silber/schwarz,kaffeevollautomat
b01246,DeLonghi De'Longhi Magnifica S ECAM22.110.SB Kaffeevollautomat Silber-Schwarz,Metro.de,287.54,De'Longhi,Kaffeevollautomaten,https://cdn.billiger.com/dynimg/bUK4zG7e1WHof0p75-xL_TYW46OkKcDCqhE8nUhH7Pc88MgR1b3VHcWvS03VxtgwM-4E4TpbGhXrUSrfRscAueRireRg0AnZlAdV4l3PSaJ/De-Longhi-Magnifica-S-ECAM-22-110-SB-silber-schwarz.webp?h=630&w=1200,128578951,Magnifica S ECAM 22.110 SB silber/schwarz,kaffeevollautomat
b01247,DELONGHI ECAM 22.110 SB Magnifica silber,e-tec,289.00,De'Longhi,Kaffeevollautomaten,https://cdn.billiger.com/dynimg/bUK4zG7e1WHof0p75-xL_TYW46OkKcDCqhE8nUhH7Pc88MgR1b3VHcWvS03VxtgwM-4E4TpbGhXrUSrfRscAueRireRg0AnZlAdV4l3PSaJ/De-Longhi-Magnifica-S-ECAM-22-110-SB-silber-schwarz.webp?h=630&w=1200,128578951,Magnifica S ECAM 22.110 SB silber/schwarz,kaffeevollautomat
b01248,De'Longhi Kaffeevollautomat schwarz Milch­auf­schä­um­er NEUOVP Magnifica S 22.1,ebay.de,272.73,De'Longhi,Kaffeevollautomaten,https://cdn.billiger.com/dynimg/ZOqrVjJuRDVof0p75-xL_So8Pv8-wcLQKhE8nUhH7Pc88MgR1b3VHcWvS03VxtgwLufLdM_tAdGpvrx71LSP_HdYaC7WoNJvDBmnwHYm9Vr/De-Longhi-Magnifica-S-ECAM-22-110-B-schwarz.webp?h=630&w=1200,133866337,Magnifica S ECAM 22.110 B schwarz,kaffeevollautomat
b01249,"De’Longhi Magnifica S - Perfetto Kaffeevollautomat mit klassischem Milchaufschäumer, Espresso- und Cappuccino Kaffeemaschine, Bedienfeld mit Tasten, Schwarz (ECAM22.110.B)",amazon.de,309.00,De'Longhi,Kaffeevollautomaten,https://cdn.billiger.com/dynimg/ZOqrVjJuRDVof0p75-xL_So8Pv8-wcLQKhE8nUhH7Pc88MgR1b3VHcWvS03VxtgwLufLdM_tAdGpvrx71LSP_HdYaC7WoNJvDBmnwHYm9Vr/De-Longhi-Magnifica-S-ECAM-22-110-B-schwarz.webp?h=630&w=1200,133866337,Magnifica S ECAM 22.110 B schwarz,kaffeevollautomat
b01250,"De’Longhi Magnifica S - Perfetto Kaffeevollautomat mit klassischem Milchaufschäumer, Espresso- und Cappuccino Kaffeemaschine, Bedienfeld mit Tasten, Schwarz (ECAM22.110.B)",Amazon Marketplace Kitchen,309.00,De'Longhi,Kaffeevollautomaten,https://cdn.billiger.com/dynimg/ZOqrVjJuRDVof0p75-xL_So8Pv8-wcLQKhE8nUhH7Pc88MgR1b3VHcWvS03VxtgwLufLdM_tAdGpvrx71LSP_HdYaC7WoNJvDBmnwHYm9Vr/De-Longhi-Magnifica-S-ECAM-22-110-B-schwarz.webp?h=630&w=1200,133866337,Magnifica S ECAM 22.110 B schwarz,kaffeevollautomat
b01251,DeLonghi ECAM 22.110B MagnificaS Kaffeevollautomat schwarz - Schwarz,Kaufland.de,346.00,De'Longhi,Kaffeevollautomaten,https://cdn.billiger.com/dynimg/ZOqrVjJuRDVof0p75-xL_So8Pv8-wcLQKhE8nUhH7Pc88MgR1b3VHcWvS03VxtgwLufLdM_tAdGpvrx71LSP_HdYaC7WoNJvDBmnwHYm9Vr/De-Longhi-Magnifica-S-ECAM-22-110-B-schwarz.webp?h=630&w=1200,133866337,Magnifica S ECAM 22.110 B schwarz,kaffeevollautomat
b01252,"DELONGHI ECAM 22.110 B Magnifica S, schwarz",e-tec,350.00,De'Longhi,Kaffeevollautomaten,https://cdn.billiger.com/dynimg/ZOqrVjJuRDVof0p75-xL_So8Pv8-wcLQKhE8nUhH7Pc88MgR1b3VHcWvS03VxtgwLufLdM_tAdGpvrx71LSP_HdYaC7WoNJvDBmnwHYm9Vr/De-Longhi-Magnifica-S-ECAM-22-110-B-schwarz.webp?h=630&w=1200,133866337,Magnifica S ECAM 22.110 B schwarz,kaffeevollautomat
b01253,Delonghi Magnifica S Ecam 22.110.b Black Kaffeemaschine Mit Mahlwerk,Manomano,662.25,De'Longhi,Kaffeevollautomaten,https://cdn.billiger.com/dynimg/ZOqrVjJuRDVof0p75-xL_So8Pv8-wcLQKhE8nUhH7Pc88MgR1b3VHcWvS03VxtgwLufLdM_tAdGpvrx71LSP_HdYaC7WoNJvDBmnwHYm9Vr/De-Longhi-Magnifica-S-ECAM-22-110-B-schwarz.webp?h=630&w=1200,133866337,Magnifica S ECAM 22.110 B schwarz,kaffeevollautomat
b01254,"De Longhi Magnifica S ECAM 22.110.W Kaffeevollautomat Espressomaschine 1,8 L - Weiß/Schwarz",Kaufland.de,406.71,De'Longhi,Kaffeevollautomaten,https://cdn.billiger.com/dynimg/_stgq8QVkr2of0p75-xL_TUzcZ6jPSoMahE8nUhH7Pc88MgR1b3VHcWvS03VxtgwICFaGsFEzl60VkQe91vQw2MpTcVpLUZReFrDhvGwdxS/De-Longhi-Magnifica-S-ECAM-22-110-W-weiss.webp?h=630&w=1200,2388072896,Magnifica S ECAM 22.110 W weiß,kaffeevollautomat
b01255,"De'Longhi DeLonghi Kaffeemaschine ECAM 22.110.W, Kaffeevollautomat, Weiss",Galaxus.de,414.30,De'Longhi,Kaffeevollautomaten,https://cdn.billiger.com/dynimg/_stgq8QVkr2of0p75-xL_TUzcZ6jPSoMahE8nUhH7Pc88MgR1b3VHcWvS03VxtgwICFaGsFEzl60VkQe91vQw2MpTcVpLUZReFrDhvGwdxS/De-Longhi-Magnifica-S-ECAM-22-110-W-weiss.webp?h=630&w=1200,2388072896,Magnifica S ECAM 22.110 W weiß,kaffeevollautomat
b01256,Kaffeemaschine Mit Mahlwerk - De'longhi - Magnifica S - Ecam22.110.w - 4 Rezepte - Weiß,Manomano,499.99,De'Longhi,Kaffeevollautomaten,https://cdn.billiger.com/dynimg/_stgq8QVkr2of0p75-xL_TUzcZ6jPSoMahE8nUhH7Pc88MgR1b3VHcWvS03VxtgwICFaGsFEzl60VkQe91vQw2MpTcVpLUZReFrDhvGwdxS/De-Longhi-Magnifica-S-ECAM-22-110-W-weiss.webp?h=630&w=1200,2388072896,Magnifica S ECAM 22.110 W weiß,kaffeevollautomat
b01257,Kaffeevollautomat E6 Piano Black (EC),Expert,664.97,Jura,Kaffeevollautomaten,https://cdn.billiger.com/dynimg/sNfk4N-8yQCof0p75-xL_TRw84FsWXbs6hE8nUhH7Pc88MgR1b3VHcWvS03VxtgwHd3UO2AbkZ0Vaj8ZqvLm4uCFUGqcl1jEVYe8_FQV8aj/Jura-E6-piano-black-EC.webp?h=630&w=1200,4092516836,E6 piano black (EC),kaffeevollautomat
b01258,JURA E6 (EC) Kaffeevollautomat Piano Black,Media Markt Online Shop,679.00,Jura,Kaffeevollautomaten,https://cdn.billiger.com/dynimg/sNfk4N-8yQCof0p75-xL_TRw84FsWXbs6hE8nUhH7Pc88MgR1b3VHcWvS03VxtgwHd3UO2AbkZ0Vaj8ZqvLm4uCFUGqcl1jEVYe8_FQV8aj/Jura-E6-piano-black-EC.webp?h=630&w=1200,4092516836,E6 piano black (EC),kaffeevollautomat
b01259,JURA E6 (EC) Kaffeevollautomat Piano Black,Saturn Online Shop,679.00,Jura,Kaffeevollautomaten,https://cdn.billiger.com/dynimg/sNfk4N-8yQCof0p75-xL_TRw84FsWXbs6hE8nUhH7Pc88MgR1b3VHcWvS03VxtgwHd3UO2AbkZ0Vaj8ZqvLm4uCFUGqcl1jEVYe8_FQV8aj/Jura-E6-piano-black-EC.webp?h=630&w=1200,4092516836,E6 piano black (EC),kaffeevollautomat
b01260,JURA Kaffeevollautomat 15437 E6 (EC) schwarz,OTTO,689.00,Jura,Kaffeevollautomaten,https://cdn.billiger.com/dynimg/sNfk4N-8yQCof0p75-xL_TRw84FsWXbs6hE8nUhH7Pc88MgR1b3VHcWvS03VxtgwHd3UO2AbkZ0Vaj8ZqvLm4uCFUGqcl1jEVYe8_FQV8aj/Jura-E6-piano-black-EC.webp?h=630&w=1200,4092516836,E6 piano black (EC),kaffeevollautomat
b01261,Jura E6 Piano Black (EC) Kaffeevollautomat,suhl-shop.de,899.00,Jura,Kaffeevollautomaten,https://cdn.billiger.com/dynimg/sNfk4N-8yQCof0p75-xL_TRw84FsWXbs6hE8nUhH7Pc88MgR1b3VHcWvS03VxtgwHd3UO2AbkZ0Vaj8ZqvLm4uCFUGqcl1jEVYe8_FQV8aj/Jura-E6-piano-black-EC.webp?h=630&w=1200,4092516836,E6 piano black (EC),kaffeevollautomat
b01262,Jura E6 EC Piano Black (15437) - Schwarz,Kaufland.de,1249.99,Jura,Kaffeevollautomaten,https://cdn.billiger.com/dynimg/sNfk4N-8yQCof0p75-xL_TRw84FsWXbs6hE8nUhH7Pc88MgR1b3VHcWvS03VxtgwHd3UO2AbkZ0Vaj8ZqvLm4uCFUGqcl1jEVYe8_FQV8aj/Jura-E6-piano-black-EC.webp?h=630&w=1200,4092516836,E6 piano black (EC),kaffeevollautomat
b01263,JURA E6 Full Black (EC) (15802),Best-In-Espresso,699.00,Jura,Kaffeevollautomaten,https://cdn.billiger.com/dynimg/_uQPTAUQdtjof0p75-xL_QSdevi_lu28ahE8nUhH7Pc88MgR1b3VHcWvS03VxtgwIm_9bKmPmM9AsanARYTJsGMEzNylSQnZT9j3bdX7u3A/Jura-E6-full-black-EC.webp?h=630&w=1200,5375092677,E6 full black (EC),kaffeevollautomat
b01264,"JURA E6 Full Black (EC) (15802) - Jura Herstellergarantie, kostenlose Beratung 08001006679",best-in-coffee.de,699.00,Jura,Kaffeevollautomaten,https://cdn.billiger.com/dynimg/_uQPTAUQdtjof0p75-xL_QSdevi_lu28ahE8nUhH7Pc88MgR1b3VHcWvS03VxtgwIm_9bKmPmM9AsanARYTJsGMEzNylSQnZT9j3bdX7u3A/Jura-E6-full-black-EC.webp?h=630&w=1200,5375092677,E6 full black (EC),kaffeevollautomat
b01265,JURA Kaffeevollautomat  E 6 Full Black (EC),holzleitner.de,699.00,Jura,Kaffeevollautomaten,https://cdn.billiger.com/dynimg/_uQPTAUQdtjof0p75-xL_QSdevi_lu28ahE8nUhH7Pc88MgR1b3VHcWvS03VxtgwIm_9bKmPmM9AsanARYTJsGMEzNylSQnZT9j3bdX7u3A/Jura-E6-full-black-EC.webp?h=630&w=1200,5375092677,E6 full black (EC),kaffeevollautomat
b01266,JURA Kaffeevollautomat 15802 E6 Full Black (EC) schwarz,OTTO,699.00,Jura,Kaffeevollautomaten,https://cdn.billiger.com/dynimg/_uQPTAUQdtjof0p75-xL_QSdevi_lu28ahE8nUhH7Pc88MgR1b3VHcWvS03VxtgwIm_9bKmPmM9AsanARYTJsGMEzNylSQnZT9j3bdX7u3A/Jura-E6-full-black-EC.webp?h=630&w=1200,5375092677,E6 full black (EC),kaffeevollautomat
b01267,E6 Full Black (EC) Kaffeevollautomat,Expert,699.00,Jura,Kaffeevollautomaten,https://cdn.billiger.com/dynimg/_uQPTAUQdtjof0p75-xL_QSdevi_lu28ahE8nUhH7Pc88MgR1b3VHcWvS03VxtgwIm_9bKmPmM9AsanARYTJsGMEzNylSQnZT9j3bdX7u3A/Jura-E6-full-black-EC.webp?h=630&w=1200,5375092677,E6 full black (EC),kaffeevollautomat
b01268,"JURA E6 (EC) Full Black, Kaffeevollautomat, TOP-ANGEBOT!",Medimax Alzenau,699.00,Jura,Kaffeevollautomaten,https://cdn.billiger.com/dynimg/_uQPTAUQdtjof0p75-xL_QSdevi_lu28ahE8nUhH7Pc88MgR1b3VHcWvS03VxtgwIm_9bKmPmM9AsanARYTJsGMEzNylSQnZT9j3bdX7u3A/Jura-E6-full-black-EC.webp?h=630&w=1200,5375092677,E6 full black (EC),kaffeevollautomat
b01269,JURA E6 Full Black (EC),kitchenland.de,787.00,Jura,Kaffeevollautomaten,https://cdn.billiger.com/dynimg/_uQPTAUQdtjof0p75-xL_QSdevi_lu28ahE8nUhH7Pc88MgR1b3VHcWvS03VxtgwIm_9bKmPmM9AsanARYTJsGMEzNylSQnZT9j3bdX7u3A/Jura-E6-full-black-EC.webp?h=630&w=1200,5375092677,E6 full black (EC),kaffeevollautomat
b01270,"JURA E6 Full Black (EC) Kaffeevollautomat (Professional Aroma Grinder, Farbdisplay, 280 g Bohnenbehälter, 1,9 l Wassertank, Milchsystem, J.O.E. App) - Schwarz",Kaufland.de,795.65,Jura,Kaffeevollautomaten,https://cdn.billiger.com/dynimg/_uQPTAUQdtjof0p75-xL_QSdevi_lu28ahE8nUhH7Pc88MgR1b3VHcWvS03VxtgwIm_9bKmPmM9AsanARYTJsGMEzNylSQnZT9j3bdX7u3A/Jura-E6-full-black-EC.webp?h=630&w=1200,5375092677,E6 full black (EC),kaffeevollautomat
b01271,JURA E6 Full Black 15802 (EC) Kaffeevollautomat 2025,computeruniverse.net,797.38,Jura,Kaffeevollautomaten,https://cdn.billiger.com/dynimg/_uQPTAUQdtjof0p75-xL_QSdevi_lu28ahE8nUhH7Pc88MgR1b3VHcWvS03VxtgwIm_9bKmPmM9AsanARYTJsGMEzNylSQnZT9j3bdX7u3A/Jura-E6-full-black-EC.webp?h=630&w=1200,5375092677,E6 full black (EC),kaffeevollautomat
b01272,JURA E6 Full Black 15802 (EC) Kaffeevollautomat 2025,Cyberport,797.38,Jura,Kaffeevollautomaten,https://cdn.billiger.com/dynimg/_uQPTAUQdtjof0p75-xL_QSdevi_lu28ahE8nUhH7Pc88MgR1b3VHcWvS03VxtgwIm_9bKmPmM9AsanARYTJsGMEzNylSQnZT9j3bdX7u3A/Jura-E6-full-black-EC.webp?h=630&w=1200,5375092677,E6 full black (EC),kaffeevollautomat
b01273,JURA Kaffeevollautomat  E6 Platin (EC),holzleitner.de,749.00,Jura,Kaffeevollautomaten,https://cdn.billiger.com/dynimg/oKiZpnuVJ0Pof0p75-xL_QwpgyEj1OfJ6hE8nUhH7Pc88MgR1b3VHcWvS03VxtgwEisWauOoBm3TAsaAd0hEan_OUl4hRWTQOeGqJ-dsqkw/Jura-E6-platin-EC.webp?h=630&w=1200,4092520168,E6 platin (EC),kaffeevollautomat
b01274,JURA E6 Platin (EC) (15440),Best-In-Espresso,759.00,Jura,Kaffeevollautomaten,https://cdn.billiger.com/dynimg/oKiZpnuVJ0Pof0p75-xL_QwpgyEj1OfJ6hE8nUhH7Pc88MgR1b3VHcWvS03VxtgwEisWauOoBm3TAsaAd0hEan_OUl4hRWTQOeGqJ-dsqkw/Jura-E6-platin-EC.webp?h=630&w=1200,4092520168,E6 platin (EC),kaffeevollautomat
b01275,"JURA E6 Platin (EC) (15440) - Jura Herstellergarantie, kostenlose Beratung 08001006679",best-in-coffee.de,759.00,Jura,Kaffeevollautomaten,https://cdn.billiger.com/dynimg/oKiZpnuVJ0Pof0p75-xL_QwpgyEj1OfJ6hE8nUhH7Pc88MgR1b3VHcWvS03VxtgwEisWauOoBm3TAsaAd0hEan_OUl4hRWTQOeGqJ-dsqkw/Jura-E6-platin-EC.webp?h=630&w=1200,4092520168,E6 platin (EC),kaffeevollautomat
b01276,E6 Platin (EC) Kaffeevollautomat,Expert,799.00,Jura,Kaffeevollautomaten,https://cdn.billiger.com/dynimg/oKiZpnuVJ0Pof0p75-xL_QwpgyEj1OfJ6hE8nUhH7Pc88MgR1b3VHcWvS03VxtgwEisWauOoBm3TAsaAd0hEan_OUl4hRWTQOeGqJ-dsqkw/Jura-E6-platin-EC.webp?h=630&w=1200,4092520168,E6 platin (EC),kaffeevollautomat
b01277,JURA E6 Platin (EC) Kaffeevollautomat - Grau,coffeefriend.de,899.00,Jura,Kaffeevollautomaten,https://cdn.billiger.com/dynimg/oKiZpnuVJ0Pof0p75-xL_QwpgyEj1OfJ6hE8nUhH7Pc88MgR1b3VHcWvS03VxtgwEisWauOoBm3TAsaAd0hEan_OUl4hRWTQOeGqJ-dsqkw/Jura-E6-platin-EC.webp?h=630&w=1200,4092520168,E6 platin (EC),kaffeevollautomat
b01278,Jura - E6 Platinum Kaffeemaschine - Grau,Kaufland.de,899.00,Jura,Kaffeevollautomaten,https://cdn.billiger.com/dynimg/oKiZpnuVJ0Pof0p75-xL_QwpgyEj1OfJ6hE8nUhH7Pc88MgR1b3VHcWvS03VxtgwEisWauOoBm3TAsaAd0hEan_OUl4hRWTQOeGqJ-dsqkw/Jura-E6-platin-EC.webp?h=630&w=1200,4092520168,E6 platin (EC),kaffeevollautomat
b01279,Kaffeevollautomat JURA E 6 Platin (EC) 1544,Amazon Marketplace Kitchen,899.00,Jura,Kaffeevollautomaten,https://cdn.billiger.com/dynimg/oKiZpnuVJ0Pof0p75-xL_QwpgyEj1OfJ6hE8nUhH7Pc88MgR1b3VHcWvS03VxtgwEisWauOoBm3TAsaAd0hEan_OUl4hRWTQOeGqJ-dsqkw/Jura-E6-platin-EC.webp?h=630&w=1200,4092520168,E6 platin (EC),kaffeevollautomat
b01280,"JURA - E6 Platinum - Automatische Kaffeemaschine mit professioneller Aromamühle, intelligenter Vorwärmung und 11 Spezialitäten",Metro.de,899.01,Jura,Kaffeevollautomaten,https://cdn.billiger.com/dynimg/oKiZpnuVJ0Pof0p75-xL_QwpgyEj1OfJ6hE8nUhH7Pc88MgR1b3VHcWvS03VxtgwEisWauOoBm3TAsaAd0hEan_OUl4hRWTQOeGqJ-dsqkw/Jura-E6-platin-EC.webp?h=630&w=1200,4092520168,E6 platin (EC),kaffeevollautomat
